,Announced,Call records,Resolution,Price,Infrared port,Keyboard,Chipset,_3,CPU,Technology,Model Image,Alert types,Phonebook,Video_1,WLAN,Games,GPRS,NFC,Messaging,Talk time,OS,USB,EDGE,Features,Status,3G bands,Positioning,Radio,Bluetooth,Brand,Sensors,_1,Video,Speed,Features_1,Dimensions,Single,Colors,3.5mm jack,SIM,Size,Weight,Type_1,Internal,2G bands,Browser,Loudspeaker,_2,GPU,Single_1,Model Name,Type,Card slot,4G bands,Java,Stand-by
eMMC 4.5,"2015, May. Released 2015, May",,"1080 x 1920 pixels, 16:9 ratio (~424 ppi density)",,,,Qualcomm MSM8939 Snapdragon 615 (28 nm),,Octa-core (4x1.5 GHz Cortex-A53 & 4x1.0 GHz Cortex-A53),GSM / HSPA / LTE,https://fdn2.gsmarena.com/vv/bigpic/benq-f52.jpg,,,,"Wi-Fi 802.11 b/g/n, hotspot",,,Yes,,Up to 24 h (3G),Android 5.0 (Lollipop),microUSB 2.0,,"LED flash, HDR, panorama",Discontinued,HSDPA 850 / 900 / 1900 / 2100,GPS,No,"4.0, A2DP",BenQ,"Accelerometer, proximity, compass",,Yes,"HSPA, LTE Cat4 150/50 Mbps",LED flash,147 x 74.5 x 9.3 mm (5.79 x 2.93 x 0.37 in),"13 MP, AF","Glam Pink, Chic Gray",Yes,Micro-SIM,"5.2 inches, 74.5 cm2(~68.1% screen-to-body ratio)",142 g (5.01 oz),"Li-Ion 2500 mAh, removable",16GB 2GB RAM,GSM 850 / 900 / 1800 / 1900,,Yes,,Adreno 405,8 MP,BenQ F52,IPS LCD,microSDXC (dedicated slot),LTE 700 / 900 / 1800,,Up to 580 h (3G)
,"2014, October. Released 2014, October",,"720 x 1280 pixels, 16:9 ratio (~294 ppi density)",,,,Mediatek MT6582 (28 nm),,Quad-core 1.3 GHz Cortex-A7,GSM / HSPA,https://fdn2.gsmarena.com/vv/bigpic/benq-b502.jpg,,,,"Wi-Fi 802.11 b/g/n, hotspot",,,No,,Up to 11 h (3G),Android 4.4.2 (KitKat),microUSB 2.0,,LED flash,Discontinued,HSDPA 900 / 2100,GPS,FM radio,"3.0, A2DP",BenQ,"Accelerometer, proximity",,Yes,HSPA 21.1/5.76 Mbps,,144 x 69.7 x 7 mm (5.67 x 2.74 x 0.28 in),"13 MP, AF","Black, White",Yes,"Dual SIM (Mini-SIM/ Micro-SIM, dual stand-by)","5.0 inches, 68.9 cm2(~68.7% screen-to-body ratio)",125 g (4.41 oz),"Li-Ion 1800 mAh, non-removable",16GB 2GB RAM,GSM 900 / 1800 / 1900 - SIM 1 & SIM 2,,Yes,,Mali-400MP2,5 MP,BenQ B502,IPS LCD,microSDHC,,,Up to 430 h (3G)
eMMC 4.5,"2014, September. Released 2014, September",,"540 x 960 pixels, 16:9 ratio (~245 ppi density)",About 80 EUR,,,Qualcomm MSM8926 Snapdragon 400 (28 nm),,Quad-core 1.2 GHz Cortex-A7,GSM / HSPA / LTE,https://fdn2.gsmarena.com/vv/bigpic/benq-t3.jpg,,,,"Wi-Fi 802.11 b/g/n, hotspot",,,No,,Up to 15 h (3G),Android 4.4.2 (KitKat),microUSB 2.0,,"LED flash, HDR, panorama",Discontinued,HSDPA 850 / 900 / 1900 / 2100,GPS,FM radio,"4.0, A2DP",BenQ,"Accelerometer, gyro, proximity, compass",,Yes,"HSPA, LTE Cat4 150/50 Mbps",,131.9 x 66.7 x 8.5 mm (5.19 x 2.63 x 0.33 in),"8 MP, AF","Black, White, Green",Yes,Micro-SIM,"4.5 inches, 55.8 cm2(~63.5% screen-to-body ratio)",128 g (4.52 oz),"Li-Ion 1840 mAh, non-removable",4GB 1GB RAM,GSM 850 / 900 / 1800 / 1900,,Yes,,Adreno 305,VGA,BenQ T3,IPS LCD,microSDXC (dedicated slot),"3, 7",,Up to 450 h (3G)
eMMC 4.5,"2014, September. Released 2014, September",,"720 x 1280 pixels, 16:9 ratio (~294 ppi density)",About 100 EUR,,,Qualcomm MSM8926 Snapdragon 400 (28 nm),,Quad-core 1.2 GHz Cortex-A7,GSM / HSPA / LTE,https://fdn2.gsmarena.com/vv/bigpic/benq-f5.jpg,,,,"Wi-Fi 802.11 b/g/n, Wi-Fi Direct, DLNA, hotspot",,,Yes,,Up to 24 h (3G),Android 4.4.2 (KitKat),microUSB 2.0,,"LED flash, HDR, panorama",Discontinued,HSDPA 850 / 900 / 1900 / 2100,GPS,FM radio,"4.0, A2DP",BenQ,"Accelerometer, gyro, proximity, compass",,Yes,"HSPA, LTE Cat4 150/50 Mbps",,143 x 72.8 x 8.5 mm (5.63 x 2.87 x 0.33 in),"13 MP, AF","Black, White",Yes,Micro-SIM,"5.0 inches, 68.9 cm2(~66.2% screen-to-body ratio)",135 g (4.76 oz),"Li-Ion 2520 mAh, non-removable",16GB 2GB RAM,GSM 850 / 900 / 1800 / 1900,,Yes,,Adreno 305,2 MP,BenQ F5,IPS LCD,microSDXC (dedicated slot),"3, 7",,Up to 550 h (3G)
,"2013, November. Released 2013, November",,"540 x 960 pixels, 16:9 ratio (~245 ppi density)",About 200 EUR,,,Mediatek MT6589 (28 nm),,Quad-core 1.2 GHz Cortex-A7,GSM / HSPA,https://fdn2.gsmarena.com/vv/bigpic/benq-f3.jpg,,,,"Wi-Fi 802.11 b/g/n, Wi-Fi Direct, DLNA, hotspot",,,No,,,Android 4.2.2 (Jelly Bean),microUSB 2.0,,"LED flash, HDR, panorama",Discontinued,HSDPA 900 / 2100,GPS,FM radio,Yes,BenQ,"Accelerometer, gyro, proximity, compass",,Yes,HSPA 42.2/11.5 Mbps,,131.6 x 66.9 x 8.9 mm (5.18 x 2.63 x 0.35 in),"13 MP, AF","White, Red",Yes,Micro-SIM,"4.5 inches, 55.8 cm2(~63.4% screen-to-body ratio)",119 g (4.20 oz),"Li-Ion 2100 mAh, removable",4GB 1GB RAM,GSM 850 / 900 / 1800 / 1900,,Yes,,PowerVR SGX544,2 MP,BenQ F3,IPS LCD,microSDHC (dedicated slot),,,
,"2013, November. Released 2013, November",,"540 x 960 pixels, 16:9 ratio (~245 ppi density)",About 150 EUR,,,Qualcomm MSM8225Q Snapdragon S4 Play,,Quad-core 1.2 GHz Cortex-A5,GSM / HSPA,https://fdn2.gsmarena.com/vv/bigpic/benq-a3.jpg,,,,"Wi-Fi 802.11 b/g/n, Wi-Fi Direct, DLNA, hotspot",,,No,,,Android 4.1.2 (Jelly Bean),microUSB 2.0,,LED flash,Discontinued,HSDPA 900 / 2100,GPS,Stereo FM radio,Yes,BenQ,"Accelerometer, proximity, compass",,Yes,HSPA 7.2/5.76 Mbps,,133.9 x 66 x 10 mm (5.27 x 2.60 x 0.39 in),"8 MP, AF","Black, White",Yes,Mini-SIM,"4.5 inches, 55.8 cm2(~63.2% screen-to-body ratio)",135 g (4.76 oz),"Li-Ion 2000 mAh, removable",4GB 1GB RAM,GSM 850 / 900 / 1800 / 1900,,Yes,,Adreno 203,2 MP,BenQ A3,IPS LCD,microSDHC (dedicated slot),,,
"WallpapersSecond external 1-inch 65K CSTN display, 96 x 64 pixels","2008, July. Released 2008, July",Yes,176 x 220 pixels (~141 ppi density),,,,,,,GSM / UMTS,https://fdn2.gsmarena.com/vv/bigpic/benq-e55.jpg,"Vibration; Downloadable polyphonic, MP3 ringtones",Yes,,No,Yes,,,"SMS, EMS, MMS, Email",Up to 2 h 40 min,,1.2,,,Discontinued,UMTS 2100,No,No,"1.2, A2DP",BenQ,,MP3/MP4 playerOrganizerVoice memo,Yes,"Yes, 384 kbps",,94 x 48 x 19 mm (3.70 x 1.89 x 0.75 in),2 MP,"Red, Brown",No,Mini-SIM,"2.0 inches, 12.6 cm2(~27.9% screen-to-body ratio)",95 g (3.35 oz),Removable Li-Ion 900 mAh battery,45MB,GSM 900 / 1800 / 1900,WAP 2.0/xHTML,Yes,,,VGA videocall camera,BenQ E55,"TFT, 256K colors",microSD (dedicated slot),,"Yes, MIDP 2.0",Up to 180 h
No,"2008, April. Released 2008","10 dialed, 10 received, 10 missed calls",176 x 220 pixels (~141 ppi density),,,,,,,GSM,https://fdn2.gsmarena.com/vv/bigpic/benq-c36.jpg,"Vibration; Downloadable polyphonic, MP3, AAC, WAV, AMR, MIDI ringtones, composer",Yes,,No,Yes,Class 12,,"SMS, EMS, MMS",Up to 2 h 40 min,,1.1,No,,Discontinued,,No,FM radio; scheduled recording,No,BenQ,,Dedicated music keys,Yes,,,108 x 47.2 x 14.2 mm (4.25 x 1.86 x 0.56 in),1.3 MP,Lustrous Blue,No,Mini-SIM,"2.0 inches, 12.6 cm2(~24.7% screen-to-body ratio)",78 g (2.75 oz),Removable Li-Ion 640 mAh battery,,GSM 900 / 1800,WAP 2.0/xHTML,Yes,Dual loud speakersMP3 playerVoice memoHealth managementE-book readerWebcamChatPhoto editor,,,BenQ C36,"TFT, 256K colors",microSD (dedicated slot),,"Yes, MIDP 2.0",Up to 180 h
WallpapersSecond external 1-inch OLED display,"2008, March. Released 2008",Yes,176 x 220 pixels (~141 ppi density),,,,,,,GSM / UMTS,https://fdn2.gsmarena.com/vv/bigpic/benq-e53.jpg,"Vibration; Downloadable polyphonic, MP3 ringtones",Yes,,No,Yes,,,"SMS, EMS, MMS, Email",,,1.2,,,Discontinued,UMTS 2100,No,No,2.0,BenQ,,MP3/MP4 playerVoice memoPhoto editor,Yes,"Yes, 384 kbps",,93 x 47 x 17 mm (3.66 x 1.85 x 0.67 in),1.3 MP,Black,No,Mini-SIM,"2.0 inches, 12.6 cm2(~28.8% screen-to-body ratio)",90 g (3.17 oz),Removable Li-Ion 900 mAh battery,45MB,GSM 900 / 1800 / 1900,WAP 2.0/xHTML,Yes,,,Yes,BenQ E53,"TFT, 256K colors",microSD (dedicated slot),,"Yes, MIDP 2.0",
No,"2008, March. Released 2008",Yes,"240 x 320 pixels, 4:3 ratio (~182 ppi density)",,,,,,,GSM,https://fdn2.gsmarena.com/vv/bigpic/benq-t60.jpg,"Vibration; Downloadable polyphonic, MIDI, MP3 ringtones",Yes,,No,Yes,Class 12,,"SMS, MMS, EMS, Email",Up to 2 h 30 min,,1.2,No,,Discontinued,,No,FM radio; scheduled recording,"1.1, A2DP",BenQ,,MP3/MP4/3GP playerCaller BlacklistPhoto ArtistVoice memo,Yes,,,109 x 46 x 8.9 mm (4.29 x 1.81 x 0.35 in),3.15 MP,Sleek black,No,Mini-SIM,"2.2 inches, 15.0 cm2(~29.9% screen-to-body ratio)",80 g (2.82 oz),Removable Li-Ion 750 mAh battery,24MB,GSM 900 / 1800,WAP 2.0/xHTML,Yes,,,,BenQ T60,"TFT, 256K colors",microSD (dedicated slot),,"Yes, MIDP 2.0",Up to 180 h
MP3/AAC/AAC/eAAC+/XMF playerMP4/3GP playerVoice memo,"2007, Q4",Yes,"240 x 320 pixels, 4:3 ratio (~200 ppi density)",,,,Qualcomm 6250A,,,GSM / UMTS,https://fdn2.gsmarena.com/vv/bigpic/benq-m7.gif,Vibration; Downloadable polyphonic ringtones,Yes,,No,Yes,,,"SMS, MMS, EMS, Email",Up to 5 h,,1.1,,,Cancelled,UMTS 2100,"GPS, A-GPS",No,1.1,BenQ,,,480p,"Yes, 384 kbps",,105 x 47.5 x 16.8 mm (4.13 x 1.87 x 0.66 in),2 MP,Charcoal with crimson trim,No,Mini-SIM,"2.0 inches, 12.4 cm2(~24.8% screen-to-body ratio)",93 g (3.28 oz),Removable Li-Ion 920 mAh battery,50MB,GSM 900 / 1800 / 1900,WAP 2.0/xHTML,Yes,,,VGA videocall camera,BenQ M7,"TFT, 256K colors",microSD,,"Yes, MIDP 2.0",Up to 400 h
Wallpapers,"2007, August",,"240 x 320 pixels, 4:3 ratio (~200 ppi density)",About 120 EUR,,,TI OMAP V1030,,260 MHz,GSM,https://fdn2.gsmarena.com/vv/bigpic/benq-e72.gif,"Vibration; Downloadable polyphonic, MP3, MIDI, Flash ringtones",,,Wi-Fi 802.11 b/g,,Class 10,,,Up to 4 h,Microsoft Windows Mobile 6.0,2.0,Yes,,Discontinued,,No,No,"2.0, A2DP",BenQ,,No,Yes,,,108 x 46 x 13 mm (4.25 x 1.81 x 0.51 in),2 MP,Bright red,No,Mini-SIM,"2.0 inches, 12.4 cm2(~24.9% screen-to-body ratio)",90 g (3.17 oz),Removable Li-Ion 900 mAh battery,128MB 64MB RAM,GSM 850 / 900 / 1800 / 1900,"WAP 2.0/xHTML, HTML, Email, MSN",Yes,MP3/AAC/AAC+/WAV/WMA playerMP4/WMV/3GP playerVoice memo,,,BenQ E72,"TFT, 65K colors",microSD (dedicated slot),,,Up to 180 h
Wallpapers,"2007, September","10 dialed, 10 received, 10 missed calls",128 x 160 pixels (~114 ppi density),,,,,,,GSM,https://fdn2.gsmarena.com/vv/bigpic/benq-c30.gif,"Vibration; Downloadable polyphonic, MP3, AAC, WAV, AMR, MIDI ringtones",Yes,,No,Yes,Class 12,,"SMS, EMS, MMS",Up to 4 h,,1.1,No,,Cancelled,,No,FM radio,No,BenQ,,No,Yes,,,108 x 47.3 x 14.4 mm (4.25 x 1.86 x 0.57 in),VGA,Vibrant grey,No,Mini-SIM,"1.8 inches, 10.2 cm2(~20.0% screen-to-body ratio)",77 g (2.72 oz),Removable Li-Ion 650 mAh battery,,GSM 900 / 1800,WAP 2.0/xHTML,Yes,"E-book readerHealth managementMP3, AAC, WAV playerVoice memo",,,BenQ C30,"TFT, 256K colors",microSD,,"Yes, MIDP 2.0",Up to 250 h
"Second external mono OLED display 128 x 32 pixels, 1 inchWallpapers","2007, August","10 dialed, 10 received, 10 missed calls",176 x 220 pixels (~157 ppi density),,,,,,,GSM,https://fdn2.gsmarena.com/vv/bigpic/benq-t51.gif,"Vibration; Polyphonic(64), MP3, MIDI, iMelody ringtones",Yes,,No,Yes,Class 10,,"SMS, MMS",Up to 3 h 30 min,,1.1,No,,Cancelled,,No,FM radio,1.2,BenQ,,No,Yes,,,86.4 x 45.3 x 20.8 mm (3.40 x 1.78 x 0.82 in),2 MP,"Burnished graphite, Peach essence",No,Mini-SIM,"1.8 inches, 10.2 cm2(~26.1% screen-to-body ratio)",85.5 g (3.00 oz),Removable Li-Ion 750 mAh battery,23MB,GSM 900 / 1800 / 1900,WAP 2.0/xHTML,No,Webcam funcitonPredictive text inputStopwatchOrganizer,,,BenQ T51,"TFT, 256K colors",microSD,,"Yes, MIDP 2.0",Up to 150 h
Wallpapers,"2007, August","10 dialed, 10 received, 10 missed calls",176 x 220 pixels (~157 ppi density),,,,,,,GSM,https://fdn2.gsmarena.com/vv/bigpic/benq-t33.gif,"Vibration; Downloadable polyphonic, MP3, MIDI, Flash ringtones",Yes,,No,Yes,Class 10,,"SMS, MMS",Up to 3 h 30 min,,1.1,No,,Cancelled,,No,FM radio,"1.2, A2DP",BenQ,,No,Yes,,,92 x 48 x 19 mm (3.62 x 1.89 x 0.75 in),2 MP,Black Rock,No,Mini-SIM,"1.8 inches, 10.2 cm2(~23.1% screen-to-body ratio)",85 g (3.00 oz),Removable Li-Ion 750 mAh battery,23MB,GSM 900 / 1800 / 1900,WAP 2.0/xHTML,No,MP3 playerWebcam functionPredictive text inputStopwatchOrganizer,,,BenQ T33,"TFT, 256K colors",microSD,,"Yes, MIDP 2.0",Up to 150 h
Wallpapers,"2006, February","100 dialed, 100 received, 100 missed calls","240 x 320 pixels, 4:3 ratio (~200 ppi density)",,,,,,,GSM,https://fdn2.gsmarena.com/vv/bigpic/benq-el71.gif,"Vibration; Downloadable polyphonic, MP3 ringtones","1000 x 20 fields, Photo call",,No,Yes,Class 10,,"SMS, EMS, MMS",Up to 4 h,,2.0,Class 10,LED flash,Discontinued,,No,No,"1.2, A2DP",BenQ,,No,Yes,,,90 x 46.3 x 16.5 mm (3.54 x 1.82 x 0.65 in),1.3 MP,Vibrant grey,No,Mini-SIM,"2.0 inches, 30 x 40 mm, 12.4 cm2(~29.7% screen-to-body ratio)",94 g (3.32 oz),Removable Li-Ion 570 mAh battery,16MB,GSM 900 / 1800 / 1900,"WAP 2.0/xHTML, Email",No,MP3/AAC/WAV playerPredictive text inputStopwatchOrganizerVoice memo,,,BenQ EL71,"TFT, 256K colors",microSD (dedicated slot),,"Yes, MIDP 2.0",Up to 280 h
Second external mono OLED display 96 x 32 pixelsWallpapers,"2006, Q1","10 dialed, 10 received, 10 missed calls",128 x 160 pixels (~114 ppi density),,,,,,,GSM,https://fdn2.gsmarena.com/vv/bigpic/benq-m580.gif,Polyphonic(40) ringtones,500 entries,,No,2 + downloadable,Class 10,,"SMS, MMS",Up to 5 h 30 min,,No,No,,Discontinued,,No,No,1.2,BenQ,,No,No,,,88 x 44 x 22 mm (3.46 x 1.73 x 0.87 in),VGA,"Mercury Silver, Ebony Black, Pearl White",No,Mini-SIM,"1.8 inches, 29 x 35 mm, 10.2 cm2(~26.3% screen-to-body ratio)",95 g (3.35 oz),Removable Li-Ion 870 mAh battery,2MB,GSM 900 / 1800 / 1900,WAP 2.0/xHTML,No,Predictive text inputStopwatchOrganizer,,,BenQ M580,"CSTN, 65K colors",No,,"Yes, MIDP 2.0",Up to 155 h
WallpapersDownloadable pictures,"2005, Q1","10 dialed, 10 received, 10 missed calls",176 x 220 pixels,,Yes,,,,,GSM,https://fdn2.gsmarena.com/vv/bigpic/bqu700.gif,"Vibration; Downloadable polyphonic, MP3 ringtones",500 entries,,No,Yes,Class 10,,"SMS, EMS, MMS, EMail",Up to 4 h,,Proprietary,No,LED flash,Cancelled,,No,No,No,BenQ,,No,Yes,,,97 x 46 x 27 mm (3.82 x 1.81 x 1.06 in),1.3 MP,,No,Mini-SIM,,135 g (4.76 oz),Removable Li-Ion 1000 mAh battery,,GSM 900 / 1800 / 1900,WAP 2.0/xHTML,No,MP3/MP4 playeriTapPhoto editorOrganizer,,,BenQ U700,"TFT, 256K colors",miniSD,,Yes,Up to 200 h
WallpapersDownloadable pictures,"2005, Q1","10 dialed, 10 received, 10 missed calls","128 x 128 pixels, 1:1 ratio (~121 ppi density)",,,,,MP3 playerChangeable front and back coversiTapVoice memoOrganizer,,GSM,https://fdn2.gsmarena.com/vv/bigpic/bqz2.gif,"Vibration; Downloadable polyphonic, MP3 ringtones, composer",500 entries,,No,Yes,Class 10,,"SMS, EMS, MMS",Up to 5 h,,Proprietary,No,LED flash,Discontinued,,No,FM radio,No,BenQ,,No,No,,,66 x 66 x 20 mm (2.60 x 2.60 x 0.79 in),1.3 MP,"Vanilla White, Berry Blue, Wasabi Green, Bubblegum Pink",No,Mini-SIM,"1.5 inches, 27 x 27 mm, 7.3 cm2(~16.7% screen-to-body ratio)",106 g (3.74 oz),Removable Li-Ion 1000 mAh battery,60MB,GSM 900 / 1800 / 1900,WAP 2.0/xHTML,Yes,3D surround sound,,,BenQ Z2,"TFT, 256K colors",miniSD,,Yes,Up to 150 h
Wallpapers,"2005, Q1","10 dialed, 10 received, 10 missed calls","128 x 128 pixels, 1:1 ratio (~121 ppi density)",,,,,iTapStopwatchOrganizer,,GSM,https://fdn2.gsmarena.com/vv/bigpic/benq-m315.gif,"Polyphonic(16) - SMAF, iMelody, Midi ringtones",500 entries,,No,"Eda Mouse, Cherry Boy",Class 10,,"SMS, MMS",Up to 5 h,,Proprietary,No,,Discontinued,,No,No,1.1,BenQ,,300 SMS messages20 CIF(352 x 288) photos,No,,,102 x 44 x 18 mm (4.02 x 1.73 x 0.71 in),CIF,Express Silver,No,Mini-SIM,"1.5 inches, 27 x 27 mm, 7.3 cm2(~16.2% screen-to-body ratio)",86 g (3.03 oz),Removable Li-Ion 760 mAh battery,,GSM 900 / 1800 / 1900,WAP 2.0/xHTML,No,No,,,BenQ M315,"CSTN, 65K colors",No,,No,Up to 140 h
Wallpapers,"2005, Q1","10 dialed, 10 received, 10 missed calls","128 x 128 pixels, 1:1 ratio (~121 ppi density)",,,,,iTapStopwatchOrganizer,,GSM,https://fdn2.gsmarena.com/vv/bigpic/benq-m220.gif,"Vibration; Polyphonic(16) - SMAF, iMelody, Midi ringtones",500 entries,,No,"Eda Mouse, Cherry Boy",Class 10,,"SMS, EMS, MMS",Up to 5 h,,Proprietary,No,,Discontinued,,No,FM radio,No,BenQ,,300 SMS messages,,,,102 x 44 x 18 mm (4.02 x 1.73 x 0.71 in),,"Cool Silver, Stark White, Crystal Black",No,Mini-SIM,"1.5 inches, 27 x 27 mm, 7.3 cm2(~16.2% screen-to-body ratio)",86 g (3.03 oz),Removable Li-Ion 760 mAh battery,,GSM 900 / 1800 / 1900,WAP 2.0/xHTML,No,No,,,BenQ M220,"CSTN, 65K colors",No,,No,Up to 140 h
"Second CSTN display (96 x 64 pixels), 65K colorsWallpapersDownloadable pictures","2005, Q1","10 dialed, 10 received, 10 missed calls",176 x 220 pixels (~141 ppi density),,Yes,,,,,GSM / UMTS,https://fdn2.gsmarena.com/vv/bigpic/bqs80.gif,"Vibration; Downloadable polyphonic, MP3 ringtones","500 entries, Photo call",,No,Yes,,,"SMS, MMS",Up to 4 h,,Proprietary,,LED flash,Discontinued,UMTS 2100,No,No,1.1,BenQ,,CIF videocall camera,Yes,"Yes, 384 kbps",,90 x 45 x 24 mm (3.54 x 1.77 x 0.94 in),1.3 MP,"Red, Black",No,Mini-SIM,"2.0 inches, 31 x 39 mm, 12.6 cm2(~31.1% screen-to-body ratio)",110 g (3.88 oz),Removable Li-Ion 840 mAh battery,10MB,GSM 900 / 1800,WAP 2.0/xHTML,No,MP3/MP4 playeriTapOrganizer,,,BenQ S80,"TFT, 256K colors",miniSD,,"Yes, MIDP 2.0",Up to 300 h
"Second external OLED, 65K colors display (96 x 39 pixels)WallpapersDownloadable pictures","2005, Q1","10 dialed, 10 received, 10 missed calls","128 x 128 pixels, 1:1 ratio (~121 ppi density)",,,,,,,GSM,https://fdn2.gsmarena.com/vv/bigpic/bqa520.gif,"Vibration; Downloadable polyphonic ringtones, composer",500 entries,,No,Yes,Class 10,,"SMS, EMS, MMS",Up to 3 h,,Proprietary,No,,Discontinued,,No,No,No,BenQ,,No,No,,,82.5 x 44.8 x 22.6 mm (3.25 x 1.76 x 0.89 in),VGA,"Black, White",No,Mini-SIM,"1.5 inches, 27 x 27 mm, 7.3 cm2(~19.6% screen-to-body ratio)",96 g (3.39 oz),Removable Li-Ion 700 mAh battery,2MB,GSM 900 / 1800 / 1900,WAP 2.0/xHTML,No,Webcamera functioniTapPhoto editorOrganizer,,,BenQ A520,"OLED, 65K colors",No,,"Yes, MIDP 1.0",Up to 120 h
"Second external STN, 65K colors display (96 x 32 pixels)","2005, Q2","10 dialed, 10 received, 10 missed calls","128 x 128 pixels, 1:1 ratio (~121 ppi density)",,,,,,,GSM,https://fdn2.gsmarena.com/vv/bigpic/benq-m350.gif,Vibration; Polyphonic(16) ringtones,"500 entries, Photo call",,No,Yes,Yes,,"SMS, EMS, MMS",Up to 5 h,,Proprietary,No,,Discontinued,,No,No,No,BenQ,,No,Yes,,,83 x 45 x 23 mm (3.27 x 1.77 x 0.91 in),CIF,"Black, White",No,Mini-SIM,"1.5 inches, 27 x 27 mm, 7.3 cm2(~19.4% screen-to-body ratio)",85 g (3.00 oz),Removable Li-Ion 740 mAh battery,,GSM 900 / 1800 / 1900,WAP 2.0/xHTML,No,iTapPhoto editorOrganizer,,,BenQ M350,"CSTN, 65K colors",No,,Yes,Up to 200 h
"Second external CSTN display, 4096 colorsWallpapers, themesDownloadable pictures","2004, Q4","30 dialed, 30 received, 30 missed calls",128 x 160 pixels (~108 ppi density),,Yes,,,Predictive text inputMedia viewerOrganizer,,GSM,https://fdn2.gsmarena.com/vv/bigpic/bqa500.gif,"Vibration; Downloadable polyphonic ringtones, composer","500 x 8 fields, Photo call",,No,3 + 2 pre-loaded Java games + downloadable,Class 10,,"SMS, EMS, MMS",Up to 3 h,,,No,,Discontinued,,No,No,No,BenQ,,1000 short messages,Yes,,,83.5 x 45 x 23.1 mm (3.29 x 1.77 x 0.91 in),VGA,"3 - Electric Blue, Cool Pink, Funky Gold",No,Mini-SIM,"1.9 inches, 30 x 37 mm, 11.4 cm2(~30.2% screen-to-body ratio)",98 g (3.46 oz),Removable Li-Ion 700 mAh battery,20MB,GSM 900 / 1800 / 1900,WAP 2.0/xHTML,No,No,,,BenQ A500,"TFT, 256K colors",No,,Yes,Up to 180 h
Second external OLED display 96 x 39 pixelsWallpapersDownloadable pictures,"2004, Q3","10 dialed, 10 received, 10 missed calls","128 x 128 pixels, 1:1 ratio (~121 ppi density)",,,,,,,GSM,https://fdn2.gsmarena.com/vv/bigpic/bqs680c.gif,Vibration; Downloadable polyphonic ringtones,500,,No,Yes + downloadable,Class 10,,"SMS, MMS",Up to 3 h,,,No,,Discontinued,,No,No,No,BenQ,,No,No,,,81 x 44 x 22 mm (3.19 x 1.73 x 0.87 in),VGA,,No,Mini-SIM,"1.5 inches, 27 x 27 mm, 7.3 cm2(~20.4% screen-to-body ratio)",80 g (2.82 oz),Removable Li-Ion battery,,GSM 900 / 1800 / 1900,WAP 2.0/xHTML,No,Predictive text inputOrganizer,,,BenQ S680C,"CSTN, 65K colors",No,,"Yes, MIDP 1.0",Up to 100 h
WallpapersDownloadable pictures,"2004, Q1",,"240 x 320 pixels, 4:3 ratio (~143 ppi density)",,Yes,QWERTY,,MP3/MP4 playerHandwriting recognitionPocket OfficeVoice command,Intel PXA272 416 MHz,GSM,https://fdn2.gsmarena.com/vv/bigpic/bqp50.gif,"Vibration; Downloadable polyphonic, MP3 ringtones",,,Wi-Fi 802.11b,,Class 10,,,Up to 4 h,Microsoft Windows PocketPC 2003 Phone edition,Proprietary,No,,Discontinued,,No,No,1.1,BenQ,,,Yes,,,122 x 60 x 20 mm (4.80 x 2.36 x 0.79 in),1.3 MP,,No,Mini-SIM,"2.8 inches, 42 x 57 mm, 24.3 cm2(~33.2% screen-to-body ratio)",170 g (6.00 oz),Removable Li-Ion 1240 mAh battery,"64MB RAM, 64MB ROM",GSM 850 / 900 / 1800 / 1900,"WAP 2.0/xHTML, HTML",Yes,No,,,BenQ P50,"TFT resistive touchscreen, 65K colors","MMC/SDIO, up to 2 GB",,,Up to 120 h
WallpapersDownloadable pictures,"2004, Q1",,"208 x 320 pixels, 3:2 ratio",,Yes,,TI OMAP V1030,,144 MHz,GSM,https://fdn2.gsmarena.com/vv/bigpic/bqp31.gif,Vibration; Downloadable polyphonic ringtones,,,No,,Class 10,,,Up to 5 h,"Symbian 7.0, UIQ v2.1 UI",Proprietary,No,,Discontinued,,No,No,1.1,BenQ,,No,Yes,,,118 x 52 x 17 mm (4.65 x 2.05 x 0.67 in),1.3 MP,,No,Mini-SIM,,150 g (5.29 oz),Removable Li-Ion battery,,GSM 900 / 1800 / 1900,WAP 2.0/xHTML,Yes,MP3/MP4 playerHandwriting recognitioniTap,,,BenQ P31,"TFT resistive touchscreen, 65K colors",SD/MMC,,,Up to 120 h
WallpapersDownloadable pictures,"2004, Q1",,"208 x 320 pixels, 3:2 ratio (~147 ppi density)",,Yes,,TI OMAP V1030,,144 MHz,GSM,https://fdn2.gsmarena.com/vv/bigpic/bqp30.gif,Vibration; Downloadable polyphonic ringtones,,,No,,Class 10,,,Up to 5 h,"Symbian 7.0, UIQ v2.1 UI",Proprietary,No,,Discontinued,,No,No,1.1,BenQ,,No,Yes,,,118 x 52 x 17 mm (4.65 x 2.05 x 0.67 in),VGA,,No,Mini-SIM,"2.6 inches, 36 x 55 mm, 19.9 cm2(~32.5% screen-to-body ratio)",150 g (5.29 oz),Removable Li-Ion battery,,GSM 900 / 1800 / 1900,"WAP 2.0/xHTML, HTML (Opera)",Yes,MP3/MP4 playerHandwriting recognitioniTap,,,BenQ P30,"TFT resistive touchscreen, 256K colors",SD/MMC,,,Up to 120 h
"Second CSTN display (96 x 64 pixels), 4096 colorsAnimated wallpapersDownloadable pictures","2004, Q1","30 dialed, 30 received, 30 missed calls",128 x 160 pixels (~114 ppi density),,Yes,,,,,GSM,https://fdn2.gsmarena.com/vv/bigpic/bqs700.gif,"Vibration; Downloadable polyphonic ringtones, composer","500 entries, Photo call",,No,4 + downloadable,Class 10,,"SMS, EMS, MMS",Up to 3 h,,Proprietary,No,LED flash,Discontinued,,No,No,No,BenQ,,No,Yes,,,82 x 41 x 21 mm (3.23 x 1.61 x 0.83 in),1.3 MP,"3 - Mysterious Black, Classic Silver, Progressive Blue",No,Mini-SIM,"1.8 inches, 29 x 35 mm, 10.2 cm2(~30.3% screen-to-body ratio)",90 g (3.17 oz),Removable Li-Ion battery,15MB,GSM 900 / 1800 / 1900,WAP 2.0/xHTML,Yes,MP3/MP4 playerPredictive text inputOrganizer,,,BenQ S700,"TFT, 256K colors",miniSD,,"Yes, MIDP 2.0",Up to 100 h
WallpapersDownloadable pictures,"2004, Q1","10 dialed, 10 received, 10 missed calls","128 x 128 pixels, 1:1 ratio (~121 ppi density)",,,,,iTapStopwatchOrganizerExchangeable covers,,GSM,https://fdn2.gsmarena.com/vv/bigpic/bqm300.gif,"Vibration; Downloadable polyphonic - SMAF, iMelody, Midi ringtones",500,,No,"Eda Mouse, Cherry Boy",Class 10,,"SMS, EMS, MMS",Up to 5 h,,,No,,Discontinued,,No,No,No,BenQ,,No,No,,,102 x 44 x 18 mm (4.02 x 1.73 x 0.71 in),CIF,Arctic White,No,Mini-SIM,"1.5 inches, 27 x 27 mm, 7.3 cm2(~16.2% screen-to-body ratio)",86 g (3.03 oz),Removable Li-Ion 760 mAh battery,,GSM 900 / 1800 / 1900,WAP 2.0/xHTML,No,"Formats: SMAF, iMelody, Midi",,,BenQ M300,"CSTN, 65K colors",No,,No,Up to 230 h
WallpapersDownloadable pictures,"2004, Q1","30 received, dialed and missed calls","128 x 128 pixels, 1:1 ratio (~121 ppi density)",,,,,,,GSM,https://fdn2.gsmarena.com/vv/bigpic/bqm100.gif,Vibration; Downloadable polyphonic ringtones,500,,No,"3 - Box World, Mini Mouse, Cherry Boy",No,,SMS,Up to 3 h,,,No,,Discontinued,,No,No,No,BenQ,,No,,,,102 x 44 x 18 mm (4.02 x 1.73 x 0.71 in),,"White, Dark blue, Claret, Gray",No,Mini-SIM,"1.5 inches, 27 x 27 mm, 7.3 cm2(~16.2% screen-to-body ratio)",86 g (3.03 oz),Removable Li-Ion 760 mAh battery,,GSM 900 / 1800 / 1900,,No,iTapOrganizerExchangeable covers,,,BenQ M100,"CSTN, 65K colors",No,,No,Up to 120 h
Second external OLED display 96 x 39 pixelsWallpapersDownloadable pictures,"2004, Q1","10 dialed, 10 received, 10 missed calls","128 x 128 pixels, 1:1 ratio (~121 ppi density)",,,,,iTapOrganizerVoice memoVoice dial,,GSM,https://fdn2.gsmarena.com/vv/bigpic/bqs670c.gif,"Vibration; Downloadable polyphonic ringtones, composer",500 entries,,No,Yes,Class 10,,"SMS, EMS, MMS",Up to 3 h,,,No,,Discontinued,,No,No,No,BenQ,,300KB memory for Java applications,No,,,81 x 44 x 22 mm (3.19 x 1.73 x 0.87 in),VGA,"2 - Genie silver, Party blue",No,Mini-SIM,"1.5 inches, 27 x 27 mm, 7.3 cm2(~20.4% screen-to-body ratio)",80 g (2.82 oz),Removable Li-Ion battery,,GSM 900 / 1800 / 1900,WAP 2.0/xHTML,No,No,,,BenQ S670C,"CSTN, 65K colors",No,,"Yes, MIDP 1.0",Up to 100 h
Second external OLED display 96 x 39 pixelsWallpapersDownloadable pictures,"2004, Q1","10 dialed, 10 received, 10 missed calls","128 x 128 pixels, 1:1 ratio (~121 ppi density)",,,,,,,GSM,https://fdn2.gsmarena.com/vv/bigpic/bqs660c.gif,"Vibration; Downloadable polyphonic ringtones, composer",500 entries,,No,"2 - Champion Soccer, Dragon Fight",Class 6,,"SMS, EMS",Up to 3 h,,,No,,Discontinued,,No,No,No,BenQ,,No,,,,81 x 44 x 21 mm (3.19 x 1.73 x 0.83 in),,"3 - Light White, Sky Silver, Horizon Purple",No,Mini-SIM,"1.5 inches, 27 x 27 mm, 7.3 cm2(~20.4% screen-to-body ratio)",75 g (2.65 oz),Removable Li-Ion battery,,GSM 900 / 1800 / 1900,WAP 2.0/xHTML,No,iTapVoice memoOrganizer,,,BenQ S660C,"TFT, 65K colors",No,,"Yes, MIDP 1.0",Up to 100 h
Downloadable pictures,"2003, Q1","10 dialed, 10 received, 10 missed calls","98 x 64 pixels, 3:2 ratio",,,,,,,GSM,https://fdn2.gsmarena.com/vv/bigpic/bqm775c.gif,"Vibration; Downloadable polyphonic ringtones, composer",Yes,,No,Yes,Class 10,,"SMS, EMS",Up to 3 h,,,No,,Discontinued,,No,No,No,BenQ,,No,,,,99 x 42 x 15 mm (3.90 x 1.65 x 0.59 in),,,No,Mini-SIM,,85 g (3.00 oz),Removable Li-Ion battery,,GSM 900 / 1800,WAP 1.2.1,No,iTapOrganizerSynchronization,,,BenQ M775C,"CSTN, 4096 colors",No,,No,Up to 150 h
