,Triple,Resolution,Penta,Price,Display,Type_1,512GB 12GB RAM,Video,_2,GPU,Card slot,Chipset,Charging,Technology,Announced,Type,OS,Single_1,Features_1,Brand,5G bands,Dual_1,Protection,Radio,256GB 8GB RAM,Performance,CPU,_4,Video_1,EDGE,Weight,Build,SIM,Internal,Single,_3,Size,3.5mm jack,_1,Camera,Loudspeaker_1,Status,Model Image,Languages,USB,Sensors,Battery (old),GPRS,Model Name,3G bands,Speed,Loudspeaker,Bluetooth,256GB 12GB RAM,Dual,Colors,4G bands,WLAN,Positioning,NFC,Quad,2G bands,Features,Dimensions,SAR
CDMA 800 / 1900,,"1200 x 1920 pixels, 16:10 ratio (~207 ppi density)",,About 330 EUR,,30000 mAh,,1080p@60fps,Tuned by Harman Kardon,Mali-G615 MC2,Unspecified,Mediatek Dimensity 7300 (4 nm),55W wired,GSM / CDMA / HSPA / LTE / 5G,"2024, December 09","IPS LCD, 90Hz, 360 nits","Android 14, Doke OS_P 4.0",,,Blackview,"1, 3, 5, 7, 8, 20, 28, 38, 40, 41, 77, 78, 79 SA/NSA",,Corning Gorilla Glass 5,FM Radio,,,Octa-core (4x2.5 GHz Cortex-A78 & 4x2.0 GHz Cortex-A55),,1080p@30fps,,1214 g (2.68 lb),,Nano-SIM + Nano-SIM,"256GB 12GB RAM, 512GB 12GB RAM","50 MP, (wide)",,"10.95 inches, 347.7 cm2(~72.6% screen-to-body ratio)",Yes,IP68/IP69K dust/water resistant (up to 1.5m for 30 min)MIL-STD-810H compliantDedicated flood flashlight,,,"Available. Released 2024, December 09",https://fdn2.gsmarena.com/vv/bigpic/blackview-active-10-pro.jpg,,"USB Type-C 2.0, OTG","Accelerometer, gyro, proximity, compass, barometer",,,Blackview Active 10 Pro,HSDPA 800 / 850 / 900 / 1700(AWS) / 1900 / 2100,"HSPA, LTE, 5G","Yes, with stereo speakers","5.4, A2DP, LE",,"108 MP, (wide)20 MP, (night vision)","Black, Orange","1, 2, 3, 4, 5, 7, 8, 12, 13, 17, 18, 19, 20, 25, 26, 28, 30, 34, 38, 39, 40, 41, 66","Wi-Fi 802.11 a/b/g/n/ac/6, dual-band","GPS, GLONASS, GALILEO, BDS",Yes,,GSM 850 / 900 / 1800 / 1900,LED flash,267.6 x 179 x 19.5 mm (10.54 x 7.05 x 0.77 in),1.34 W/kg (body)
UFS 2.2,"50 MP, (wide), PDAF2 MP, (macro)2 MP, (depth)","720 x 1604 pixels, 20:9 ratio (~264 ppi density)",,,,5000 mAh,,"4K@30fps, 1080p@30fps",,,microSDXC (uses shared SIM slot),Unisoc T820,18W wired,GSM / HSPA / LTE / 5G,"2024, October","IPS LCD, 90Hz, 700 nits","Android 14, Doke OS 4.0",,,Blackview,"1, 2, 3, 5, 7, 8, 20, 26, 28, 38, 40, 41, 66, 77, 78 SA/NSA",,,FM radio,,,,,1080p@30fps,,200 g (7.05 oz),,Nano-SIM + Nano-SIM,256GB 8GB RAM,"8 MP, (wide)",,"6.67 inches, 107.2 cm2(~86.1% screen-to-body ratio)",Yes,,,,"Available. Released 2024, November",https://fdn2.gsmarena.com/vv/bigpic/blackview-shark-9.jpg,,"USB Type-C 2.0, OTG","Fingerprint (side-mounted), accelerometer, proximity",,,Blackview Shark 9,HSDPA 850 / 900 / 1900 / 2100,"HSPA, LTE, 5G","Yes, with stereo speakers","5.0, A2DP, LE",,,"Starry Rock Black, Azure Wave Blue","1, 2, 3, 4, 5, 7, 8, 12, 17, 19, 20, 26, 28, 38, 39, 40, 41, 66","Wi-Fi 802.11 a/b/g/n/ac, dual-band","GPS, GLONASS, GALILEO, BDS",Yes,,GSM 850 / 900 / 1800 / 1900,"LED flash, HDR, panorama",164.8 x 75.6 x 8.7 mm (6.49 x 2.98 x 0.34 in),
UFS 2.1,,"1200 x 1920 pixels, 16:10 ratio (~206 ppi density)",,,,8200 mAh,,1080p@30fps,,Mali-G57 MP1,microSDXC (dedicated slot),Unisoc T606 (12 nm),10W wired,No cellular connectivity,"2024, June",IPS LCD,"Android 14, DokeOS_P 4.0",8 MP,,Blackview,,,,No,,,Octa-core (2x1.6 GHz Cortex-A75 & 6x1.6 GHz Cortex-A55),,Yes,No,540 g (1.19 lb),,No,256GB 6GB RAM,13 MP,,"11.0 inches, 350.9 cm2(~87.9% screen-to-body ratio)",Yes,,,,"Available. Released 2024, June",https://fdn2.gsmarena.com/vv/bigpic/blackview-tab9-wifi.jpg,,"USB Type-C 2.0, OTG",Accelerometer,,No,Blackview Tab9WiFi,N/A,,"Yes, with stereo speakers","5.0, A2DP",,,"Ink Grey, Frost Blue, Blush Pink",N/A,"Wi-Fi 802.11 a/b/g/n/ac, dual-band",No,No,,N/A,LED flash,246.8 x 161.8 x 9.1 mm (9.72 x 6.37 x 0.36 in),
UFS 2.1,,"800 x 1280 pixels, 16:10 ratio (~138 ppi density)",,,,8200 mAh,,1080p@30fps,,Mali-G57 MP1,microSDXC (dedicated slot),Unisoc T606 (12 nm),10W wired,No cellular connectivity,"2024, June",IPS LCD,"Android 14, DokeOS_P 4.0",8 MP,,Blackview,,,,No,,,Octa-core (2x1.6 GHz Cortex-A75 & 6x1.6 GHz Cortex-A55),,Yes,No,540 g (1.19 lb),,No,128GB 4GB RAM,13 MP,,"10.92 inches, 345.8 cm2(~79.9% screen-to-body ratio)",Yes,,,,"Available. Released 2024, June",https://fdn2.gsmarena.com/vv/bigpic/blackview-tab90-wifi.jpg,,"USB Type-C 2.0, OTG",Accelerometer,,No,Blackview Tab90WiFi,N/A,,"Yes, with stereo speakers","5.0, A2DP",,,"Ink Grey, Frost Blue, Blush Pink",N/A,"Wi-Fi 802.11 a/b/g/n/ac, dual-band",No,No,,N/A,LED flash,256.9 x 168.5 x 9.5 mm (10.11 x 6.63 x 0.37 in),
CDMA 800 / 1900,,1080 x 2560 pixels (~403 ppi density),,$ 329.99 / € 599.99,,4000 mAh,,"1440p@30fps, 1080p@30fps",UFS 2.2,Mali-G57 MC2,No,Mediatek Helio G99 (6 nm),"45W wired, 48% in 20 min",GSM / CDMA / HSPA / LTE,"2024, May","Foldable AMOLED, 1B colors, 1300 nits (peak)","Android 13, DokeOS 4",,,Blackview,,,,No,,,Octa-core (2x2.2 GHz Cortex-A76 & 6x2.0 GHz Cortex-A55),,1080p@30fps,,198 g (6.98 oz),,Nano-SIM + Nano-SIM,256GB 12GB RAM,"32 MP, f/2.5, (wide)",,"6.9 inches, 110.0 cm2(~86.2% screen-to-body ratio)",No,"Cover display:OLED, 1.19 inches, 390 x 390 pixels",,,"Available. Released 2024, May",https://fdn2.gsmarena.com/vv/bigpic/blackview-hero-10.jpg,,USB Type-C,"Fingerprint (side-mounted), accelerometer, proximity",,,Blackview Hero 10,HSDPA 800 / 850 / 900 / 1700(AWS) / 1900 / 2100,"HSPA, LTE","Yes, with stereo speakers",Yes,$ 349.99,"108 MP, f/1.9, (wide), 1/1.67"" , PDAF8 MP, 120˚ (ultrawide)","Black, Purple","1, 2, 3, 4, 5, 7, 8, 12, 17, 18, 19, 20, 26, 28, 38, 40, 41, 66","Wi-Fi 802.11 a/b/g/n/ac, dual-band","GPS, GLONASS, GALILEO, BDS",Yes,,GSM 850 / 900 / 1800 / 1900,"LED flash, HDR, panorama",Unfolded: 169 x 75.5 x 8.1 mmFolded: 87 x 75.5 x 16.3 mm,
UFS 2.2,,"1200 x 1920 pixels, 16:10 ratio (~206 ppi density)",,,,7700 mAh,,1080p@30fps,,Mali-G57 MP1,microSDXC (uses shared SIM slot),Unisoc Tiger T616 (12 nm),18W wired,GSM / HSPA / LTE,"2024, May",IPS LCD,Android 14,,,Blackview,,,,Unspecified,,,Octa-core (2x2.0 GHz Cortex-A75 & 6x1.8 GHz Cortex-A55),,Yes,,503 g (1.11 lb),,Nano-SIM + Nano-SIM,256GB 8GB RAM,8 MP,,"11.0 inches, 350.9 cm2(~81.8% screen-to-body ratio)",No,,,,"Available. Released 2024, May",https://fdn2.gsmarena.com/vv/bigpic/blackview-tab-16-pro.jpg,,"USB Type-C, OTG",Accelerometer,,,Blackview Tab 16 Pro,HSDPA 900 / 2100,"HSPA, LTE","Yes, with stereo speakers","5.0, A2DP",,13 MP2 MP,"Gray, Blue, Violet","1, 3, 7, 8, 19, 20, 40, 41","Wi-Fi 802.11 a/b/g/n/ac, dual-band","GPS, GLONASS, GALILEO, BDS",No,,GSM 850 / 900 / 1800 / 1900,LED flash,256.8 x 167 x 7.5 mm (10.11 x 6.57 x 0.30 in),
CDMA 800 / 1900,,"1080 x 2400 pixels, 20:9 ratio (~405 ppi density)",,$ 179.55 / £ 899.00 / € 229.99,,8800 mAh,,"1440p@30fps, 1080p@30fps",UFS 2.1,Mali-G57 MC2,microSDXC (uses shared SIM slot),Mediatek Helio G99 (6 nm),45W wired5W reverse wired,GSM / CDMA / HSPA / LTE,"2024, May","IPS LCD, 120Hz, 440 nits",Android 14,,,Blackview,,,Corning Gorilla Glass 5,FM radio,$ 179.55,,Octa-core (2x2.2 GHz Cortex-A76 & 6x2.0 GHz Cortex-A55),,1080p@30fps,,360 g (12.70 oz),,Nano-SIM + Nano-SIM,256GB 8GB RAM,32 MP,,"6.5 inches, 102.0 cm2(~71.5% screen-to-body ratio)",No,IP68/IP69K dust/water resistant (up to 1.5m for 30 min)Drop resistant up to 1.2mMIL-STD-810H compliantDedicated flashlight (top mounted),,,"Available. Released 2024, May",https://fdn2.gsmarena.com/vv/bigpic/blackview-bv8100.jpg,,"USB Type-C, OTG","Fingerprint (side-mounted), accelerometer, gyro, proximity, compass",,,Blackview BV8100,HSDPA 850 / 900 / 1700(AWS) / 1900 / 2100,"HSPA, LTE",Yes,"5.0, A2DP, LE",,"50 MP, f/1.8, (wide), 1/1.57"", PDAF13 MP, f/2.2, 120˚, (ultrawide), AF","Black, Green, Orange","1, 2, 3, 4, 5, 7, 8, 12, 13, 17, 18, 19, 20, 25, 26, 28, 30, 34, 38, 39, 40, 41, 66","Wi-Fi 802.11 a/b/g/n/ac, dual-band","GPS, GLONASS, GALILEO, BDS",Yes,,GSM 850 / 900 / 1800 / 1900,"Dual-LED flash, HDR, panorama",175.8 x 81.2 x 18.1 mm (6.92 x 3.20 x 0.71 in),
CDMA 800 / 1900,"50 MP, (wide), 1/1.57"", PDAF13 MP, 120˚, (ultrawide), AFFLIR thermal camera (Lepton 3.5 module)",1080 x 2460 pixels (~396 ppi density),,"$ 444.92 / C$ 1,099.99 / £ 498.00 / € 549.99",,8800 mAh,$ 799.99,"4K@30fps, 1080p@30fps",UFS 3.1,Mali-G77 MC9,No,Mediatek Dimensity 8020 (6 nm),120W wired5W reverse wired,GSM / CDMA / HSPA / LTE / 5G,"2024, April","IPS LCD, 120Hz","Android 14, Doke-OS 4.0",,,Blackview,"1, 3, 5, 7, 8, 20, 28, 38, 40, 41, 77, 78, 79 SA/NSA",,Corning Gorilla Glass Victus,FM radio,,,Octa-core (4x2.6 GHz Cortex-A78 & 4x2.0 GHz Cortex-A55),,1080p@30fps,,412 g (14.53 oz),,Nano-SIM + Nano-SIM,512GB 12GB RAM,"50 MP, (wide), 1/2.8""",Sound by Harman Kardon,"6.78 inches, 109.2 cm2(~73.6% screen-to-body ratio)",No,IP68/IP69K dust/water resistant (up to 1.5m for 30 min)MIL-STD-810H compliant,,,"Available. Released 2024, May",https://fdn2.gsmarena.com/vv/bigpic/blackview-bl9000-pro.jpg,,"USB Type-C, OTG","Fingerprint (side-mounted), accelerometer, gyro, proximity, compass, barometer",,,Blackview BL9000 Pro,HSDPA 850 / 900 / 1700(AWS) / 1900 / 2100,"HSPA, LTE, 5G","Yes, with stereo speakers","5.1, A2DP, LE",,,"Splendid Gold, Interstellar Black","1, 2, 3, 4, 5, 7, 8, 12, 13, 17, 18, 19, 20, 25, 26, 28, 30, 34, 38, 39, 40, 41, 66","Wi-Fi 802.11 a/b/g/n/ac/6, dual-band","GPS, GLONASS, BDS, GALILEO",Yes,,GSM 850 / 900 / 1800 / 1900,"LED flash, HDR, panorama",179.5 x 82.6 x 17 mm (7.07 x 3.25 x 0.67 in),
HSDPA 850 / 900 / 1700(AWS) / 1900 / 2100 - USA,,"720 x 1600 pixels, 20:9 ratio (~260 ppi density)",,About 150 EUR,,6000 mAh,,1080p@30fps,,Mali-G57 MP1,microSDXC (dedicated slot),Unisoc Tiger T616 (12 nm),18W wired,GSM / HSPA / LTE,"2024, January","IPS LCD, 90Hz, 450 nits (typ)","Android 13, Doke OS 4.0",,,Blackview,,,,FM radio,,,Octa-core (2x2.0 GHz Cortex-A75 & 6x1.8 GHz Cortex-A55),,1080p@30fps,,214 g (7.55 oz),,Nano-SIM + Nano-SIM,256GB 8GB RAM,"8 MP, (wide), 1/4.0, 1.12µm",,"6.75 inches, 110.0 cm2(~84.7% screen-to-body ratio)",Yes,"1, 2, 3, 4, 5, 7, 8, 12, 17, 20, 26, 28, 66 - USA",,,"Available. Released 2024, January",https://fdn2.gsmarena.com/vv/bigpic/blackview-color8.jpg,,"USB Type-C, OTG","Fingerprint (side-mounted), accelerometer, proximity",,,Blackview Color 8,HSDPA 900 / 2100 - International,"HSPA, LTE",Yes,"5.0, A2DP, LE",,"50 MP, (wide), 1/2.76, 0.64µm, PDAFSecondary unspecified camera","Ash Gray, Ripple Blue, Wisteria Purple","1, 3, 7, 8, 19, 20, 28, 40, 41 - International","Wi-Fi 802.11 a/b/g/n/ac, dual-band","GPS, GLONASS, GALILEO, BDS",No,,GSM 850 / 900 / 1800 / 1900,"LED flash, HDR, panorama",167.8 x 77.4 x 9.1 mm (6.61 x 3.05 x 0.36 in),
Stylus support,,"1200 x 2000 pixels, 5:3 ratio (~203 ppi density)",,,,8800 mAh,,"1440p@30fps, 1080p@30fps",,Mali-G57 MC2,microSDXC (uses shared SIM slot),Mediatek Helio G99 (6 nm),33W wired,GSM / HSPA / LTE,"2024, March","IPS LCD, 120Hz, 400 nits","Android 13, DokeOS_P 4.0",13 MP,,Blackview,,,,FM radio,,,Octa-core (2x2.2 GHz Cortex-A76 & 6x2.0 GHz Cortex-A55),,1080p@30fps,,528 g (1.16 lb),,Nano-SIM + Nano-SIM,"256GB 8GB RAM, 256GB 12GB RAM","50 MP, (wide), 1/2.76"", 0.64µm",,"11.5 inches, 376.4 cm2(~82.9% screen-to-body ratio)",No,UFS 2.1,,,"Available. Released 2024, March",https://fdn2.gsmarena.com/vv/bigpic/blackview-mega1.jpg,,"USB Type-C, OTG","Fingerprint (top-mounted), accelerometer, proximity (accessories only), gyro",,,Blackview Mega 1,HSDPA 900 / 2100,"HSPA, LTE","Yes, with stereo speakers (4 speakers)","5.1, A2DP, LE",,,"Space Grey, Sky Blue, Dreamy Purple","1, 3, 7, 8, 19, 20, 28, 40, 41","Wi-Fi 802.11 a/b/g/n/ac, dual-band","GPS, GLONASS, GALILEO, BDS",No,,GSM 850 / 900 / 1800 / 1900,LED flash,268.7 x 169 x 7.6 mm (10.58 x 6.65 x 0.30 in),
CDMA 800 / 1900,,1080 x 2460 pixels (~396 ppi density),,About 490 EUR,,8800 mAh,,"4K@30fps, 1080p@30fps","Back display:1.32 inches, 360 x 360 pixels (Gorilla Glass Victus)",Mali-G77 MC9,No,Mediatek Dimensity 8020 (6 nm),120W wired5W reverse wired,GSM / CDMA / HSPA / LTE / 5G,"2024, January","IPS LCD, 120Hz","Android 13, Doke-OS 4.0",,,Blackview,"1, 3, 5, 7, 8, 20, 28, 38, 40, 41, 77, 78, 79 SA/NSA",,Corning Gorilla Glass Victus,FM radio,,,Octa-core (4x2.6 GHz Cortex-A78 & 4x2.0 GHz Cortex-A55),Sound by Harman Kardon,1080p@30fps,,413 g (14.57 oz),,Nano-SIM + Nano-SIM,512GB 12GB RAM,"50 MP, (wide), 1/2.8""",UFS 3.1,"6.78 inches, 109.2 cm2(~73.6% screen-to-body ratio)",No,IP68/IP69K dust/water resistant (up to 1.5m for 30 min)MIL-STD-810H compliant,,,"Available. Released 2024, January",https://fdn2.gsmarena.com/vv/bigpic/blackview-bl9000.jpg,,"USB Type-C, OTG","Fingerprint (side-mounted), accelerometer, gyro, proximity, compass, barometer",,,Blackview BL9000,HSDPA 850 / 900 / 1700(AWS) / 1900 / 2100,"HSPA, LTE, 5G","Yes, with stereo speakers","5.1, A2DP, LE",,"50 MP, (wide), 1/1.57"", PDAF13 MP, 120˚, (ultrawide), AF","Rose Gold, Interstellar Black","1, 2, 3, 4, 5, 7, 8, 12, 13, 17, 18, 19, 20, 25, 26, 28, 30, 34, 38, 39, 40, 41, 66","Wi-Fi 802.11 a/b/g/n/ac/6, dual-band","GPS, GLONASS, BDS, GALILEO",Yes,,GSM 850 / 900 / 1800 / 1900,"LED flash, HDR, panorama",179.5 x 82.6 x 17 mm (7.07 x 3.25 x 0.67 in),
CDMA 800 / 1900,"50 MP, (wide), 1/1.57"", PDAF8 MP, 117˚, (ultrawide)2 MP, (depth)",1080 x 2460 pixels (~396 ppi density),,,,8800 mAh,,"4K@30fps, 1080p@30fps","Back display:1.32 inches, 240 x 240 pixels (Gorilla Glass 5)",Mali-G68 MC4,No,Mediatek Dimensity 7050 (6 nm),33W wired5W reverse wired,GSM / CDMA / HSPA / LTE / 5G,"2024, January","IPS LCD, 120Hz","Android 13, Doke-OS 4.0",,,Blackview,"1, 3, 5, 7, 8, 20, 28, 38, 40, 41, 77, 78, 79 SA/NSA",,Corning Gorilla Glass 5,FM radio,,,Octa-core (2x2.6 GHz Cortex-A78 & 6x2.0 GHz Cortex-A55),,Yes,,385 g (13.58 oz),,Nano-SIM + Nano-SIM,512GB 12GB RAM,"16 MP, (wide)",UFS 3.1,"6.78 inches, 109.2 cm2(~73.6% screen-to-body ratio)",No,IP68/IP69K dust/water resistant (up to 1.5m for 30 min)MIL-STD-810H compliant,,,"Available. Released 2024, January",https://fdn2.gsmarena.com/vv/bigpic/blackview-bl8000.jpg,,"USB Type-C, OTG","Fingerprint (side-mounted), accelerometer, proximity, compass, gyro",,,Blackview BL8000,HSDPA 850 / 900 / 1700(AWS) / 1900 / 2100,"HSPA, LTE, 5G",Yes,"5.1, A2DP, LE",,,"Celestial Silver, Orbit Grey","1, 2, 3, 4, 5, 7, 8, 12, 13, 17, 18, 19, 20, 25, 26, 28, 30, 34, 38, 39, 40, 41, 66","Wi-Fi 802.11 a/b/g/n/ac/6, dual-band","GPS (L1+L5), GLONASS, BDS, GALILEO",Yes,,GSM 850 / 900 / 1800 / 1900,"LED flash, HDR, panorama",179.5 x 82.6 x 17 mm (7.07 x 3.25 x 0.67 in),
UFS 2.2,,1080 x 2460 pixels (~396 ppi density),,About 160 EUR,,5000 mAh,,"1440p@30fps, 1080p@30fps",,Mali-G57 MC2,microSDXC (dedicated slot),Mediatek Helio G99 (6 nm),33W wired,GSM / HSPA / LTE,"2023, November","IPS LCD, 120Hz, 500 nits","Android 13, Doke OS 4.0",,,Blackview,,,,FM radio,,,Octa-core (2x2.2 GHz Cortex-A76 & 6x2.0 GHz Cortex-A55),,1080p@30fps,,198.3 g (6.98 oz),,Nano-SIM + Nano-SIM,256GB 8GB RAM,"13 MP, (wide), 1/3"", 1.12µm",,"6.78 inches, 109.2 cm2(~84.6% screen-to-body ratio)",Yes,,,,"Available. Released 2023, November",https://fdn2.gsmarena.com/vv/bigpic/blackview-shark8.jpg,,"USB Type-C 2.0, OTG","Fingerprint (rear-mounted), accelerometer, proximity",,,Blackview Shark 8,HSDPA 900 / 2100,"HSPA, LTE",Yes,"5.0, A2DP, LE",,"64 MP, (wide), 1/1.97"", 0.7µm, PDAFSecondary unspecified camera","Galaxy Blue, Scorching Gold, Moonlight Grey","1, 3, 7, 8, 19, 20, 28, 40","Wi-Fi 802.11 a/b/g/n/ac, dual-band","GPS, GLONASS, GALILEO, BDS",Yes,,GSM 850 / 900 / 1800 / 1900,"LED flash, HDR, panorama",168.5 x 76.6 x 8.4 mm (6.63 x 3.02 x 0.33 in),
Stylus support,,"1200 x 2000 pixels, 5:3 ratio (~194 ppi density)",,,,8800 mAh,,1080p@30fps,Tuned by Harman Kardon,Mali-G57 MC2,microSDXC (uses shared SIM slot),Mediatek Helio G99 (6 nm),33W wired,GSM / HSPA / LTE,"2023, November","IPS LCD, 350 nits","Android 13, Doke OS_P 4.0",8 MP,,Blackview,,,,FM Radio,,,Octa-core (2x2.2 GHz Cortex-A76 & 6x2.0 GHz Cortex-A55),,Yes,,632 g (1.39 lb),,Nano-SIM + Nano-SIM,256GB 12GB RAM,16 MP,,"12.0 inches, 409.9 cm2(~85.2% screen-to-body ratio)",No,UFS 2.1,,,"Available. Released 2023, November",https://fdn2.gsmarena.com/vv/bigpic/blackview-tab18.jpg,,"USB Type-C, OTG","Fingerprint (side-mounted), accelerometer, gyro, proximity, compass",,,Blackview Tab 18,HSDPA 900 / 2100,"HSPA, LTE","Yes, with stereo speakers (4 speakers)","5.1, A2DP, LE",,,"Turquoise Green, Glacier Blue, Space Grey","1, 3, 7, 8, 20, 40","Wi-Fi 802.11 a/b/g/n/ac, dual-band","GPS, GLONASS, GALILEO, BDS",No,,GSM 850 / 900 / 1800 / 1900,LED flash,277.6 x 173.2 x 7.9 mm (10.93 x 6.82 x 0.31 in),
CDMA 800 / 1900,,"1080 x 2400 pixels, 20:9 ratio (~405 ppi density)",,About 190 EUR,,4380 mAh,,"1440p@30fps, 1080p@30fps",,Mali-G57 MC2,No,Mediatek Helio G99 (6 nm),18W wired,GSM / CDMA / HSPA / LTE,"2023, September","IPS LCD, 120Hz","Android 13, Doke OS 3.1",,,Blackview,,,,FM radio,,,Octa-core (2x2.2 GHz Cortex-A76 & 6x2.0 GHz Cortex-A55),,1080p@30fps,,193.9 g (6.84 oz),,Nano-SIM + Nano-SIM,"256GB 8GB RAM, 256GB 12GB RAM","16 MP, (wide), 1/3"", 1.0µm",,"6.5 inches, 102.0 cm2(~85.0% screen-to-body ratio)",No,UFS 2.2,,,"Available. Released 2023, September",https://fdn2.gsmarena.com/vv/bigpic/blackview-a96.jpg,,"USB Type-C 2.0, OTG","Fingerprint (side-mounted), accelerometer, gyro, proximity, compass",,,Blackview A96,HSDPA 850 / 900 / 1700(AWS) / 1900 / 2100,"HSPA, LTE",Yes,"5.0, A2DP, LE",,"48 MP, (wide), 1/2.25"", 0.8µm, PDAF8 MP, 117˚ (ultrawide)","Provence Purple, Obsidian Black","1, 2, 3, 4, 5, 7, 8, 12, 13, 17, 18, 19, 20, 25, 26, 28, 30, 38, 40, 41, 66","Wi-Fi 802.11 a/b/g/n/ac, dual-band","GPS, GLONASS, GALILEO, BDS",Yes,,GSM 850 / 900 / 1800 / 1900,"LED flash, HDR, panorama",161.8 x 74.2 x 8.6 mm (6.37 x 2.92 x 0.34 in),
IP68/IP69K dust/water resistant (up to 1.5m for 30 min)Drop resistant up to 1.5mMIL-STD-810H compliant,,"720 x 1612 pixels, 20:9 ratio (~269 ppi density)",,,,13000 mAh,,1080p@30fps,,PowerVR GE8320,microSDXC (dedicated slot),Mediatek MT6765 Helio P35 (12 nm),18W wiredReverse wired,GSM / HSPA / LTE,"2023, July",IPS LCD,"Android 13, Doke OS 3.1",,,Blackview,,,,FM radio,,,Octa-core (4x2.35 GHz Cortex-A53 & 4x1.8 GHz Cortex-A53),,1080p@30fps,,438 g (15.45 oz),,Nano-SIM + Nano-SIM,128GB 4GB RAM,8 MP,,"6.56 inches, 103.4 cm2(~72.3% screen-to-body ratio)",No,eMMC 5.1,,,"Available. Released 2023, July",https://fdn2.gsmarena.com/vv/bigpic/blackview-bv6200-pro.jpg,,"USB Type-C, OTG","Fingerprint (side-mounted), accelerometer, proximity, compass",,,Blackview BV6200 Pro,HSDPA 900 / 2100,"HSPA, LTE",Yes,"5.0, A2DP, LE",,13 MP0.3 MP,"Black, Orange, Green","1, 3, 7, 8, 20, 40","Wi-Fi 802.11 a/b/g/n/ac, dual-band","GPS, GLONASS, GALILEO, BDS",Yes,,GSM 850 / 900 / 1800 / 1900,LED flash,174.4 x 82 x 19.2 mm (6.87 x 3.23 x 0.76 in),
eMMC 5.1,,"800 x 1280 pixels, 16:10 ratio (~149 ppi density)",,,,7680 mAh,,1080p@30fps,,Mali-G57 MP1,microSDXC (uses shared SIM slot),Unisoc T606 (12 nm),10W wired,GSM / HSPA / LTE,"2023, September",IPS LCD,"Android 13, Doke OS_P 3.0",,,Blackview,,,,FM Radio,,,Octa-core (2x1.6 GHz Cortex-A75 & 6x1.6 GHz Cortex-A55),,1080p@30fps,,484 g (1.07 lb),,Nano-SIM + Nano-SIM,"64GB 4GB RAM, 128GB 4GB RAM, 128GB 8GB RAM",8 MP,,"10.1 inches, 295.8 cm2(~78.7% screen-to-body ratio)",Yes,,,,"Available. Released 2023, September",https://fdn2.gsmarena.com/vv/bigpic/blackview-tab-80.jpg,,"USB Type-C, OTG",Accelerometer,,,Blackview Tab 80,HSDPA 900 / 2100,"HSPA, LTE","Yes, with stereo speakers","5.0, A2DP",,13 MPsecondary unspecified camera,"Grey, Blue, Green","1, 3, 7, 8, 20, 40","Wi-Fi 802.11 a/b/g/n/ac, dual-band","GPS, GLONASS, GALILEO, BDS",No,,GSM 850 / 900 / 1800 / 1900,LED flash,241 x 156 x 7.5 mm (9.49 x 6.14 x 0.30 in),
Stylus support,,"800 x 1340 pixels, 5:3 ratio (~180 ppi density)",,,,6050 mAh,,1080p@30fps,,Mali-G57 MP1,microSDXC (uses shared SIM slot),Unisoc T606 (12 nm),,GSM / HSPA / LTE,"2023, September",IPS LCD,"Android 13, Doke OS_P 3.0",5 MP,,Blackview,,,,FM Radio,,,Octa-core (2x1.6 GHz Cortex-A75 & 6x1.6 GHz Cortex-A55),,Yes,,338 g (11.92 oz),,Nano-SIM + Nano-SIM,"128GB 4GB RAM, 128GB 6GB RAM",8 MP,,"8.68 inches, 213.9 cm2(~81.2% screen-to-body ratio)",Yes,eMMC 5.1,,,"Available. Released 2023, September",https://fdn2.gsmarena.com/vv/bigpic/blackview-tab-60.jpg,,"USB Type-C, OTG","Accelerometer, proximity (accessories only)",,,Blackview Tab 60,HSDPA 900 / 2100,"HSPA, LTE","Yes, with stereo speakers","5.0, A2DP",,,"Grey, Blue, Green","1, 3, 7, 8, 20, 40","Wi-Fi 802.11 a/b/g/n/ac, dual-band","GPS, GLONASS, GALILEO, BDS",No,,GSM 850 / 900 / 1800 / 1900,,211.7 x 124.4 x 8.4 mm (8.33 x 4.90 x 0.33 in),
eMMC 5.1,,"800 x 1280 pixels, 16:10 ratio (~149 ppi density)",,,,6580 mAh,,Yes,,,microSDXC,,10W wired,No cellular connectivity,"2023, September",IPS LCD,"Android 13, DokeOS_P 3.0",2 MP,,Blackview,,,,No,,,Quad-core,,Yes,No,520.5 g (1.15 lb),,No,64GB 3GB RAM,5 MP,,"10.1 inches, 295.8 cm2(~73.6% screen-to-body ratio)",Unspecified,,,,"Available. Released 2023, September",https://fdn2.gsmarena.com/vv/bigpic/blackview-tab-70-wifi.jpg,,"USB Type-C 2.0, OTG","Accelerometer, proximity (accessories only)",,No,Blackview Tab 70 WiFi,N/A,,"Yes, with stereo speakers","5.0, A2DP, LE",,,"Space Grey, Twilight Blue",N/A,"Wi-Fi 802.11 a/b/g/n/ac/6, dual-band",No,No,,N/A,LED flash,246.5 x 163 x 9.9 mm (9.70 x 6.42 x 0.39 in),
eMMC 5.1,,"800 x 1280 pixels, 16:10 ratio (~189 ppi density)",,,,5580 mAh,,Yes,,,microSDXC,,,No cellular connectivity,"2023, September",IPS LCD,"Android 13, DokeOS_P 3.0",0.3 MP,,Blackview,,,,No,,,Quad-core,,Yes,No,355 g (12.52 oz),,No,128GB 4GB RAM,2 MP,,"8.0 inches, 185.6 cm2(~69.6% screen-to-body ratio)",Unspecified,,,,"Available. Released 2023, September",https://fdn2.gsmarena.com/vv/bigpic/blackview-tab-50-wifi.jpg,,"USB Type-C, OTG",Accelerometer,,No,Blackview Tab 50 WiFi,N/A,,"Yes, with stereo speakers","5.0, A2DP, LE",,,"Twilight Blue, Space Grey",N/A,"Wi-Fi 802.11 a/b/g/n/ac/6, tri-band",No,No,,N/A,LED flash,211.2 x 126.2 x 9.7 mm (8.31 x 4.97 x 0.38 in),
UFS 2.2,"108 MP, (wide), 1/1.67"", 0.64µm, PDAF8 MP, 117˚, (ultrawide), 1/4.0"", 1.12µm2 MP, (macro)","1080 x 2400 pixels, 20:9 ratio (~395 ppi density)",,About 290 EUR,,5050 mAh,,"1440p@30fps, 1080p@30fps",,Mali-G57 MC2,microSDXC (uses shared SIM slot),Mediatek Helio G99 (6 nm),66W wired,GSM / HSPA / LTE,"2023, July 29","AMOLED, 120Hz","Android 13, Doke OS 4.0",,,Blackview,,,Corning Gorilla Glass 5,No,,,Octa-core (2x2.2 GHz Cortex-A76 & 6x2.0 GHz Cortex-A55),,1080p@30fps,,196 g (6.91 oz),"Glass front (Gorilla Glass 5), plastic frame, plastic back",Nano-SIM + Nano-SIM,256GB 12GB RAM,"16 MP, (wide), 1/3.0"", 1.0µm",,"6.67 inches, 107.4 cm2(~90.0% screen-to-body ratio)",No,,,,"Available. Released 2023, August 21",https://fdn2.gsmarena.com/vv/bigpic/blackview-a200-pro.jpg,,"USB Type-C, OTG","Fingerprint (under display, optical), accelerometer, gyro, proximity, compass",,,Blackview A200 Pro,HSDPA 850 / 900 / 1700(AWS) / 1900 / 2100,"HSPA, LTE",Yes,"5.2, A2DP, LE",,,"Daybreak Blue, Meteor Purple, Polar Night Black","1, 2, 3, 4, 5, 7, 8, 12, 17, 18, 19, 20, 25, 26, 28, 38, 40, 41, 66","Wi-Fi 802.11 a/b/g/n/ac, dual-band","GPS, GLONASS, GALILEO, BDS",Yes,,GSM 850 / 900 / 1800 / 1900,LED flash,162.2 x 73.6 x 8.6 mm (6.39 x 2.90 x 0.34 in),
IP68/IP69K dust/water resistant (up to 15m for 30 min)Drop resistant up to 60mMIL-STD-810H compliant,,"540 x 1200 pixels, 20:9 ratio (~306 ppi density)",,About 190 EUR,,3880 mAh (solid state battery),,"1440p@30fps, 1080p@30fps",24-bit/192kHz Hi-Res audio,Mali-G57 MC2,No,Mediatek Helio G99 (6 nm),18W wired2.5W reverse wired,GSM / HSPA / LTE,"2023, July 19","IPS LCD, 450 nits","Android 13, DokeOS 3.1",,HDR,Blackview,,,Corning Gorilla Glass 5,FM radio,,,Octa-core (2x2.2 GHz Cortex-A76 & 6x2.0 GHz Cortex-A55),,1080p,,208 g (7.34 oz),,Nano-SIM + Nano-SIM,256GB 8GB RAM,"16 MP, (wide), 1/3""",,"4.3 inches, 44.6 cm2(~51.4% screen-to-body ratio)",No,UFS 2.1,,,"Available. Released 2023, July 24",https://fdn2.gsmarena.com/vv/bigpic/blackview-n6000.jpg,,"USB Type-C 2.0, OTG","Fingerprint (side-mounted), accelerometer, gyro, proximity, compass, barometer",,,Blackview N6000,HSDPA 850 / 900 / 1700(AWS) / 1900 / 2100,"HSPA, LTE",Yes,"5.2, A2DP, LE",,"48 MP, (wide), 1/2.25"", PDAFother unspecified camera","Black, Orange, Green","1, 2, 3, 4, 5, 7, 8, 12, 13, 17, 18, 19, 20, 25, 26, 28, 38, 40, 41, 66","Wi-Fi 802.11 a/b/g/n/ac, dual-band","GPS, GLONASS, GALILEO, BDS",Yes,,GSM 850 / 900 / 1800 / 1900,"LED flash, HDR, panorama",133 x 65.3 x 18.4 mm (5.24 x 2.57 x 0.72 in),
,,"720 x 1600 pixels, 20:9 ratio (~270 ppi density)",,,,5100 mAh,,1080p@30fps,,IMG8322,microSDXC (uses shared SIM slot),Unisoc SC9863A (28 nm),,GSM / HSPA / LTE,"2023, December","IPS LCD, 380 nits","Android 13 (Go edition), Doke OS 4.0 Go","5 MP, (wide)",,Blackview,,,,FM radio,,,Octa-core (4x1.6 GHz Cortex-A55 & 4x1.2 GHz Cortex-A55),,Yes,,191 g (6.74 oz),,Nano-SIM + Nano-SIM,32GB 2GB RAM,"8 MP, (wide)",,"6.5 inches, 102.0 cm2(~81.0% screen-to-body ratio)",Yes,,,,"Available. Released 2023, December",https://fdn2.gsmarena.com/vv/bigpic/blackview-wave6c.jpg,,"USB Type-C 2.0, OTG","Fingerprint (side-mounted), accelerometer, proximity",,,Blackview Wave 6C,HSDPA 900 / 2100,"HSPA, LTE",Yes,"4.2, A2DP",,,"Lilac Purple, Mint Blue, Midnight Black","1, 3, 7, 8, 19, 20, 40",Wi-Fi 802.11 b/g/n,"GPS, GLONASS, GALILEO, BDS",No,,GSM 850 / 900 / 1800 / 1900,"LED flash, HDR, panorama",164.7 x 76.5 x 9.7 mm (6.48 x 3.01 x 0.38 in),
CDMA 800 / 1900,,"1200 x 2000 pixels, 5:3 ratio (~225 ppi density)",,About 220 EUR,,22000 mAh,,"1440p@30fps, 1080p@30fps",,Mali-G57 MC2,microSDXC (uses shared SIM slot),Mediatek Helio G99 (6 nm),33W wired,GSM / CDMA / HSPA / LTE,"2023, July 03",IPS LCD,"Android 12, Doke OS_P 3.0","16 MP, (wide), 1/3""",,Blackview,,,,FM Radio,,,Octa-core (2x2.2 GHz Cortex-A76 & 6x2.0 GHz Cortex-A55),,Yes,,976 g (2.15 lb),,Nano-SIM + Nano-SIM,256GB 8GB RAM,"48 MP, (wide), 1/2.25"", PDAF",,"10.36 inches, 305.5 cm2(~71.9% screen-to-body ratio)",Yes,IP68/IP69K dust/water resistant (up to 1.5m for 30 min)MIL-STD-810H compliant,,,"Available. Released 2023, July 10",https://fdn2.gsmarena.com/vv/bigpic/blackview-active8-pro.jpg,,"USB Type-C 2.0, OTG","Accelerometer, gyro, proximity, compass",,,Blackview Active 8 Pro,HSDPA 850 / 900 / 1700(AWS) / 1900 / 2100,"HSPA, LTE","Yes, with stereo speakers","5.0, A2DP",,,"Black, Orange","1, 2, 3, 4, 5, 7, 8, 12, 13, 17, 18, 19, 20, 28, 25, 26, 30, 34, 38, 39, 40, 41, 66","Wi-Fi 802.11 a/b/g/n/ac, dual-band","GPS, GLONASS, GALILEO, BDS",Yes,,GSM 850 / 900 / 1800 / 1900,LED flash,256.3 x 165.8 x 16.8 mm (10.09 x 6.53 x 0.66 in),
,,"1200 x 1920 pixels, 16:10 ratio (~224 ppi density)",,About 160 EUR,,6580 mAh,,1440p@30fps,,Mali-G57 MP1,microSDXC (uses shared SIM slot),Unisoc T606 (12 nm),10W wired,GSM / HSPA / LTE,"2023, March 24",IPS LCD,"Android 12, DokeOS_P 3.0","5 MP, f/2.2, (wide), 1/5.0""",,Blackview,,,,FM radio,,,Octa-core (2x1.6 GHz Cortex-A75 & 6x1.6 GHz Cortex-A55),,Yes,,430 g (15.17 oz),,Nano-SIM + Nano-SIM,128GB 8GB RAM,"13 MP, f/2.2, (wide), 1/3.06""",,"10.1 inches, 295.8 cm2(~78.7% screen-to-body ratio)",Yes,,,,"Available. Released 2023, March",https://fdn2.gsmarena.com/vv/bigpic/blackview-tab12-pro.jpg,,"USB Type-C, OTG","Accelerometer, proximity (accessories only)",,,Blackview Tab 12 Pro,HSDPA 900 / 2100,"HSPA, LTE","Yes, with stereo speakers","5.0, A2DP, LE",,,"Twilight Blue, Lunar Silver, Space Gray","1, 3, 7, 8, 20, 40","Wi-Fi 802.11 a/b/g/n/ac, dual-band","GPS, GLONASS, GALILEO, BDS",No,,GSM 850 / 900 / 1800 / 1900,"LED flash, HDR",238.5 x 157.5 x 7.4 mm (9.39 x 6.20 x 0.29 in),
IP68/IP69K dust/water resistant (up to 1.5m for 30 min)Drop resistant up to 1.5mMIL-STD-810H compliant,"13 MP, (wide), 1/3.06"", PDAFother unspecified cameras","720 x 1560 pixels, 19.5:9 ratio (~282 ppi density)",,About 110 EUR,,6580 mAh,,1080p@30fps,,PowerVR GE8320,microSDXC (dedicated slot),Mediatek MT6765 Helio P35 (12 nm),10W wired2.5W reverse wired,GSM / HSPA / LTE,"2023, May","IPS LCD, 500 nits","Android 12, DokeOS 3.1",,,Blackview,,,,FM radio,,,Octa-core (4x2.35 GHz Cortex-A53 & 4x1.8 GHz Cortex-A53),,Yes,,273 g (9.63 oz),,Nano-SIM + Nano-SIM,64GB 4GB RAM,8 MP,,"6.1 inches, 91.3 cm2(~72.9% screen-to-body ratio)",No,,,,"Available. Released 2023, May",https://fdn2.gsmarena.com/vv/bigpic/blackview-bv5300-pro.jpg,,"USB Type-C 2.0, OTG","Accelerometer, proximity, compass",,,Blackview BV5300 Pro,HSDPA 900 / 2100,"HSPA, LTE",Yes,"5.0, A2DP, LE",,,"Black, Orange, Green","1, 3, 7, 8, 19, 20, 28, 40","Wi-Fi 802.11 a/b/g/n/ac, dual-band","GPS, GLONASS, GALILEO, BDS",Yes,,GSM 850 / 900 / 1800 / 1900,"LED flash, HDR, panorama",161.5 x 77.6 x 15 mm (6.36 x 3.06 x 0.59 in),
eMMC 5.1,,"800 x 1280 pixels, 16:10 ratio (~149 ppi density)",,About 80 EUR,,6580 mAh,,1080p@30fps,,,microSDXC,,,No cellular connectivity,"2023, May",IPS LCD,"Android 12, DokeOS_P 3.0",8 MP,,Blackview,,,,No,,,Quad-core,,Yes,No,520.5 g (1.15 lb),,No,128GB 4GB RAM,13 MP,,"10.1 inches, 295.8 cm2(~73.6% screen-to-body ratio)",Yes,,,,"Available. Released 2023, May",https://fdn2.gsmarena.com/vv/bigpic/blackview-tab-8-wifi.jpg,,"USB Type-C 2.0, OTG",Accelerometer,,No,Blackview Tab 8 WiFi,N/A,,"Yes, with stereo speakers","5.0, A2DP",,,"Space Grey, Ice Blue",N/A,"Wi-Fi 802.11 a/b/g/n/ac/6, dual-band",No,No,,N/A,LED flash,246.5 x 163 x 9.9 mm (9.70 x 6.42 x 0.39 in),
CDMA 800 / 1900,,"1080 x 2408 pixels, 20:9 ratio (~406 ppi density)",,About 290 EUR,,10380 mAh,,"4K@30fps, 1080p@30fps",UFS,PowerVR GM9446,microSDXC (uses shared SIM slot),Mediatek MT6779 Helio P90 (12 nm),33W wiredReverse wired,GSM / CDMA / HSPA / LTE,"2023, May 28",IPS LCD,"Android 13, Doke-OS 3.1",,,Blackview,,,Corning Gorilla Glass Victus,FM radio,,,Octa-core (2x2.2 GHz Cortex-A75 & 6x2.0 GHz Cortex-A55),,1080p@30fps,,398 g (14.04 oz),,Nano-SIM + Nano-SIM,256GB 8GB RAM,"16 MP, f/2.2, (wide)",,"6.5 inches, 101.8 cm2(~71.8% screen-to-body ratio)",No,IP68/IP69K dust/water resistant (up to 1.5m for 30 min)Drop resistant up to 1.2mMIL-STD-810H compliant,,,"Available. Released 2023, June 12",https://fdn2.gsmarena.com/vv/bigpic/blackview-bv8900.jpg,,"USB Type-C 3.0, OTG","Fingerprint (side-mounted), accelerometer, proximity, compass, gyro, barometer",,,Blackview BV8900,HSDPA 850 / 900 / 1700(AWS) / 1900 / 2100,"HSPA, LTE",Yes,"5.0, A2DP, LE",,"64 MP, f/1.8, (wide), 1/1.97"", PDAF, OIS5 MP, thermal assisted cameraFLIR thermal camera (Lepton module)","Black, Orange, Green","1, 2, 3, 4, 5, 7, 8, 12, 13, 17, 18, 19, 20, 25, 26, 28, 34, 38, 39, 40, 41, 66","Wi-Fi 802.11 a/b/g/n/ac, dual-band","GPS, GLONASS, GALILEO, BDS",Yes,,GSM 850 / 900 / 1800 / 1900,"Thermal imaging, LED flash",172.4 x 82.2 x 19.8 mm (6.79 x 3.24 x 0.78 in),
Stylus support,,"1200 x 2000 pixels, 5:3 ratio (~225 ppi density)",,About 130 EUR,,8380 mAh,,1080p@30fps,,,microSDXC,Mediatek MT8183,18W wired,No cellular connectivity,"2023, June 12",IPS LCD,"Android 12, DokeOS_P 3.0","16 MP, (wide)",,Blackview,,,,FM radio,,,Octa-core,,1080p@30fps,No,442 g (15.59 oz),,No,256GB 8GB RAM,"16 MP, (wide)",,"10.36 inches, 305.5 cm2(~78.9% screen-to-body ratio)",Unspecified,UFS 2.1,,,"Available. Released 2023, June 12",https://fdn2.gsmarena.com/vv/bigpic/blackview-tab-11-wifi.jpg,"Lagoon Green, Space Grey","USB Type-C, OTG",Unspecified,,No,Blackview Tab 11 WiFi,N/A,,"Yes, with stereo speakers","4.2, A2DP",,,"Gray, Green, Silver",N/A,"Wi-Fi 802.11 a/b/g/n/ac, dual-band",Unspecified,No,,N/A,LED flash,247 x 156.8 x 7.6 mm (9.72 x 6.17 x 0.30 in),
CDMA 800 / 1900,"50 MP, (wide), 1/2.76"", 0.64µm, PDAF8 MP, 120˚, (ultrawide), AF2 MP, (depth)",1080 x 2388 pixels (~391 ppi density),,About 390 EUR,,15080 mAh,,"1440p@30fps, 1080p@30fps",UFS 2.1,Mali-G57 MC2,microSDXC (uses shared SIM slot),Mediatek Helio G99 (6 nm),33W wired5W reverse wired,GSM / CDMA / HSPA / LTE,"2023, May 10","IPS LCD, 120Hz","Android 12, Doke-OS 3.1",,,Blackview,,,Corning Gorilla Glass 5,FM radio,,,Octa-core (2x2.2 GHz Cortex-A76 & 6x2.0 GHz Cortex-A55),,1080p,,520 g (1.15 lb),,Nano-SIM + Nano-SIM,256GB 12GB RAM,"32 MP, (wide)",,"6.7 inches, 108.7 cm2(~68.8% screen-to-body ratio)",No,IP68/IP69K dust/water resistant (up to 1.5m for 30 min)Drop resistant up to 1.8mMIL-STD-810H compliantLaser rangefinder (up to 40m)Dedicated flashlight (100 lumens),,,"Available. Released 2023, May 10",https://fdn2.gsmarena.com/vv/bigpic/blackview-bv9300.jpg,,"USB Type-C, OTG","Fingerprint (side-mounted), accelerometer, proximity, compass",,,Blackview BV9300,HSDPA 850 / 900 / 1700(AWS) / 1900 / 2100,"HSPA, LTE",Yes,"5.2, A2DP, LE",,,"Black, Orange, Green","1, 2, 3, 4, 5, 7, 8, 12, 13, 17, 18, 19, 20, 25, 26, 28, 30, 34, 38, 39, 40, 41, 66","Wi-Fi 802.11 a/b/g/n/ac, dual-band","GPS, GLONASS, GALILEO, BDS",Yes,,GSM 850 / 900 / 1800 / 1900,"LED flash, HDR, panorama",184.6 x 85.6 x 22.8 mm (7.27 x 3.37 x 0.90 in),
HSDPA 900 / 2100 - International,12 MPother unspecified camera,"720 x 1600 pixels, 20:9 ratio (~270 ppi density)",,,,5080 mAh,,1080p@30fps,eMMC 5.0,PowerVR GE8320,microSDXC (uses shared SIM slot),Mediatek MT6765 Helio G35 (12 nm),10W wired,GSM / HSPA / LTE,"2023, March 03",IPS LCD,"Android 12, Doke OS 3.0",,,Blackview,,,,FM radio,,,Octa-core (4x2.3 GHz Cortex-A53 & 4x1.8 GHz Cortex-A53),,Yes,,194.6 g (6.88 oz),"Glass front, plastic frame, plastic back",Nano-SIM + Nano-SIM,64GB 4GB RAM,8 MP,,"6.5 inches, 102.0 cm2(~80.6% screen-to-body ratio)",Yes,"2, 3, 4, 5, 7, 8, 12, 13, 17, 25, 26, 28, 41, 66 - USA",,,"Available. Released 2023, March",https://fdn2.gsmarena.com/vv/bigpic/blackview-a53-pro.jpg,,"USB Type-C, OTG",Unspecified,,,Blackview A53 Pro,HSDPA 850 / 1700(AWS) / 1900 - USA,"HSPA, LTE",Yes,"5.0, A2DP, LE",,,"Rock Grey, Murky Black, Starry  Blue","1, 3, 7, 8, 20, 40 - International",Wi-Fi 802.11 b/g/n/ac,"GPS, GLONASS, GALILEO, BDS",No,,GSM 850 / 900 / 1800 / 1900,LED flash,164.6 x 76.9 x 9.4 mm (6.48 x 3.03 x 0.37 in),
eMMC,,"720 x 1600 pixels, 20:9 ratio (~270 ppi density)",,About 100 EUR,,5180 mAh,,1080p@30fps,,Mali-G57 MP1,microSDXC (uses shared SIM slot),Unisoc T606 (12 nm),,GSM / HSPA / LTE,"2023, February",IPS LCD,"Android 13, Doke OS 4.0",,,Blackview,,,,Unspecified,,,Octa-core (2x1.6 GHz Cortex-A75 & 6x1.6 GHz Cortex-A55),,Yes,,183.6 g (6.49 oz),,Nano-SIM + Nano-SIM,"128GB 4GB RAM, 128GB 6GB RAM",5 MP,,"6.5 inches, 102.0 cm2(~100.2% screen-to-body ratio)",Yes,,,,"Available. Released 2023, February",https://fdn2.gsmarena.com/vv/bigpic/blackview-a52-pro.jpg,,USB Type-C,Unspecified,,,Blackview A52 Pro,HSDPA 900 / 2100,"HSPA, LTE",Yes,"4.2, A2DP",,13 MPother unspecified camera,"Polar Night, Vitality Green, Ice Blue","1, 3, 7, 8, 20",Wi-Fi 802.11 b/g/n,"GPS, GLONASS, GALILEO",No,,GSM 850 / 900 / 1800 / 1900,LED flash,164.2 x 62 x 9.1 mm (6.46 x 2.44 x 0.36 in),
HSDPA 900 / 2100 - International,12 MPother unspecified camera,"720 x 1600 pixels, 20:9 ratio (~270 ppi density)",,,,5080 mAh,,1080p@30fps,eMMC 5.0,PowerVR GE8320,microSDXC (uses shared SIM slot),Mediatek MT6761 Helio A22 (12 nm),10W wired,GSM / HSPA / LTE,"2023, March 03",IPS LCD,"Android 12, Doke OS 3.0",,,Blackview,,,,FM radio,,,Quad-core 2.0 GHz Cortex-A53,,Yes,,193 g (6.81 oz),"Glass front, plastic frame, plastic back",Nano-SIM + Nano-SIM,16GB 3GB RAM,5 MP,,"6.5 inches, 102.0 cm2(~80.6% screen-to-body ratio)",Yes,"2, 3, 4, 5, 7, 8, 12, 13, 17, 25, 26, 28, 41, 66 - USA",,,"Available. Released 2023, March",https://fdn2.gsmarena.com/vv/bigpic/blackview-a53.jpg,,"USB Type-C, OTG",Unspecified,,,Blackview A53,HSDPA 850 / 1700(AWS) / 1900 - USA,"HSPA, LTE",Yes,"5.0, A2DP, LE",,,"Rock Grey, Murky Black, Starry  Blue","1, 3, 7, 8, 20, 40 - International",Wi-Fi 802.11 a/b/g/n/ac,"GPS, GLONASS, GALILEO, BDS",No,,GSM 850 / 900 / 1800 / 1900,LED flash,164.6 x 76.9 x 9.4 mm (6.48 x 3.03 x 0.37 in),
eMMC 5.1,,"1200 x 2000 pixels, 5:3 ratio (~212 ppi density)",,About 170 EUR,,7680 mAh,,1080p@30fps,,Mali-G57 MP1,microSDXC (uses shared SIM slot),Unisoc Tiger T616 (12 nm),,GSM / HSPA / LTE,"2023, February 28",IPS LCD,"Android 12, Doke OS_P 3.0",8 MP,,Blackview,,,,FM Radio,,,Octa-core (2x2.0 GHz Cortex-A75 & 6x1.8 GHz Cortex-A55),,Yes,,533 g (1.18 lb),,Nano-SIM + Nano-SIM,"128GB 8GB RAM, 256GB 8GB RAM",13 MP,,"11.0 inches, 344.4 cm2(~80.4% screen-to-body ratio)",No,,,,"Available. Released 2023, March 20",https://fdn2.gsmarena.com/vv/bigpic/blackview-tab-16.jpg,,"USB Type-C, OTG",Accelerometer,,,Blackview Tab 16,HSDPA 900 / 2100,"HSPA, LTE","Yes, with stereo speakers","5.0, A2DP",,,"Meteorite Gray, Twilight Blue, Mint Green","1, 3, 7, 8, 20, 40","Wi-Fi 802.11 a/b/g/n/ac, dual-band","GPS, GLONASS, GALILEO, BDS",No,,GSM 850 / 900 / 1800 / 1900,LED flash,260.1 x 164.7 x 8 mm (10.24 x 6.48 x 0.31 in),
eMMC 5.1,,"1200 x 2000 pixels, 5:3 ratio (~225 ppi density)",,About 240 EUR,,7680 mAh,,1080p@30fps,,Mali-G57 MP1,microSDXC (uses shared SIM slot),Unisoc T606 (12 nm),,GSM / HSPA / LTE,"2023, February 17",IPS LCD,"Android 12, Doke OS_P 3.0",8 MP,,Blackview,,,,FM Radio,,,Octa-core (2x1.6 GHz Cortex-A75 & 6x1.6 GHz Cortex-A55),,Yes,,512 g (1.13 lb),,Nano-SIM + Nano-SIM,"128GB 8GB RAM, 256GB 8GB RAM",13 MP,,"10.36 inches, 305.5 cm2(~78.3% screen-to-body ratio)",No,,,,"Available. Released 2023, February 17",https://fdn2.gsmarena.com/vv/bigpic/blackview-tab-11-se.jpg,,"USB Type-C, OTG",Accelerometer,,,Blackview Tab 11 SE,HSDPA 900 / 2100,"HSPA, LTE","Yes, with stereo speakers","5.0, A2DP",,,"Blue, Gray, Silver","1, 3, 7, 8, 20, 40","Wi-Fi 802.11 a/b/g/n/ac, dual-band","GPS, GLONASS, GALILEO, BDS",No,,GSM 850 / 900 / 1800 / 1900,LED flash,249 x 156.7 x 8.1 mm (9.80 x 6.17 x 0.32 in),
eMMC 5.1,,"800 x 1280 pixels, 16:10 ratio (~189 ppi density)",,,,5580 mAh,,Yes,,,microSDXC,Rockchip RK3326S,,No cellular connectivity,"2023, March 03",IPS LCD,"Android 12, Doke OS Go 3.0",0.3 MP,,Blackview,,,,No,,,,,,No,355 g (12.52 oz),,Nano-SIM + Nano-SIM,64GB 3GB RAM,2 MP,,"8.0 inches, 185.6 cm2(~69.6% screen-to-body ratio)",Yes,,,,"Available. Released 2023, March",https://fdn2.gsmarena.com/vv/bigpic/blackview-tab-5.jpg,,"USB Type-C, OTG",No,,No,Blackview Tab 5,N/A,,Yes,"4.2, A2DP",,,"Twilight Blue, Space Gray",N/A,Wi-Fi 802.11 b/g/n,No,No,,N/A,LED flash,211.2 x 126.2 x 9.7 mm (8.31 x 4.97 x 0.38 in),
CDMA 800 / 1900,"50 MP, f/1.8, (wide), 1/2.76"", 0.64µm, PDAF8 MP, f/1.8, 120˚, (ultrawide), AF0.3 MP, (depth)","1080 x 2408 pixels, 20:9 ratio (~400 ppi density)",,About 200 EUR,"1423:1 contrast ratio, 481 nits max brightness (measured)",5000 mAh,,"1440p@30fps, 1080p@30fps",UFS 2.1,Mali-G52 MC2,microSDXC (dedicated slot),Mediatek MT6781 Helio G96 (12 nm),66W wired30W wireless,GSM / CDMA / HSPA / LTE,"2022, December 28","IPS LCD, 120Hz","Android 12, Doke-OS 3.1",,,Blackview,,,Corning Gorilla Glass 5,FM radio,,,Octa-core (2x2.05 GHz Cortex-A76 & 6x2.0 GHz Cortex-A55),,1080p,,310 g (10.93 oz),,Nano-SIM + Nano-SIM,256GB 8GB RAM,"16 MP, f/2.0, (wide), 1/3"", 1.0µm",,"6.6 inches, 104.9 cm2(~73.5% screen-to-body ratio)",No,IP68/IP69K dust/water resistant (up to 1.5m for 30 min)Drop resistant up to 1.8mMIL-STD-810H compliant,,-26.3 LUFS (Good),"Available. Released 2023, January 09",https://fdn2.gsmarena.com/vv/bigpic/blackview-bv-9200.jpg,,"USB Type-C, OTG","Fingerprint (side-mounted), accelerometer, gyro, proximity, compass, barometer",,,Blackview BV9200,HSDPA 850 / 900 / 1700(AWS) / 1900 / 2100,"HSPA, LTE","Yes, with dual speakers","5.2, A2DP, LE",,,"Black, Orange, Green","1, 2, 3, 4, 5, 7, 8, 12, 13, 17, 18, 19, 20, 25, 26, 28, 34, 38, 39, 40, 41, 66","Wi-Fi 802.11 a/b/g/n/ac, dual-band","GPS, GLONASS, GALILEO, BDS",Yes,,GSM 850 / 900 / 1800 / 1900,"LED flash, HDR, panorama",174.5 x 81.8 x 13.6 mm (6.87 x 3.22 x 0.54 in),
IP68/IP69K dust/water resistant (up to 1.5m for 30 min)Drop resistant up to 1.5mMIL-STD-810H compliant,,"720 x 1560 pixels, 19.5:9 ratio (~282 ppi density)",,About 100 EUR,,5180 mAh,,1080p@30fps,,PowerVR GE8320,microSDXC (dedicated slot),Mediatek MT6765 Helio G35 (12 nm),10W wiredReverse wired,GSM / HSPA / LTE,"2022, December 05",IPS LCD,"Android 12, Doke-OS 3.0",,,Blackview,,,,FM radio,,,Octa-core (4x2.3 GHz Cortex-A53 & 4x1.8 GHz Cortex-A53),,Yes,,268 g (9.45 oz),,Nano-SIM + Nano-SIM,64GB 4GB RAM,8 MP,,"6.1 inches, 91.3 cm2(~72.6% screen-to-body ratio)",No,,,,"Available. Released 2022, December 05",https://fdn2.gsmarena.com/vv/bigpic/blackview-bv5200-pro.jpg,,"USB Type-C, OTG",Unspecified,,,Blackview BV5200 Pro,HSDPA 900 / 2100,"HSPA, LTE",Yes,"5.0, A2DP, LE",,"13 MP, (wide), 1/3.06"", PDAFSecondary unspecified camera","Black, Orange, Green","1, 3, 7, 8, 20, 40","Wi-Fi 802.11 a/b/g/n/ac, dual-band","GPS, GLONASS, GALILEO, BDS",Yes,,GSM 850 / 900 / 1800 / 1900,"LED flash, HDR, panorama",161.6 x 77.9 x 13.7 mm (6.36 x 3.07 x 0.54 in),
UFS 2.1,,"720 x 1612 pixels, 20:9 ratio (~272 ppi density)",,About 160 EUR,,4480 mAh,,1080p@30fps,,Mali-G57 MP1,microSDXC (dedicated slot),Unisoc T606 (12 nm),18W wired,GSM / HSPA / LTE,"2022, November 22","IPS LCD, 90Hz","Android 12, Doke OS 3.0",,,Blackview,,,,FM radio,,,Octa-core (2x1.6 GHz Cortex-A75 & 6x1.6 GHz Cortex-A55),,Yes,,193 g (6.81 oz),"Glass front, aluminum frame, glass back",Nano-SIM + Nano-SIM,128GB 8GB RAM,"8 MP, (wide), 1/4.0"", 1.12µm",,"6.5 inches, 101.5 cm2(~81.2% screen-to-body ratio)",Yes,,,,"Available. Released 2022, November 25",https://fdn2.gsmarena.com/vv/bigpic/blackview-a85.jpg,,"Yes, OTG","Fingerprint (side-mounted), accelerometer, proximity",,,Blackview A85,HSDPA 900 / 2100,"HSPA, LTE",Yes,Yes,,"50 MP, (wide), 1/2.76"", 0.64µm, PDAF8 MP, 120˚ (ultrawide)","Black, Blue, Sky","1, 3, 7, 8, 20, 40",Yes,"GPS, GLONASS, GALILEO, BDS",Yes,,GSM 850 / 900 / 1800 / 1900,"Dual-LED dual-tone flash, HDR, panorama",164.3 x 76.1 x 8.7 mm (6.47 x 3.00 x 0.34 in),
eMMC,,"720 x 1600 pixels, 20:9 ratio (~270 ppi density)",,About 100 EUR,,5180 mAh,,1080p@30fps,,PowerVR GE8322,microSDXC (uses shared SIM slot),Unisoc SC9863A1 (28 nm),,GSM / HSPA / LTE,"2022, November 22",IPS LCD,"Android 12, Doke OS G0 3.0",,,Blackview,,,,Unspecified,,,Octa-core (4x1.6 GHz Cortex-A55 & 4x1.2 GHz Cortex-A55),,Yes,,183.6 g (6.49 oz),,Nano-SIM + Nano-SIM,32GB 2GB RAM,5 MP,,"6.5 inches, 102.0 cm2(~100.2% screen-to-body ratio)",Yes,,,,"Available. Released 2022, November 25",https://fdn2.gsmarena.com/vv/bigpic/blackview-a52.jpg,,microUSB 2.0,Unspecified,,,Blackview A52,HSDPA 900 / 2100,"HSPA, LTE",Yes,"4.2, A2DP",,13 MPother unspecified camera,"Polar Night, Vitality Green, Ice Blue","1, 3, 7, 8, 20",Wi-Fi 802.11 b/g/n,"GPS, GLONASS, GALILEO",No,,GSM 850 / 900 / 1800 / 1900,LED flash,164.2 x 62 x 9.1 mm (6.46 x 2.44 x 0.36 in),
IP68/IP69K dust/water resistant (up to 1.5m for 30 min)Drop resistant up to 1.8mMIL-STD-810H compliant,,"720 x 1560 pixels, 19.5:9 ratio (~282 ppi density)",,About 250 EUR,,5180 mAh,,1080p@30fps,,Mali-G52 MC2,microSDXC (uses shared SIM slot),Mediatek MT6769Z Helio G85 (12 nm),18W wired2.5W reverse wired,GSM / HSPA / LTE,"2022, October 26",IPS LCD,"Android 12, Doke-OS 3.0",,,Blackview,,,Corning Gorilla Glass 3,FM radio,,,Octa-core (2x2.0 GHz Cortex-A75 & 6x1.8 GHz Cortex-A55),,1080p@30fps,,288 g (10.16 oz),,Nano-SIM + Nano-SIM,128GB 6GB RAM,"8 MP, f/2.2, (wide), 1/4.0"", 1.12µm",,"6.1 inches, 91.3 cm2(~67.7% screen-to-body ratio)",No,eMMC 5.1,,,"Available. Released 2022, November 01",https://fdn2.gsmarena.com/vv/bigpic/blackview-bv7200.jpg,,"USB Type-C, OTG","Fingerprint (side-mounted), gyro, accelerometer, compass, barometer",,,Blackview BV7200,HSDPA 900 / 2100,"HSPA, LTE",Yes,"5.0, A2DP, LE",,"50 MP, f/1.8, (wide), 1/2.76"", 0.64µm, PDAF8 MP, 117˚ (ultrawide)","Black, Orange, Green","1, 3, 7, 8, 20, 40","Wi-Fi 802.11 a/b/g/n/ac, dual-band","GPS, GLONASS, GALILEO, BDS",Yes,,GSM 850 / 900 / 1800 / 1900,"Dual-LED flash, HDR, panorama",165.3 x 81.6 x 16 mm (6.51 x 3.21 x 0.63 in),
eMMC 5.1,,"1200 x 1920 pixels, 16:10 ratio (~216 ppi density)",,About 230 EUR,,8280 mAh,,1080p@30fps,,Mali-G52 MP2,microSDXC (uses shared SIM slot),Unisoc T610 (12 nm),18W wired,GSM / HSPA / LTE,"2022, October 26",IPS LCD,"Android 12, Doke OS_P 3.0",8 MP,,Blackview,,,,FM Radio,,,Octa-core (2x1.8 GHz Cortex-A75 & 6x1.8 GHz Cortex-A55),,Yes,,525 g (1.16 lb),,Nano-SIM + Nano-SIM,128GB 8GB RAM,13 MP,,"10.5 inches, 319.7 cm2(~80.3% screen-to-body ratio)",Yes,,,,"Available. Released 2022, October 26",https://fdn2.gsmarena.com/vv/bigpic/blackview-tab15.jpg,,"USB Type-C, OTG",Accelerometer,,,Blackview Tab 15,HSDPA 900 / 2100,"HSPA, LTE","Yes, with stereo speakers","5.0, A2DP",,,"Lunar Silver, Twilight Blue, Space Gray","1, 3, 7, 8, 20, 40","Wi-Fi 802.11 a/b/g/n/ac, dual-band","GPS, GLONASS, GALILEO",No,,GSM 850 / 900 / 1800 / 1900,LED flash,246.4 x 161.5 x 7.3 mm (9.70 x 6.36 x 0.29 in),
IP68/IP69K dust/water resistant (up to 1.5m for 30 min)MIL-STD-810H compliant,,"720 x 1560 pixels, 19.5:9 ratio (~282 ppi density)",,About 120 EUR,,5180 mAh,,1080p@30fps,,PowerVR GE8320,microSDXC (uses shared SIM slot),Mediatek MT6761 Helio A22 (12 nm),10W wired5W reverse wired,GSM / HSPA / LTE,"2022, September 07","IPS LCD, 450 nits","Android 12, Doke-OS 3.0",,,Blackview,,,,FM radio,,,Quad-core 2.0 GHz Cortex-A53,,Yes,,268 g (9.45 oz),,Nano-SIM + Nano-SIM,32GB 4GB RAM,5 MP,,"6.1 inches, 91.3 cm2(~72.6% screen-to-body ratio)",No,,,,"Available. Released 2022, September 14",https://fdn2.gsmarena.com/vv/bigpic/blackview-BV5200.jpg,,"USB Type-C, OTG","Accelerometer, gyro, compass",,,Blackview BV5200,HSDPA 900 / 2100,"HSPA, LTE",Yes,"5.0, A2DP, LE",,"13 MP, (wide), AFSecondary unspecified camera","Black, Orange, Green","1, 3, 7, 8, 20, 40","Wi-Fi 802.11 a/b/g/n/ac, dual-band","GPS, GLONASS, GALILEO, BDS",Yes,,GSM 850 / 900 / 1800 / 1900,"LED flash, HDR, panorama",161.6 x 77.9 x 13.7 mm (6.36 x 3.07 x 0.54 in),
IP68/IP69K dust/water resistant (up to 1.5m for 30 min)MIL-STD-810H compliant,"12 MP, f/2.0, (wide), 1/2.55"", 1.4µm, dual pixel AF8 MP, 117˚ (ultrawide)2 MP, (depth)","1080 x 2408 pixels, 20:9 ratio (~401 ppi density)",,About 220 EUR,,13000 mAh,,1080p@30fps,,Mali-G52 MC2,microSDXC (uses shared SIM slot),Mediatek MT6769Z Helio G85 (12 nm),"33W wired, 51% in 66 minReverse wired",GSM / HSPA / LTE,"2022, September 07","IPS LCD, 90Hz, 480 nits","Android 12, Doke-OS 3.0",,,Blackview,,,,FM radio,,,Octa-core (2x2.0 GHz Cortex-A75 & 6x1.8 GHz Cortex-A55),,1080p@30fps,,460 g (1.01 lb),,Nano-SIM + Nano-SIM,128GB 6GB RAM,8 MP,,"6.58 inches, 104.3 cm2(~73.6% screen-to-body ratio)",No,eMMC 5.1,,,"Available. Released 2022, September 14",https://fdn2.gsmarena.com/vv/bigpic/blackview-BV7100.jpg,,"USB Type-C, OTG","Fingerprint (side-mounted), accelerometer, gyro, compass",,,Blackview BV7100,HSDPA 900 / 2100,"HSPA, LTE",Yes,"5.0, A2DP, LE",,,"Black, Orange, Green","1, 3, 7, 8, 20, 40","Wi-Fi 802.11 a/b/g/n/ac, dual-band","GPS, GLONASS, GALILEO, BDS",Yes,,GSM 850 / 900 / 1800 / 1900,"LED flash, HDR, panorama",174 x 81.4 x 18.9 mm (6.85 x 3.20 x 0.74 in),
eMMC 5.1,,"1200 x 1920 pixels, 16:10 ratio (~224 ppi density)",,,,7280 mAh,,1080p@30fps,,Mali-G52 MC2,microSDXC (uses shared SIM slot),Mediatek MT6769Z Helio G85 (12 nm),,GSM / HSPA / LTE,"2022, August 20",IPS LCD,"Android 12, Doke OS_P 3.0",,,Blackview,,,,FM Radio,,,Octa-core (2x2.0 GHz Cortex-A75 & 6x1.8 GHz Cortex-A55),,Yes,,450 g (0.99 lb),,Nano-SIM + Nano-SIM,128GB 6GB RAM,8 MP,,"10.1 inches, 295.8 cm2(~78.6% screen-to-body ratio)",No,,,,"Available. Released 2022, August 20",https://fdn2.gsmarena.com/vv/bigpic/blackview-tab13.jpg,,"USB Type-C, OTG",Accelerometer,,,Blackview Tab 13,HSDPA 900 / 2100,"HSPA, LTE","Yes, with stereo speakers","5.0, A2DP",,13 MP2 MP,"Twilight Blue, Space Gray, Silver","1, 3, 7, 8, 20, 40","Wi-Fi 802.11 a/b/g/n/ac, dual-band","GPS, GLONASS, GALILEO, BDS",No,,GSM 850 / 900 / 1800 / 1900,,238.8 x 157.6 x 7.7 mm (9.40 x 6.20 x 0.30 in),
eMMC 5.1,,"800 x 1280 pixels, 16:10 ratio (~149 ppi density)",,About 140 EUR,,6580 mAh,,1080p@30fps,,PowerVR GE8300,microSDXC (uses shared SIM slot),Unisoc Tiger T310 (12 nm),10W wired,GSM / HSPA / LTE,"2022, July 05",IPS LCD,Android 11,"2 MP, f/2.8",,Blackview,,,Asahi Glass,FM Radio,,,Quad-core (1x2.0 GHz Cortex-A75 & 3x1.8 GHz Cortex-A55),,Yes,,536 g (1.18 lb),,Nano-SIM + Nano-SIM,32GB 3GB RAM,"5 MP, f/2.0",,"10.1 inches, 295.8 cm2(~76.6% screen-to-body ratio)",Yes,,,,"Available. Released 2022, July 05",https://fdn2.gsmarena.com/vv/bigpic/blackview-tab7.jpg,,"USB Type-C, OTG",Accelerometer,,,Blackview Tab 7,HSDPA 900 / 2100,"HSPA, LTE",Yes,"5.0, A2DP",,,"Grey, Blue, Silver","1, 3, 7, 8, 20, 40","Wi-Fi 802.11 a/b/g/n/ac, dual-band","GPS, GLONASS, GALILEO, BDS",No,,GSM 850 / 900 / 1800 / 1900,LED flash,241.3 x 160 x 8.9 mm (9.50 x 6.30 x 0.35 in),
eMMC 5.1,,"1200 x 1920 pixels, 16:10 ratio (~224 ppi density)",,About 160 EUR,,6580 mAh,,1440p@30fps,,IMG8322,microSDXC,Unisoc SC9863A (28 nm),10W wired,GSM / HSPA / LTE,"2022, May 15",IPS LCD,Android 11,"5 MP, f/2.2, (wide)",,Blackview,,,Asahi Glass,FM radio,,,Octa-core (4x1.6 GHz Cortex-A55 & 4x1.2 GHz Cortex-A55),,Yes,,430 g (15.17 oz),,Nano-SIM + Nano-SIM,64GB 4GB RAM,"13 MP, f/2.2, (wide)",,"10.1 inches, 295.8 cm2(~78.7% screen-to-body ratio)",Yes,,,,"Available. Released 2022, May 31",https://fdn2.gsmarena.com/vv/bigpic/blackview-Tab12.jpg,,"USB Type-C, OTG",Accelerometer,,,Blackview Tab 12,HSDPA 900 / 2100,"HSPA, LTE","Yes, with stereo speakers","5.0, A2DP, LE",,,"Gray, Blue, Silver","1, 3, 7, 8, 20, 40","Wi-Fi 802.11 a/b/g/n/ac, dual-band","GPS, GLONASS, BDS",No,,GSM 850 / 900 / 1800 / 1900,"LED flash, HDR",238.5 x 157.5 x 7.4 mm (9.39 x 6.20 x 0.29 in),
CDMA 800 / 1900,,"1080 x 2408 pixels, 20:9 ratio (~401 ppi density)","50 MP, f/1.8, (wide), PDAF5 MP, thermal assisted cameraFLIR thermal camera (Lepton module)2x 2 MP, (depth)",About 300 EUR,,8380 mAh,,1440p@30fps,IP68/IP69K dust/water resistant (up to 1.5m for 30 min)Drop resistant up to 1.5mMIL-STD-810H compliant,Mali-G57 MC2,No,Mediatek Dimensity 700 (7 nm),"33W wired, 31% in 30 min, 100% in 90 minReverse wired",GSM / CDMA / HSPA / CDMA2000 / LTE / 5G,"2022, May 09","IPS LCD, 480 nits","Android 11, Doke-OS 3.0",,,Blackview,"1, 3, 5, 7, 8, 20, 28, 38, 40, 41, 77, 78, 79 SA/NSA",,,FM radio,,,Octa-core (2x2.2 GHz Cortex-A76 & 6x2.0 GHz Cortex-A55),,1080p@30fps,,367 g (12.95 oz),,Nano-SIM + Nano-SIM,128GB 8GB RAM,"16 MP, f/2.0, (wide)",UFS 2.1,"6.58 inches, 104.3 cm2(~70.9% screen-to-body ratio)",No,CDMA2000 1x,,,"Available. Released 2022, May 09",https://fdn2.gsmarena.com/vv/bigpic/blackview-bl8800-pro.jpg,,"USB Type-C 2.0, OTG","Fingerprint (side-mounted), accelerometer, gyro, proximity, compass, barometer",,,Blackview BL8800 Pro,HSDPA 800 / 850 / 900 / 1700(AWS) / 1900 / 2100,"HSPA, LTE, 5G",Yes,"5.1, A2DP, LE",,,"Black, Orange, Green","1, 2, 3, 4, 5, 7, 8, 12, 13, 17, 18, 19, 20, 25, 26, 28, 30, 66",Wi-Fi 802.11 a/b/g/n/ac,"GPS, GLONASS, GALILEO, BDS",Yes,,GSM 850 / 900 / 1800 / 1900,"Thermal imaging, Dual-LED flash, HDR, panorama",176.2 x 83.5 x 17.7 mm (6.94 x 3.29 x 0.70 in),
CDMA 800 / 1900,,"1080 x 2408 pixels, 20:9 ratio (~401 ppi density)",,About 480 EUR,,8380 mAh,,1440p@30fps,IP68/IP69K dust/water resistant (up to 1.5m for 30 min)Drop resistant up to 1.5mMIL-STD-810H compliant,Mali-G57 MC2,No,Mediatek Dimensity 700 (7 nm),"33W wired, 31% in 30 min, 100% in 90 minReverse wired",GSM / CDMA / HSPA / CDMA2000 / LTE / 5G,"2022, May 09","IPS LCD, 480 nits","Android 11, Doke-OS 3.0",,,Blackview,"1, 3, 5, 7, 8, 20, 28, 38, 40, 41, 77, 78, 79 SA/NSA",,,FM radio,,,Octa-core (2x2.2 GHz Cortex-A76 & 6x2.0 GHz Cortex-A55),,1080p@30fps,,367 g (12.95 oz),,Nano-SIM + Nano-SIM,128GB 8GB RAM,"16 MP, f/2.0, (wide)",UFS 2.1,"6.58 inches, 104.3 cm2(~70.9% screen-to-body ratio)",No,CDMA2000 1x,,,"Available. Released 2022, May 09",https://fdn2.gsmarena.com/vv/bigpic/blackview-bl8800.jpg,,"USB Type-C 2.0, OTG","Fingerprint (side-mounted), accelerometer, gyro, proximity, compass, barometer",,,Blackview BL8800,HSDPA 800 / 850 / 900 / 1700(AWS) / 1900 / 2100,"HSPA, LTE, 5G",Yes,"5.1, A2DP, LE",,,"Black, Orange, Green","1, 2, 3, 4, 5, 7, 8, 12, 13, 17, 18, 19, 20, 25, 26, 28, 30, 66",Wi-Fi 802.11 a/b/g/n/ac,"GPS, GLONASS, GALILEO, BDS",Yes,"50 MP, f/1.8, (wide), PDAF8 MP, f/2.2, 117˚ (ultrawide)20 MP, f/1.8, (IR camera), 2 IR emitters2 MP, (depth)",GSM 850 / 900 / 1800 / 1900,"Dual-LED flash, HDR, panorama",176.2 x 83.5 x 17.7 mm (6.94 x 3.29 x 0.70 in),
eMMC,"13 MP, f/1.9, (wide), AFother unspecified cameras","720 x 1600 pixels, 20:9 ratio (~269 ppi density)",,About 130 EUR,,4780 mAh,,1080p@30fps,,PowerVR GE8320,microSDXC,Mediatek MT6762V Helio P22 (12 nm),,GSM / HSPA / LTE,"2022, March 07",IPS LCD,Android 11,,,Blackview,,,,FM radio,,,Octa-core (4x2.0 GHz Cortex-A53 & 4x1.5 GHz Cortex-A53),,Yes,,197 g (6.95 oz),,Nano-SIM + Nano-SIM,64GB 4GB RAM,"5 MP, f/2.2, (wide)",,"6.53 inches, 102.9 cm2(~81.4% screen-to-body ratio)",Yes,,,,"Available. Released 2022, March",https://fdn2.gsmarena.com/vv/bigpic/blackview-A55pro.jpg,,"microUSB 2.0, OTG","Fingerprint (rear-mounted), accelerometer, proximity",,,Blackview A55 Pro,HSDPA 900 / 2100,"HSPA, LTE",Yes,"4.1, A2DP",,,"Black, Blue, White, Green","1, 3, 7, 8, 20, 40","Wi-Fi 802.11 b/g/n/ac, dual-band","GPS, GLONASS, GALILEO, BDS",No,,GSM 850 / 900 / 1800 / 1900,LED flash,164.8 x 76.7 x 9.2 mm (6.49 x 3.02 x 0.36 in),
eMMC,"13 MP, f/2.0, (wide), AFother unspecified cameras","720 x 1560 pixels, 19.5:9 ratio (~286 ppi density)",,About 120 EUR,,4280 mAh,,1080p@30fps,,PowerVR GE8300,microSDXC,Unisoc Tiger T310 (12 nm),,GSM / HSPA / LTE,"2022, March 04",IPS LCD,Android 11,,,Blackview,,,,FM radio,,,Quad-core (1x2.0 GHz Cortex-A75 & 3x1.8 GHz Cortex-A55),,Yes,,156 g (5.50 oz),,Nano-SIM + Nano-SIM,64GB 3GB RAM,"5 MP, f/2.2, (wide)",,"6.01 inches, 88.7 cm2(~77.8% screen-to-body ratio)",Yes,,,,"Available. Released 2022, March",https://fdn2.gsmarena.com/vv/bigpic/blackview-A50.jpg,,"microUSB 2.0, OTG","Fingerprint (rear-mounted), accelerometer, proximity",,,Blackview A50,HSDPA 900 / 2100,"HSPA, LTE",Yes,"5.0, A2DP, LE",,,"Black, Green, Blue, Gradient","1, 3, 7, 8, 20, 40",Wi-Fi 802.11 b/g/n/ac,"GPS, GLONASS",No,,GSM 850 / 900 / 1800 / 1900,LED flash,156.4 x 72.9 x 8.9 mm (6.16 x 2.87 x 0.35 in),
HSDPA 850 / 900 / 1700(AWS) / 1900 / 2100 - USA,"20 MP, f/1.8, (wide), PDAFother unspecified cameras","720 x 1600 pixels, 20:9 ratio (~269 ppi density)",,About 190 EUR,,4380 mAh,,"1080p@30fps, HDR",UFS 2.1,Mali-G72 MP3,microSDXC,Mediatek MT6771V/CT Helio P70 (12 nm),18W wired,GSM / HSPA / LTE,"2022, January 22",IPS LCD,Android 11,,,Blackview,,,,FM radio,,,Octa-core (4x2.1 GHz Cortex-A73 & 4x2.0 GHz Cortex-A53),,1080p@30fps,,195 g (6.88 oz),,Nano-SIM + Nano-SIM,128GB 8GB RAM,"8 MP, f/2.2, (wide)",,"6.53 inches, 102.9 cm2(~83.3% screen-to-body ratio)",No,"1, 2, 3, 4, 5, 7, 8, 12, 13, 17, 25, 26, 28, 41, 66 - USA",,,"Available. Released 2022, February",https://fdn2.gsmarena.com/vv/bigpic/blackview-A95.jpg,,"USB Type-C 2.0, OTG","Fingerprint (side-mounted), accelerometer, proximity",,,Blackview A95,HSDPA 900 / 2100 - EU,"HSPA, LTE",Yes,"4.2, A2DP, LE",,,"Black, Gold, Blue","1, 3, 7, 8, 20, 40 - EU","Wi-Fi 802.11 b/g/n/ac, dual-band","GPS, GLONASS, GALILEO, BDS",No,,GSM 850 / 900 / 1800 / 1900,"LED flash, HDR",163.7 x 75.5 x 8.6 mm (6.44 x 2.97 x 0.34 in),
CDMA 800 / 1900,"16 MP, f/2.0, (wide), PDAF5 MP, thermal assisted cameraFLIR thermal camera (Lepton module)","720 x 1440 pixels, 18:9 ratio (~282 ppi density)",,About 260 EUR,,8580 mAh,,1080p@30fps,IP68/IP69K dust/water resistant (up to 1.5m for 30 min)Drop resistant up to 1.5mMIL-STD-810G compliant,PowerVR GE8320,microSDXC,Mediatek MT6765V/CA Helio P35 (12 nm),18W wired,GSM / CDMA / HSPA / CDMA2000 / LTE,"2021, September 28",IPS LCD,Android 11,,,Blackview,,,Dragontrail Glass,FM radio,,,Octa-core (4x2.35 GHz Cortex-A53 & 4x1.8 GHz Cortex-A53),,1080p@30fps,,325 g (11.46 oz),,Nano-SIM + Nano-SIM,64GB 4GB RAM,"8 MP, f/2.0, (wide)",eMMC,"5.7 inches, 83.8 cm2(~66.4% screen-to-body ratio)",No,CDMA2000 1x,,,"Available. Released 2021, October",https://fdn2.gsmarena.com/vv/bigpic/blackview-BV6600pro-b.jpg,,"USB Type-C 2.0, OTG","Fingerprint (side-mounted), accelerometer, gyro, proximity, compass",,,Blackview BV6600 Pro,HSDPA 850 / 900 / 1700(AWS) / 1900 / 2100,"HSPA, LTE",Yes,"5.0, A2DP, LE",,,"Black, Orange, Green","1, 2, 3, 4, 5, 7, 8, 12, 13, 17, 19, 18, 20, 28, 25, 26, 38, 40, 41, 66",Wi-Fi 802.11 a/b/g/n/ac,"GPS, GLONASS, GALILEO, BDS",Yes,,GSM 850 / 900 / 1800 / 1900,"Thermal imaging, LED flash",159 x 79.4 x 18 mm (6.26 x 3.13 x 0.71 in),
IP68/IP69K dust/water resistant (up to 1.5m for 30 min)Drop resistant up to 1.2mMIL-STD-810G compliant,,"720 x 1440 pixels, 18:9 ratio (~282 ppi density)",,About 150 EUR,,8580 mAh,,1080p@30fps,,IMG8322,microSDXC,Unisoc SC9863A (28 nm),10W wired,GSM / HSPA / LTE,"2021, September",IPS LCD,Android 11,"5 MP, f/2.2, (wide)",,Blackview,,,Dragontrail Glass,FM radio,,,Octa-core (4x1.6 GHz Cortex-A55 & 4x1.2 GHz Cortex-A55),,Yes,,325 g (11.46 oz),,Nano-SIM + Nano-SIM,32GB 4GB RAM,"13 MP, f/2.2, (wide), AF",,"5.7 inches, 83.8 cm2(~66.4% screen-to-body ratio)",No,eMMC,,,"Available. Released 2021, October",https://fdn2.gsmarena.com/vv/bigpic/blackview-BV6600E-b.jpg,,"USB Type-C 2.0, OTG","Fingerprint (side-mounted), accelerometer, gyro, proximity, compass",,,Blackview BV6600E,HSDPA 900 / 2100,"HSPA, LTE",Yes,"4.2, A2DP, LE",,,"Black, Orange, Green","1, 3, 7, 8, 20, 40",Wi-Fi 802.11 b/g/n,"GPS, GLONASS, BDS",No,,GSM 850 / 900 / 1800 / 1900,"LED flash, HDR",159 x 79.4 x 18 mm (6.26 x 3.13 x 0.71 in),
IP68/IP69K dust/water resistant (up to 1.5m for 30 min)Drop resistant up to 1.5mMIL-STD-810G compliant,,"720 x 1440 pixels, 18:9 ratio (~282 ppi density)",,About 120 EUR,,5580 mAh,,1080p@30fps,,IMG8322,microSDXC,Unisoc SC9863A (28 nm),,GSM / HSPA / LTE,"2021, October 02",IPS LCD,Android 11 (Go edition),"5 MP, f/2.2, (wide)",,Blackview,,,Dragontrail Glass,FM radio,,,Octa-core (4x1.6 GHz Cortex-A55 & 4x1.2 GHz Cortex-A55),,Yes,,261 g (9.21 oz),,Nano-SIM + Nano-SIM,32GB 2GB RAM,"8 MP, f/2.4, (wide), AF",,"5.7 inches, 83.8 cm2(~68.2% screen-to-body ratio)",Yes,eMMC,,,"Available. Released 2021, October",https://fdn2.gsmarena.com/vv/bigpic/blackview-BV4900s-b.jpg,,"microUSB 2.0, OTG","Fingerprint (side-mounted), accelerometer, gyro, proximity, compass",,,Blackview BV4900s,HSDPA 900 / 2100,"HSPA, LTE",Yes,"4.2, A2DP, LE",,,"Black, Orange, Green, Yellow","1, 3, 7, 8, 20, 40",Wi-Fi 802.11 b/g/n,"GPS, GLONASS, BDS",No,,GSM 850 / 900 / 1800 / 1900,LED flash,157.5 x 78.1 x 13.7 mm (6.20 x 3.07 x 0.54 in),
eMMC 5.1,,"1200 x 2000 pixels, 5:3 ratio (~225 ppi density)",,About 210 EUR,,6580 mAh,,720p,,Mali G52 MP2,microSDXC,Unisoc Tiger T618 (12 nm),10W wired,GSM / HSPA / LTE,"2021, November 15",IPS LCD,Android 11,,,Blackview,,,Asahi Glass,FM radio,,,Octa-core (2x2.0 GHz Cortex-A75 & 6x1.8 GHz Cortex-A55),,720p,,460 g (1.01 lb),,Nano-SIM + Nano-SIM,128GB 8GB RAM,"8 MP, f/2.2, (wide)",,"10.36 inches, 305.5 cm2(~78.9% screen-to-body ratio)",Yes,,,,"Available. Released 2021, November",https://fdn2.gsmarena.com/vv/bigpic/blackview-TAB11.jpg,,"USB Type-C, OTG","Accelerometer, proximity",,,Blackview Tab 11,HSDPA 900 / 2100,"HSPA, LTE","Yes, with stereo speakers","5.0, A2DP, LE",,"13 MP, f/2.0, (wide)other unspecified camera","Gray, Green, Silver","1, 3, 7, 8, 20",Wi-Fi 802.11 a/b/g/n/ac,"GPS, GLONASS, BDS",No,,GSM 850 / 900 / 1800 / 1900,LED flash,247 x 156.7 x 8.1 mm (9.72 x 6.17 x 0.32 in),
eMMC,,"800 x 1280 pixels, 16:10 ratio (~189 ppi density)",,About 120 EUR,,5580 mAh,,Yes,,PowerVR GE8300,microSDXC,Unisoc Tiger T310 (12 nm),,GSM / HSPA / LTE,"2021, November 15",IPS LCD,Android 11,"2 MP, f/2.2, (wide)",,Blackview,,,Innolux Glass,FM radio,,,Quad-core (1x2.0 GHz Cortex-A75 & 3x1.8 GHz Cortex-A55),,Yes,,365 g (12.87 oz),,Nano-SIM + Nano-SIM,32GB 3GB RAM,"5 MP, f/2.2, (wide)",,"8.0 inches, 185.6 cm2(~72.1% screen-to-body ratio)",Yes,,,,"Available. Released 2021, November",https://fdn2.gsmarena.com/vv/bigpic/blackview-TAB6.jpg,,"USB Type-C, OTG",Accelerometer,,,Blackview Tab 6,HSDPA 900 / 2100,"HSPA, LTE",Yes,"5.0, A2DP, LE",,,"Gray, Gold, Blue","1, 3, 7, 8, 20","Wi-Fi 802.11 a/b/g/n/ac, dual-band","GPS, GLONASS, GALILEO, BDS",No,,GSM 850 / 900 / 1800 / 1900,LED flash,207.6 x 124 x 9.5 mm (8.17 x 4.88 x 0.37 in),
eMMC 5.1,"12 MP, f/1.8, (wide), AFother unspecified cameras","720 x 1560 pixels, 19.5:9 ratio (~269 ppi density)",,About 150 EUR,,4280 mAh,,"1080p@30fps, HDR",,Mali-G72 MP3,microSDXC,Mediatek MT6771 Helio P60 (12 nm),10W wired,GSM / HSPA / LTE,"2021, May 04",IPS LCD,Android 11,,,Blackview,,,,FM radio,,,Octa-core (4x2.0 GHz Cortex-A73 & 4x2.0 GHz Cortex-A53),,1080p@30fps,,185 g (6.53 oz),,Nano-SIM + Nano-SIM,64GB 4GB RAM,"8 MP, f/2.2, (wide)",,"6.39 inches, 100.2 cm2(~77.7% screen-to-body ratio)",No,,,,"Available. Released 2021, May",https://fdn2.gsmarena.com/vv/bigpic/blackview-A90.jpg,,"USB Type-C 2.0, OTG","Fingerprint (side-mounted), accelerometer, gyro, proximity, compass",,,Blackview A90,HSDPA 850 / 900 / 2100,"HSPA, LTE",Yes,"4.2, A2DP, LE",,,"Black, Blue, Orange, Purple","1, 3, 7, 8, 20, 40","Wi-Fi 802.11 a/b/g/n/ac, dual-band","GPS, GLONASS, BDS",Yes,,GSM 850 / 900 / 1800 / 1900,"LED flash, HDR",166.3 x 77.6 x 8.8 mm (6.55 x 3.06 x 0.35 in),
CDMA 800,,"1200 x 1920 pixels, 16:10 ratio (~224 ppi density)",,About 170 EUR,,7480 mAh,,1080p@30fps,,Mali-G52 MP2,microSDXC,Unisoc T610 (12 nm),10W wired,GSM / CDMA / HSPA / LTE,"2021, March 24",IPS LCD,Android 10,"5 MP, f/2.4, (wide)",,Blackview,,,Asahi Glass,FM radio,,,Octa-core (2x1.8 GHz Cortex-A75 & 6x1.8 GHz Cortex-A55),,Yes,,570 g (1.26 lb),,Nano-SIM + Nano-SIM,64GB 4GB RAM,"13 MP, f/2.2, (wide)",,"10.1 inches, 295.8 cm2(~74.7% screen-to-body ratio)",Yes,eMMC,,,"Available. Released 2021, April",https://fdn2.gsmarena.com/vv/bigpic/blackview-TAB9.jpg,,"USB Type-C, OTG",No,,,Blackview Tab 9,HSDPA 900 / 2100,"HSPA, LTE",Yes,"5.0, A2DP, LE",,,"Gray, Gold","1, 3, 7, 8, 20","Wi-Fi 802.11 a/b/g/n/ac, dual-band","GPS, GLONASS, BDS",No,,GSM 850 / 900 / 1800 / 1900,LED flash,243.7 x 162.5 x 8.5 mm (9.59 x 6.40 x 0.33 in),
IP68/IP69K dust/water resistant (up to 1.5m for 30 min)Drop resistant up to 1.5mMIL-STD-810G compliant,,"720 x 1440 pixels, 18:9 ratio (~282 ppi density)",,About 160 EUR,,8580 mAh,,1080p@30fps,,PowerVR GE8320,microSDXC,Mediatek MT6762V/WD Helio A25 (12 nm),18W wired,GSM / HSPA / LTE,"2021, March 05",IPS LCD,Android 10,"8 MP, f/2.0, (wide)",,Blackview,,,Corning Gorilla Glass 3,FM radio,,,Octa-core (4x1.8 GHz Cortex-A53 & 4x1.5 GHz Cortex-A53),,1080p@30fps,,325 g (11.46 oz),,Nano-SIM + Nano-SIM,64GB 4GB RAM,"16 MP, f/2.0, (wide), PDAF",,"5.7 inches, 83.8 cm2(~66.4% screen-to-body ratio)",No,eMMC,,,"Available. Released 2021, March",https://fdn2.gsmarena.com/vv/bigpic/blackview-BV6600-b.jpg,,"USB Type-C 2.0, OTG","Fingerprint (side-mounted), accelerometer, gyro, proximity, compass",,,Blackview BV6600,HSDPA 850 / 900 / 1900 / 2100,"HSPA, LTE",Yes,"5.0, A2DP, LE",,,"Black, Orange, Green","1, 3, 7, 8, 20, 40",Wi-Fi 802.11 a/b/g/n/ac,"GPS, GLONASS, GALILEO, BDS",Yes,,GSM 850 / 900 / 1800 / 1900,"LED flash, HDR",159 x 79.4 x 18 mm (6.26 x 3.13 x 0.71 in),
CDMA 800 / 1900,"12 MP, f/1.8, (wide), dual pixel PDAF8 MP, (ultrawide)0.3 MP, (depth)","1080 x 2400 pixels, 20:9 ratio (~395 ppi density)",,About 180 EUR,,4680 mAh,,1080p@30fps,UFS 2.1,Mali-G72 MP3,microSDXC,Mediatek MT6771T Helio P70 (12 nm),18W wired,GSM / CDMA / HSPA / CDMA2000 / LTE,"2021, June 21",IPS LCD,Android 11,,,Blackview,,,,FM radio,,,Octa-core (4x2.1 GHz Cortex-A73 & 4x2.0 GHz Cortex-A53),,1080p@30fps,,195 g (6.88 oz),,Nano-SIM + Nano-SIM,128GB 6GB RAM,"8 MP, (wide)",,"6.67 inches, 107.4 cm2(~83.2% screen-to-body ratio)",No,CDMA2000 1x,,,"Available. Released 2021, June",https://fdn2.gsmarena.com/vv/bigpic/blackview-A100.jpg,,"USB Type-C 2.0, OTG","Fingerprint (side-mounted), accelerometer, gyro, proximity, compass",,,Blackview A100,HSDPA 850 / 900 / 1700(AWS) / 1900 / 2100,"HSPA, LTE",Yes,"4.2, A2DP, LE",,,"Gray, Blue, Green, Pink","1, 2, 3, 4, 5, 7, 8, 12, 13, 17, 18, 19, 20, 25, 26, 28, 34, 38, 39, 40, 41, 66","Wi-Fi 802.11 a/b/g/n/ac, dual-band","GPS, GLONASS, GALILEO, BDS",Yes,,GSM 850 / 900 / 1800 / 1900,LED flash,166.3 x 77.6 x 8.8 mm (6.55 x 3.06 x 0.35 in),
eMMC,,"1200 x 1920 pixels, 16:10 ratio (~224 ppi density)",,About 180 EUR,,7480 mAh,,1080p@30fps,,PowerVR GE8320,microSDXC,Mediatek MTK8768,18W wired,GSM / HSPA / LTE,"2021, June 08",IPS LCD,Android 11,"8 MP, f/2.2, (wide)",,Blackview,,,Rainbow Glass,FM radio,,,Octa-core 2.0 GHz Cortex-A53,,1080p@30fps,,523 g (1.15 lb),,Nano-SIM + Nano-SIM,64GB 4GB RAM,"13 MP, f/2.2, (wide)",,"10.1 inches, 295.8 cm2(~75.1% screen-to-body ratio)",No,,,,"Available. Released 2021, June",https://fdn2.gsmarena.com/vv/bigpic/blackview-TAB10.jpg,,"USB Type-C, OTG","Accelerometer, gyro, proximity",,,Blackview Tab 10,HSDPA 900 / 2100,"HSPA, LTE",Yes,"5.0, A2DP, LE",,,"Gray, Gold, Silver","1, 3, 7, 8, 20, 40","Wi-Fi 802.11 a/b/g/n/ac, dual-band","GPS, GLONASS, GALILEO, BDS",No,,GSM 850 / 900 / 1800 / 1900,LED flash,243 x 162 x 8.4 mm (9.57 x 6.38 x 0.33 in),
CDMA 800 / 1900,,1080 x 2300 pixels (~400 ppi density),,About 260 EUR,,4980 mAh,,1440p@30fps,IP68/IP69K dust/water resistant (up to 1.5m for 30 min)Drop resistant up to 1.5mMIL-STD-810G compliant,Mali-G57 MC2,No,Mediatek Dimensity 700 (7 nm),30W wired,GSM / CDMA / HSPA / CDMA2000 / LTE / 5G,"2021, July 29",IPS LCD,Android 11,,,Blackview,"1, 3, 5, 7, 8, 20, 28, 38, 40, 41, 77, 78, 79 SA/NSA",,Corning Gorilla Glass 5,FM radio,,,Octa-core (2x2.2 GHz Cortex-A76 & 6x2.0 GHz Cortex-A55),,1080p@30fps,,273 g (9.63 oz),,Nano-SIM + Nano-SIM,128GB 8GB RAM,"16 MP, f/2.0, (wide)",UFS 2.2,"6.36 inches, 100.4 cm2(~76.1% screen-to-body ratio)",No,CDMA2000 1x,,,"Available. Released 2021, August",https://fdn2.gsmarena.com/vv/bigpic/blackview-BL5000-b.jpg,,"USB Type-C 2.0, OTG","Fingerprint (side-mounted), accelerometer, gyro, proximity, compass, barometer",,,Blackview BL5000,HSDPA 800 / 850 / 900 / 1700(AWS) / 1900 / 2100,"HSPA, LTE, 5G",Yes,"5.2, A2DP, LE",,"12 MP, f/1.8, (wide), PDAF16 MP, 125˚ (ultrawide)","Black, Orange, Green","1, 2, 3, 4, 5, 7, 8, 12, 13, 17, 18, 19, 20, 25, 26, 28, 34, 38, 39, 40, 41, 66",Wi-Fi 802.11 a/b/g/n/ac,"GPS, GLONASS, GALILEO, BDS",Yes,,GSM 850 / 900 / 1800 / 1900,"LED flash, HDR, panorama",164 x 80.4 x 12.8 mm (6.46 x 3.17 x 0.50 in),
eMMC,"13 MP, f/2.2, (wide), AFother unspecified cameras","720 x 1600 pixels, 20:9 ratio (~269 ppi density)",,About 120 EUR,,5380 mAh,,1080p@30fps,,IMG8322,microSDXC,Unisoc SC9863A (28 nm),10W wired,GSM / HSPA / LTE,"2021, January 26",IPS LCD,Android 11,,,Blackview,,,,FM radio,,,Octa-core (4x1.6 GHz Cortex-A55 & 4x1.2 GHz Cortex-A55),,Yes,,205 g (7.23 oz),,Nano-SIM + Nano-SIM,32GB 3GB RAM,"5 MP, f/2.2, (wide)",,"6.52 inches, 102.6 cm2(~80.1% screen-to-body ratio)",Yes,,,,"Available. Released 2021, February",https://fdn2.gsmarena.com/vv/bigpic/blackview-A70.jpg,,"microUSB 2.0, OTG","Fingerprint (rear-mounted), accelerometer, proximity",,,Blackview A70,HSDPA 850 / 900 / 2100,"HSPA, LTE",Yes,"4.2, A2DP, LE",,,"Black, Blue, Red, Green","1, 3, 7, 8, 20, 40, 41",Wi-Fi 802.11 b/g/n,"GPS, GLONASS, BDS",No,,GSM 850 / 900 / 1800 / 1900,LED flash,165.3 x 77.5 x 8.3 mm (6.51 x 3.05 x 0.33 in),
eMMC 5.1,,"720 x 1520 pixels, 19:9 ratio (~270 ppi density)",,About 130 EUR,,4200 mAh,,1080p@30fps,,PowerVR GE8320,microSDXC,Mediatek MT6762V/WD Helio A25 (12 nm),,GSM / HSPA / LTE,"2021, January 12",IPS LCD,Android 10,,,Blackview,,,,FM radio,,,Octa-core (4x1.8 GHz Cortex-A53 & 4x1.5 GHz Cortex-A53),,Yes,,180 g (6.35 oz),,Nano-SIM + Nano-SIM,64GB 4GB RAM,"5 MP, (wide)",,"6.22 inches, 96.6 cm2(~80.3% screen-to-body ratio)",Yes,,,,"Available. Released 2021, January",https://fdn2.gsmarena.com/vv/bigpic/blackview-A80s.jpg,,"microUSB 2.0, OTG","Fingerprint (rear-mounted), accelerometer, proximity",,,Blackview A80s,HSDPA 850 / 900 / 1900 / 2100,"HSPA, LTE",Yes,"4.2, A2DP, LE",,,"Black, Blue, Red","1, 3, 7, 8, 20, 40","Wi-Fi 802.11 a/b/g/n/ac, dual-band","GPS, GLONASS, BDS",Yes,"13 MP, f/2.2, (wide), AFother unspecified cameras",GSM 850 / 900 / 1800 / 1900,"LED flash, HDR",157.6 x 76.3 x 8.8 mm (6.20 x 3.00 x 0.35 in),
eMMC,,"1200 x 1920 pixels, 16:10 ratio (~224 ppi density)",,About 140 EUR,,6580 mAh,,1080p@30fps,,IMG8322,microSDXC,Unisoc SC9863A (28 nm),10W wired,No cellular connectivity,"2021, January 06",IPS LCD,Android 10,"5 MP, f/2.2, (wide)",,Blackview,,,Asahi Glass,FM radio,,,Octa-core (4x1.6 GHz Cortex-A55 & 4x1.2 GHz Cortex-A55),,Yes,N/A,600 g (1.32 lb),,No,32GB 3GB RAM,"13 MP, f/2.2, (wide)",,"10.1 inches, 295.8 cm2(~74.8% screen-to-body ratio)",Yes,,,,"Available. Released 2021, January",https://fdn2.gsmarena.com/vv/bigpic/blackview-TAB8E.jpg,,"USB Type-C, OTG",Accelerometer,,N/A,Blackview Tab 8E,N/A,N/A,Yes,"5.0, A2DP, LE",,,"Gray, Gold",N/A,Wi-Fi 802.11 b/g/n/ac,"GPS, GLONASS, GALILEO, BDS",No,,N/A,LED flash,243.6 x 162.4 x 8.9 mm (9.59 x 6.39 x 0.35 in),
CDMA 800 / 1900,,"1080 x 2408 pixels, 20:9 ratio (~401 ppi density)",,About 350 EUR,"1348:1 contrast ratio, 501 nits max brightness (measured)",8380 mAh,,1440p@30fps,IP68/IP69K dust/water resistant (up to 1.5m for 30 min)Drop resistant up to 1.5mMIL-STD-810H compliant,Mali-G57 MC2,No,Mediatek MT6781 Helio G96 (12 nm),"33W wired, 31% in 30 min, 100% in 90 minReverse wired",GSM / CDMA / HSPA / CDMA2000 / LTE,"2021, December 24","IPS LCD, 90Hz, 480 nits","Android 11, Doke-OS 3.0",,,Blackview,,,,FM radio,,"AnTuTu: 254849 (v8), 288964 (v9)GeekBench: 1752 (v5.1)GFXBench: 10fps (ES 3.1 onscreen)",Octa-core (2x2.05 GHz Cortex-A76 & 6x2.0 GHz Cortex-A55),,1080p@30fps,,367 g (12.95 oz),,Nano-SIM + Nano-SIM,128GB 8GB RAM,"16 MP, f/2.0, (wide)",UFS 2.1,"6.58 inches, 104.3 cm2(~70.9% screen-to-body ratio)",No,CDMA2000 1x,Photo/Video,-29.3 LUFS (Average),"Available. Released 2022, January 10",https://fdn2.gsmarena.com/vv/bigpic/blackview-bv8800.jpg,,"USB Type-C 2.0, OTG","Fingerprint (side-mounted), accelerometer, gyro, proximity, compass, barometer",Endurance rating 199h,,Blackview BV8800,HSDPA 800 / 850 / 900 / 1700(AWS) / 1900 / 2100,"HSPA, LTE",Yes,"5.2, A2DP, LE",,,"Black, Orange, Green","1, 2, 3, 4, 5, 7, 8, 12, 13, 17, 18, 19, 20, 25, 26, 28, 30, 34, 38, 39, 40, 41, 66",Wi-Fi 802.11 a/b/g/n/ac,"GPS, GLONASS, GALILEO, BDS",Yes,"50 MP, f/1.8, (wide), PDAF8 MP, f/2.2, 117˚ (ultrawide)20 MP, f/1.8, (IR camera), 2 IR emitters2 MP, (depth)",GSM 850 / 900 / 1800 / 1900,"Dual-LED flash, HDR, panorama",176.2 x 83.5 x 17.7 mm (6.94 x 3.29 x 0.70 in),
eMMC,"13 MP, f/2.2, (wide), AFother unspecified cameras","720 x 1600 pixels, 20:9 ratio (~269 ppi density)",,About 120 EUR,,5380 mAh,,1080p@30fps,,PowerVR GE8300,microSDXC,Unisoc Tiger T310 (12 nm),,GSM / HSPA / LTE,"2021, December 24",IPS LCD,Android 11,,,Blackview,,,Panda Glass,FM radio,,,Quad-core (1x2.0 GHz Cortex-A75 & 3x1.8 GHz Cortex-A55),,Yes,,205 g (7.23 oz),,Nano-SIM + Nano-SIM,32GB 4GB RAM,"5 MP, f/2.2, (wide)",,"6.52 inches, 102.6 cm2(~80.7% screen-to-body ratio)",Yes,,,,"Available. Released 2021, December",https://fdn2.gsmarena.com/vv/bigpic/blackview-A70pro.jpg,,"microUSB 2.0, OTG","Fingerprint (rear-mounted), accelerometer, proximity",,,Blackview A70 Pro,HSDPA 900 / 2100,"HSPA, LTE",Yes,"5.0, A2DP, LE",,,"Black, Blue, Red, Green","1, 3, 7, 8, 20, 40","Wi-Fi 802.11 a/b/g/n/ac, dual-band","GPS, GLONASS, BDS",No,,GSM 850 / 900 / 1800 / 1900,LED flash,165.2 x 77 x 9.6 mm (6.50 x 3.03 x 0.38 in),
Stylus support,,"1200 x 1920 pixels, 16:10 ratio (~224 ppi density)",,About 220 EUR,,6580 mAh,,1080p@30fps,,Mali-G72 MP3,microSDXC,Mediatek MT8788V,30W wired,GSM / HSPA / LTE,"2021, December 16",IPS LCD,Android 11,"8 MP, f/2.2, (wide)",,Blackview,,,Asahi Glass,FM radio,,,Octa-core (4x2.0 GHz Cortex-A73 & 4x2.0 GHz Cortex-A53),,1080p@30fps,,588 g (1.30 lb),,Nano-SIM + Nano-SIM,128GB 8GB RAM,"13 MP, f/2.2, (wide)",,"10.1 inches, 295.8 cm2(~75.1% screen-to-body ratio)",No,UFS,,,"Available. Released 2021, December",https://fdn2.gsmarena.com/vv/bigpic/blackview-TAB10pro.jpg,,"USB Type-C, OTG","Accelerometer, gyro, proximity, compass",,,Blackview Tab 10 Pro,HSDPA 900 / 2100,"HSPA, LTE","Yes, with stereo speakers","5.0, A2DP, LE",,,"Gray, Gold, Silver","1, 3, 7, 8, 20, 40","Wi-Fi 802.11 a/b/g/n/ac, dual-band","GPS, GLONASS, BDS",No,,GSM 850 / 900 / 1800 / 1900,LED flash,243 x 162 x 8.8 mm (9.57 x 6.38 x 0.35 in),
eMMC,"8 MP, f/2.2, (wide), AFother unspecified cameras","720 x 1600 pixels, 20:9 ratio (~269 ppi density)",,About 100 EUR,,4780 mAh,,1080p@30fps,,PowerVR GE8300,microSDXC,Mediatek MT6761V Helio A22 (12 nm),,GSM / HSPA / LTE,"2021, December 06",IPS LCD,Android 11,,,Blackview,,,,FM radio,,,Quad-core 2.0 GHz Cortex-A53,,Yes,,196 g (6.91 oz),,Nano-SIM + Nano-SIM,16GB 3GB RAM,"5 MP, f/2.2, (wide)",,"6.53 inches, 102.9 cm2(~81.6% screen-to-body ratio)",Yes,,,,"Available. Released 2021, December",https://fdn2.gsmarena.com/vv/bigpic/blackview-A55.jpg,,"microUSB 2.0, OTG","Fingerprint (rear-mounted), accelerometer, proximity",,,Blackview A55,HSDPA 900 / 2100,"HSPA, LTE",Yes,"4.1, A2DP",,,"Gray, Green, Blue, Gradient","1, 3, 7, 8, 20, 40","Wi-Fi 802.11 a/b/g/n/ac, dual-band","GPS, GLONASS, BDS",No,,GSM 850 / 900 / 1800 / 1900,LED flash,164.5 x 76.7 x 9.1 mm (6.48 x 3.02 x 0.36 in),
CDMA 800 / 1900,,"1080 x 2280 pixels, 19:9 ratio (~432 ppi density)",,About 260 EUR,,4380 mAh,,"4K@30fps, 1080p@60fps",IP68/IP69K dust/water resistant (up to 1.5m for 30 min)Drop resistant up to 1.5mMIL-STD-810G compliant,PowerVR GM9446,microSDXC,Mediatek MT6779V/CE Helio P90 (12 nm),15W wired18W wireless,GSM / CDMA / HSPA / CDMA2000 / LTE,"2020, September 10",IPS LCD,Android 10,,,Blackview,,,Corning Gorilla Glass 5,FM radio,,,Octa-core (2x2.2 GHz Cortex-A75 & 6x2.0 GHz Cortex-A55),,1080p@30fps,,273 g (9.63 oz),,Nano-SIM + Nano-SIM,128GB 6GB RAM,"16 MP, f/2.0, (wide)",UFS 2.1,"5.84 inches, 85.1 cm2(~69.5% screen-to-body ratio)",No,CDMA2000 1x,,,"Available. Released 2020, September",https://fdn2.gsmarena.com/vv/bigpic/blackview-BV9900E-b.jpg,,"USB Type-C 2.0, OTG","Fingerprint (side-mounted), accelerometer, gyro, proximity, compass, barometer",,,Blackview BV9900E,HSDPA 800 / 850 / 900 / 1700(AWS) / 1900 / 2100,"HSPA, LTE",Yes,"5.0, A2DP, LE",,,"Black, Silver","1, 2, 3, 4, 5, 7, 8, 12, 13, 17, 18, 19, 20, 25, 26, 28, 34, 38, 39, 40, 41, 66",Wi-Fi 802.11 a/b/g/n/ac,"GPS, GLONASS, GALILEO, BDS",Yes,"48 MP, f/1.8, (wide), PDAF16 MP, 120˚ (ultrawide)2 MP, (macro)0.3 MP, (depth)",GSM 850 / 900 / 1800 / 1900,"LED flash, HDR, panorama",156.5 x 78.3 x 14.2 mm (6.16 x 3.08 x 0.56 in),
IP68/IP69K dust/water resistant (up to 1.5m for 30 min)Drop resistant up to 1.5mMIL-STD-810G compliant,,"720 x 1440 pixels, 18:9 ratio (~282 ppi density)",,About 140 EUR,,5580 mAh,,1080p@30fps,,PowerVR GE8320,microSDXC,Mediatek MT6762V/WD Helio P22 (12 nm),,GSM / HSPA / LTE,"2020, October 18",IPS LCD,Android 10,"5 MP, f/2.2, (wide)",,Blackview,,,Dragontrail Glass,FM radio,,,Octa-core 2.0 GHz Cortex-A53,,Yes,,261 g (9.21 oz),,Nano-SIM + Nano-SIM,64GB 4GB RAM,"13 MP, f/2.2, (wide), AF",,"5.7 inches, 83.8 cm2(~68.2% screen-to-body ratio)",Yes,eMMC,,,"Available. Released 2020, November",https://fdn2.gsmarena.com/vv/bigpic/blackview-BV4900Pro-b.jpg,,"microUSB 2.0, OTG","Fingerprint (side-mounted), accelerometer, gyro, proximity, compass",,,Blackview BV4900 Pro,HSDPA 850 / 900 / 1700(AWS) / 1900 / 2100,"HSPA, LTE",Yes,"5.0, A2DP, LE",,,"Black, Orange, Green, Yellow","1, 3, 7, 8, 20, 40","Wi-Fi 802.11 a/b/g/n/ac, dual-band","GPS, GLONASS, GALILEO, BDS",Yes,,GSM 850 / 900 / 1800 / 1900,LED flash,157.5 x 78.1 x 13.7 mm (6.20 x 3.07 x 0.54 in),
CDMA 800 / 1900,"48 MP, (wide), PDAF13 MP, 125˚ (ultrawide)0.3 MP",1080 x 2300 pixels (~400 ppi density),,About 380 EUR,,5280 mAh,,4K@30fps,IP68/IP69K dust/water resistant (up to 1.5m for 30 min)Drop resistant up to 1.5mMIL-STD-810G compliant,Mali-G57 MP4,No,Mediatek Dimensity 800 (7 nm),18W wiredWireless,GSM / CDMA / HSPA / CDMA2000 / LTE / 5G,"2020, November 17",IPS LCD,"Android 10, upgradable to Android 11",,,Blackview,"1, 3, 5, 8, 20, 28, 38, 41, 77, 78, 79 SA/NSA",,Corning Gorilla Glass 3,FM radio,,,Octa-core (4x2.0 GHz Cortex-A76 & 4x2.0 GHz Cortex-A55),,1080p@30fps,,273 g (9.63 oz),,Nano-SIM + Nano-SIM,258GB 8GB RAM,"16 MP, f/2.0, (wide)",UFS 2.1,"6.36 inches, 100.4 cm2(~74.1% screen-to-body ratio)",No,CDMA2000 1x,,,"Available. Released 2020, November",https://fdn2.gsmarena.com/vv/bigpic/blackview-BL6000Pro-b.jpg,,"USB Type-C 2.0, OTG","Fingerprint (side-mounted), accelerometer, gyro, proximity, compass, barometer",,,Blackview BL6000 Pro,HSDPA 800 / 850 / 900 / 1700(AWS) / 1900 / 2100,"HSPA, LTE, 5G",Yes,"5.1, A2DP, LE",,,"Black, Gray, Silver","1, 2, 3, 4, 5, 7, 8, 12, 13, 17, 18, 19, 20, 25, 26, 28, 34, 38, 39, 40, 41, 66",Wi-Fi 802.11 a/b/g/n/ac,"GPS, GLONASS, GALILEO, BDS, QZSS",Yes,,GSM 850 / 900 / 1800 / 1900,"LED flash, HDR, panorama",166.7 x 81.3 x 12.8 mm (6.56 x 3.20 x 0.50 in),
IP68/IP69K dust/water resistant (up to 1.5m for 30 min)Drop resistant up to 1.5mMIL-STD-810G compliant,"16 MP, f/2.0, (wide), AF8 MP, f/2.2, 117˚ (ultrawide)0.3 MP","720 x 1440 pixels, 18:9 ratio (~282 ppi density)",,About 180 EUR,,5580 mAh,,1080p@30fps,,PowerVR GE8320,microSDXC,Mediatek MT6762V/WD Helio P22 (12 nm),18W wiredWireless,GSM / HSPA / LTE,"2020, November 13",IPS LCD,Android 10,,,Blackview,,,Corning Gorilla Glass 3,FM radio,,,Octa-core (4x1.8 GHz Cortex-A53 & 4x1.5 GHz Cortex-A53),,1080p@30fps,,275 g (9.70 oz),,Nano-SIM + Nano-SIM,64GB 4GB RAM,"13 MP, f/2.2, (wide)",,"5.7 inches, 83.8 cm2(~67.7% screen-to-body ratio)",No,eMMC,,,"Available. Released 2020, November",https://fdn2.gsmarena.com/vv/bigpic/blackview-BV5100-b.jpg,,"USB Type-C 2.0, OTG","Fingerprint (side-mounted), accelerometer, gyro, proximity, compass",,,Blackview BV5100,HSDPA 850 / 900 / 1700(AWS) / 1900 / 2100,"HSPA, LTE",Yes,"5.0, A2DP, LE",,,"Black, Orange, Green, Yellow","1, 2, 3, 4, 5, 7, 8, 12, 13, 17, 18, 19, 20, 25, 26, 28, 38, 40, 41, 66",Wi-Fi 802.11 a/b/g/n,"GPS, GLONASS, GALILEO, BDS",Yes,,GSM 850 / 900 / 1800 / 1900,"LED flash, HDR",159.4 x 77.7 x 13.7 mm (6.28 x 3.06 x 0.54 in),
eMMC,,"1200 x 1920 pixels, 16:10 ratio (~224 ppi density)",,About 150 EUR,,6580 mAh,,1080p@30fps,,IMG8322,microSDXC,Unisoc SC9863A (28 nm),10W wired,GSM / HSPA / LTE,"2020, July 21",IPS LCD,Android 10,"5 MP, f/2.2, (wide)",,Blackview,,,Asahi Glass,FM radio,,,Octa-core (4x1.6 GHz Cortex-A55 & 4x1.2 GHz Cortex-A55),,Yes,,600 g (1.32 lb),,Nano-SIM + Nano-SIM,64GB 4GB RAM,"13 MP, f/2.2, (wide)",,"10.1 inches, 295.8 cm2(~74.8% screen-to-body ratio)",Yes,,,,"Available. Released 2020, July",https://fdn2.gsmarena.com/vv/bigpic/blackview-TAB8.jpg,,"USB Type-C, OTG",Accelerometer,,,Blackview Tab 8,HSDPA 900 / 2100,"HSPA, LTE",Yes,"5.0, A2DP, LE",,,"Gray, Gold","1, 3, 7, 8, 20",Wi-Fi 802.11 b/g/n/ac,"GPS, GLONASS, BDS",No,,GSM 850 / 900 / 1800 / 1900,LED flash,243.6 x 162.4 x 8.9 mm (9.59 x 6.39 x 0.35 in),
CDMA 800 / 1900,,"720 x 1440 pixels, 18:9 ratio (~282 ppi density)",,About 200 EUR,,4380 mAh,,1080p@30fps,IP68/IP69K dust/water resistant (up to 1.5m for 30 min)Drop resistant up to 1.5mMIL-STD-810G compliant,Mali-G72 MP3,microSDXC,Mediatek MT6771T Helio P70 (12 nm),18W wired10W wireless,GSM / CDMA / HSPA / CDMA2000 / LTE,"2020, February 24",IPS LCD,Android 10,,,Blackview,,,Corning Gorilla Glass 3,FM radio,,,Octa-core (4x2.1 GHz Cortex-A73 & 4x2.0 GHz Cortex-A53),,1080p@30fps,,230 g (8.11 oz),,Nano-SIM + Nano-SIM,128GB 6GB RAM,"13 MP, f/2.2, (wide)",eMMC,"5.7 inches, 83.8 cm2(~67.2% screen-to-body ratio)",Yes,CDMA2000 1x,,,"Available. Released 2020, May",https://fdn2.gsmarena.com/vv/bigpic/blackview-BV6300pro-b.jpg,,"USB Type-C 2.0, OTG","Fingerprint (rear-mounted), accelerometer, gyro, proximity, compass",,,Blackview BV6300 Pro,HSDPA 850 / 900 / 1700(AWS) / 1900 / 2100,"HSPA, LTE",Yes,"4.2, A2DP, LE",,,"Black, Orange, Green, Yellow","1, 2, 3, 4, 5, 7, 8, 12, 13, 17, 18, 19, 20, 25, 26, 28, 38, 40, 41, 66",Wi-Fi 802.11 a/b/g/n,"GPS, GLONASS, BDS",Yes,"16 MP, f/2.0, (wide), PDAF8 MP, f/2.2, 120˚ (ultrawide)2 MP, f/2.0, (macro)0.3 MP, f/1.8, (depth)",GSM 850 / 900 / 1800 / 1900,"Dual-LED flash, HDR",159.6 x 78.2 x 12.8 mm (6.28 x 3.08 x 0.50 in),
eMMC,,"720 x 1560 pixels, 19.5:9 ratio (~265 ppi density)",,About 130 EUR,,4680 mAh,,1080p@30fps,,PowerVR GE8320,microSDXC,Mediatek MT6762V/WD Helio A25 (12 nm),10W wired,GSM / HSPA / LTE,"2020, December 10",IPS LCD,Android 10,,,Blackview,,,,FM radio,,,Octa-core (4x1.8 GHz Cortex-A53 & 4x1.5 GHz Cortex-A53),,1080p@30fps,,180 g (6.35 oz),,Nano-SIM + Nano-SIM,64GB 4GB RAM,"8 MP, (wide)",,"6.49 inches, 103.4 cm2(~81.6% screen-to-body ratio)",Yes,,,,"Available. Released 2020, December",https://fdn2.gsmarena.com/vv/bigpic/blackview-A80plus.jpg,,"USB Type-C 2.0, OTG","Fingerprint (rear-mounted), accelerometer, proximity",,,Blackview A80 Plus,HSDPA 850 / 900 / 1900 / 2100,"HSPA, LTE",Yes,"4.2, A2DP, LE",,,"Black, Blue, Red","1, 3, 7, 8, 20, 40",Wi-Fi 802.11 b/g/n/ac,"GPS, GLONASS, BDS",Yes,"13 MP, f/2.0, (wide), AFother unspecified cameras",GSM 850 / 900 / 1800 / 1900,"LED flash, HDR",162.8 x 77.8 x 8.8 mm (6.41 x 3.06 x 0.35 in),
IP68/IP69K dust/water resistant (up to 1.5m for 30 min)Drop resistant up to 1.5mMIL-STD-810G compliant,,"720 x 1440 pixels, 18:9 ratio (~282 ppi density)",,About 130 EUR,,5580 mAh,,1080p@30fps,,PowerVR GE8320,microSDXC,Mediatek MT6761V/WE Helio A22 (12 nm),,GSM / HSPA / LTE,"2020, August 18",IPS LCD,Android 10,"5 MP, f/2.2, (wide)",,Blackview,,,Dragontrail Glass,FM radio,,,Quad-core 2.0 GHz Cortex-A53,,Yes,,261 g (9.21 oz),,Nano-SIM + Nano-SIM,32GB 3GB RAM,"8 MP, f/2.4, (wide), AF",,"5.7 inches, 83.8 cm2(~68.2% screen-to-body ratio)",Yes,eMMC,,,"Available. Released 2020, August",https://fdn2.gsmarena.com/vv/bigpic/blackview-BV4900-b.jpg,,"microUSB 2.0, OTG","Fingerprint (side-mounted), accelerometer, gyro, proximity, compass",,,Blackview BV4900,HSDPA 850 / 900 / 1700(AWS) / 1900 / 2100,"HSPA, LTE",Yes,"5.0, A2DP, LE",,,"Black, Orange, Green, Yellow","1, 3, 7, 8, 20, 40","Wi-Fi 802.11 a/b/g/n/ac, dual-band","GPS, GLONASS, GALILEO, BDS",Yes,,GSM 850 / 900 / 1800 / 1900,LED flash,157.5 x 78.1 x 13.7 mm (6.20 x 3.07 x 0.54 in),
CDMA 800 / 1900,"48 MP, (wide), PDAF5 MP, thermal assisted cameraFLIR thermal camera (Lepton module)","1080 x 2340 pixels, 19.5:9 ratio (~409 ppi density)",,About 340 EUR,,6580 mAh,,1080p@30fps,IP68/IP69K dust/water resistant (up to 1.5m for 30 min)Drop resistant up to 1.5mMIL-STD-810H compliant,Mali-G72 MP3,microSDXC,Mediatek MT6771V/CT Helio P70 (12 nm),18W wired,GSM / CDMA / HSPA / CDMA2000 / LTE,"2019, October 28",IPS LCD,Android 9.0 (Pie),,,Blackview,,,,FM radio,,,Octa-core (4x2.1 GHz Cortex-A73 & 4x2.0 GHz Cortex-A53),,1080p@30fps,,322 g (11.36 oz),,Nano-SIM + Nano-SIM,128GB 6GB RAM,"16 MP, f/2.0, (wide)",eMMC,"6.3 inches, 97.4 cm2(~71.4% screen-to-body ratio)",Yes,CDMA2000 1x,,,"Available. Released 2019, November",https://fdn2.gsmarena.com/vv/bigpic/blackview-BV9800pro-b.jpg,,"USB Type-C 2.0, OTG","Fingerprint (side-mounted), accelerometer, gyro, proximity, compass, barometer",,,Blackview BV9800 Pro,HSDPA 800 / 850 / 900 / 1700(AWS) / 1900 / 2100,"HSPA, LTE",Yes,"4.1, A2DP",,,"Black, Orange","1, 2, 3, 4, 5, 6, 7, 8, 12, 13, 17, 18, 19, 20, 25, 26, 28, 34, 38, 39, 40, 41, 66",Wi-Fi 802.11 a/b/g/n/ac,"GPS, GLONASS, GALILEO",Yes,,GSM 850 / 900 / 1800 / 1900,"Thermal imaging, LED flash",168.5 x 81 x 14.8 mm (6.63 x 3.19 x 0.58 in),
IP68/IP69K dust/water resistant (up to 1.5m for 30 min)Drop resistant up to 1.5mMIL-STD-810G compliant,,"720 x 1520 pixels, 19:9 ratio (~295 ppi density)",,About 80 EUR,,5580 mAh,,1080p@30fps,,PowerVR GE8320,microSD,Mediatek MT6761 Helio A22 (12 nm),10W wired,GSM / HSPA / LTE,"2019, August 14",IPS LCD,Android 9.0 (Pie),,,Blackview,,,,FM radio,,,Quad-core 2.0 GHz Cortex-A53,,Yes,,268 g (9.45 oz),,Nano-SIM + Nano-SIM,32GB 3GB RAM,"5 MP, f/2.2, (wide)",,"5.7 inches, 81.1 cm2(~63.8% screen-to-body ratio)",Yes,eMMC,,,"Available. Released 2019, August",https://fdn2.gsmarena.com/vv/bigpic/blackview-BV5900-b.jpg,,"USB Type-C 2.0, OTG","Fingerprint (side-mounted), accelerometer, gyro, proximity, compass",,,Blackview BV5900,HSDPA 850 / 1900  / 900 / 1800,"HSPA, LTE",Yes,"4.2, A2DP",,"13 MP, f/2.2, (wide), AF0.3 MP, f/2.8","Black, Orange, Green","1, 3, 7, 8, 20, 40",Wi-Fi 802.11 a/b/g/n,"GPS, GLONASS, GALILEO, BDS",Yes,,GSM 850 / 900 / 1800 / 1900,LED flash,159 x 80 x 15 mm (6.26 x 3.15 x 0.59 in),
eMMC 5.0,,"720 x 1440 pixels, 18:9 ratio (~282 ppi density)",,About 100 EUR,,"4180 mAh, non-removable",,1080p@30fps,,Mali-T720MP1,microSDXC (dedicated slot),Mediatek MT6737VWH,,GSM / HSPA / LTE,"2018, January",IPS LCD,Android 7.0 (Nougat),,,Blackview,,,,No,,,Quad-core 1.3 GHz Cortex-A53,,,,-,,Nano-SIM + Nano-SIM,16GB 2GB RAM,5 MP,,"5.7 inches, 83.8 cm2(~73.7% screen-to-body ratio)",Yes,,,,"Available. Released 2018, January",https://fdn2.gsmarena.com/vv/bigpic/blackview-s6.jpg,,"USB Type-C 2.0, OTG","Fingerprint (rear-mounted), accelerometer, gyro, proximity",,,Blackview S6,HSDPA 900 / 2100,"HSPA, LTE",Yes,"4.1, A2DP",,"8 MP, AF0.3 MP, (depth)","Black, Gold, Silver","1, 3, 7, 8, 20",Wi-Fi 802.11 b/g/n,GPS,No,,GSM 850 / 900 / 1800 / 1900,Dual-LED dual-tone flash,155 x 73.4 x 9.7 mm (6.10 x 2.89 x 0.38 in),
eMMC 5.1,,"720 x 1440 pixels, 18:9 ratio (~282 ppi density)",,About 170 EUR,,"3180 mAh, non-removable",,1080p@30fps,,Mali-T860MP2,microSDXC,Mediatek MT6750T (28 nm),10W wired,GSM / HSPA / LTE,"2017, September",IPS LCD,Android 7.0 (Nougat),,LED flash,Blackview,,"13 MP, AF, f/2.0VGA, depth sensor",,No,,,Octa-core (4x1.5 GHz Cortex-A53 & 4x1.0 GHz Cortex-A53),,,,190 g (6.70 oz),"Glass front, aluminum back, aluminum frame",Nano-SIM + Micro-SIM,64GB 4GB RAM,,,"5.7 inches, 83.8 cm2(~75.7% screen-to-body ratio)",Yes,,,,"Available. Released 2017, October",https://fdn2.gsmarena.com/vv/bigpic/blackview-s8.jpg,,"USB Type-C 2.0, OTG","Fingerprint (rear-mounted), accelerometer, gyro, proximity, compass",,,Blackview S8,HSDPA 900 / 2100,"HSPA, LTE",Yes,"4.0, A2DP",,"13 MP, f/2.0, AF0.3 MP, (depth)","Black, Gold, Blue","1, 3, 7, 8, 20",Wi-Fi 802.11 b/g/n,GPS,No,,GSM 850 / 900 / 1800 / 1900,"Dual-LED dual-tone flash, HDR, panorama",154 x 71.9 x 8.5 mm (6.06 x 2.83 x 0.33 in),
,,"1080 x 1920 pixels, 16:9 ratio (~401 ppi density)",,About 250 EUR,,"6180 mAh, non-removable",,1080p@30fps,,Mali-T880MP2,microSDXC,Mediatek MT6757CD Helio P25 (16 nm),10W wired,GSM / HSPA / LTE,2017,IPS LCD,Android 7.1.1 (Nougat),,,Blackview,,,,No,,,Octa-core (4x2.5 GHz Cortex-A53 & 4x1.4 GHz Cortex-A53),,,,230 g (8.11 oz),,Nano-SIM + Nano-SIM,64GB 6GB RAM,8 MP,,"5.5 inches, 83.4 cm2(~70.6% screen-to-body ratio)",Yes,,,,Available. Released 2017,https://fdn2.gsmarena.com/vv/bigpic/blackview-p6000.jpg,,"USB Type-C 2.0, OTG","Fingerprint (rear-mounted), accelerometer, proximity, compass",,,Blackview P6000,HSDPA 900 / 2100,"HSPA, LTE",Yes,"4.1, A2DP, LE",,"21 MP, f/2.0, AF0.3 MP, (depth)","Black, Blue","1, 3, 7, 8, 20",Wi-Fi 802.11 b/g/n,"GPS, GLONASS",No,,GSM 850 / 900 / 1800 / 1900,"Dual-LED flash, HDR, panorama",154.5 x 76.5 x 10.2 mm (6.08 x 3.01 x 0.40 in),
,,"720 x 1280 pixels, 16:9 ratio (~294 ppi density)",,About 70 EUR,,"2800 mAh, non-removable",,1080p@30fps,,Mali-400MP2,microSDHC (uses shared SIM slot),Mediatek MT6580A (28 nm),,GSM / HSPA,2017,IPS LCD,Android 7.0 (Nougat),,,Blackview,,,,No,,,Quad-core 1.3 GHz Cortex-A7,,,,169 g (5.96 oz),,Nano-SIM + Micro-SIM,16GB 2GB RAM,5 MP,,"5.0 inches, 68.9 cm2(~68.5% screen-to-body ratio)",Yes,,,,Available. Released 2017,https://fdn2.gsmarena.com/vv/bigpic/blackview-a10.jpg,,microUSB 2.0,"Fingerprint (rear-mounted), accelerometer",,,Blackview A10,HSDPA 900 / 2100,HSPA,Yes,"4.0, A2DP",,"8 MP, AF5 MP, f/2.4, (depth)","Olive Black, Lily White, Barley Golden, Coral Blue",,Wi-Fi 802.11 b/g/n,GPS,No,,GSM 850 / 900 / 1800 / 1900,LED flash,143.2 x 70.3 x 8.8 mm (5.64 x 2.77 x 0.35 in),
eMMC 5.0,,"720 x 1280 pixels, 16:9 ratio (~294 ppi density)",,About 80 EUR,,"2800 mAh, removable",,1080p@30fps,,Mali-T720,microSDHC,Mediatek MT6737 (28 nm),,GSM / HSPA / LTE,2017,IPS LCD,Android 7.0 (Nougat),,,Blackview,,,,No,,,Quad-core 1.3 GHz Cortex-A53,,,,176 g (6.21 oz),,Dual SIM,16GB 2GB RAM,5 MP,,"5.0 inches, 68.9 cm2(~67.9% screen-to-body ratio)",Yes,,,,Available. Released 2017,https://fdn2.gsmarena.com/vv/bigpic/blackview-a7-pro.jpg,,microUSB 2.0,"Fingerprint (rear-mounted), accelerometer",,,Blackview A7 Pro,HSDPA 900 / 2100,HSPA,Yes,"4.0, A2DP",,"8 MP, AF0.3 MP, (depth)","Champagne Gold, Chocolate Black, Cream White, Jelly Blue","1, 3, 7, 8, 20",Wi-Fi 802.11 b/g/n,GPS,No,,GSM 850 / 900 / 1800 / 1900,LED flash,143 x 71 x 9.5 mm (5.63 x 2.80 x 0.37 in),
,,"720 x 1280 pixels, 16:9 ratio (~294 ppi density)",,About 60 EUR,,"2800 mAh, removable",,1080p@30fps,,Mali-400MP2,microSDHC,Mediatek MT6580A (28 nm),,GSM / HSPA,2017,IPS LCD,Android 7.0 (Nougat),,,Blackview,,,,No,,,Quad-core 1.3 GHz Cortex-A7,,,,176 g (6.21 oz),,Dual SIM,8GB 1GB RAM,2 MP,,"5.0 inches, 68.9 cm2(~67.9% screen-to-body ratio)",Yes,,,,Available. Released 2017,https://fdn2.gsmarena.com/vv/bigpic/blackview-a7.jpg,,microUSB 2.0,Accelerometer,,,Blackview A7,HSDPA 900 / 2100,HSPA,Yes,"4.0, A2DP",,"5 MP, AF0.3 MP, (depth)","Champagne Gold, Chocolate Black, Cream White, Jelly Blue",,Wi-Fi 802.11 b/g/n,GPS,No,,GSM 850 / 900 / 1800 / 1900,LED flash,143 x 71 x 9.5 mm (5.63 x 2.80 x 0.37 in),
