,CPU,Model Name,Weight,Price,SIM,Size,2G bands,Positioning,Announced,256GB 16GB RAM,Charging,5G bands,Model Image,Video,Protection,GPU,Bluetooth,Video_1,NFC,Loudspeaker,Chipset,Card slot,Quad,USB,256GB 12GB RAM,Speed,GPRS,Resolution,128GB 6GB RAM,Build,Technology,EDGE,Penta,Radio,Type,WLAN,Dual,_2,Colors,3G bands,3.5mm jack,4G bands,Dimensions,256GB 24GB RAM,256GB 8GB RAM,Brand,Single,Internal,Single_1,Sensors,Features,OS,Triple,_1,512GB 16GB RAM,Type_1,Status
,Octa-core (2x2.0 GHz Cortex-A75 & 6x1.8 GHz Cortex-A55),Cubot Tab 70,555 g (1.22 lb),About 180 EUR,Nano-SIM + Nano-SIM,"10.95 inches, 347.7 cm2(~79.9% screen-to-body ratio)",GSM 850 / 900 / 1800 / 1900,"GPS, GALILEO, GLONASS, BDS","2024, December 26",,10W wired,,https://fdn2.gsmarena.com/vv/bigpic/cubot-tab70.jpg,1080p@30fps,,Mali-G57 MP1,5.0,Yes,No,"Yes, with stereo speakers",Unisoc Tiger T616 (12 nm),microSDXC (uses shared SIM slot),,"USB Type-C, OTG",,"HSPA, LTE",,"800 x 1280 pixels, 16:10 ratio (~138 ppi density)",,,GSM / HSPA / LTE,,,Unspecified,IPS LCD,"Wi-Fi 802.11 a/b/g/n/ac, dual-band",,,Gray,HSDPA 850 / 900 / 1700(AWS) / 1900 / 2100,Yes,"1, 2, 3, 4, 5, 7, 8, 12, 17, 20, 28, 41",257.6 x 169 x 8.1 mm (10.14 x 6.65 x 0.32 in),,,Cubot,"16 MP, AF2 MP, (macro)",128GB 6GB RAM,8 MP,"Accelerometer, gyro, compass",LED flash,Android 14,,,,8200 mAh,"Available. Released 2025, January 09"
IP68/IP69K dust/water resistant (up to 1.5m for 30 min)MIL-STD-810H compliant,Octa-core (2x2.2 GHz Cortex-A76 & 6x2.0 GHz Cortex-A55),Cubot Tab KingKong 2,1055 g (2.33 lb),About 220 EUR,Nano-SIM + Nano-SIM,"10.95 inches, 347.7 cm2(~70.0% screen-to-body ratio)",GSM 850 / 900 / 1800 / 1900,"GPS, GALILEO, GLONASS, BDS","2024, December 01",,33W wired,,https://fdn2.gsmarena.com/vv/bigpic/cubot-tab-kingkong2.jpg,1080p@30fps,Panda Glass,Mali-G57 MC2,"5.2, A2DP, LE",1080p@30fps,No,"Yes, with stereo speakers",Mediatek Helio G99 (6 nm),microSDXC (uses shared SIM slot),,"USB Type-C, OTG",,"HSPA, LTE",,"1200 x 1920 pixels, 16:10 ratio (~207 ppi density)",,,GSM / HSPA / LTE,,,Unspecified,IPS LCD,"Wi-Fi 802.11 a/b/g/n/ac, dual-band",,,Black,HSDPA 800 / 850 / 900 / 1700(AWS) / 1800 / 1900 / 2100,No,"1, 2, 3, 4, 5, 7, 8, 12, 13, 17, 18, 19, 20, 25, 26, 28, 34, 38, 39, 40, 41, 66",273.8 x 181.4 x 16.8 mm (10.78 x 7.14 x 0.66 in),,,Cubot,"64 MP, PDAF",256GB 8GB RAM,32 MP,"Accelerometer, gyro, compass",LED flash,Android 14,,,,20400 mAh,"Available. Released 2024, December 01"
"Secondary touch display on the back: 1.46 inches, 360 x 360 pixels",Octa-core (2x2.0 GHz Cortex-A75 & 6x1.8 GHz Cortex-A55),Cubot A30,216 g (7.62 oz),,Nano-SIM + Nano-SIM,"6.75 inches, 110.0 cm2(~83.3% screen-to-body ratio)",GSM 850 / 900 / 1800 / 1900,"GPS, GALILEO, GLONASS, BDS",2024,,,,https://fdn2.gsmarena.com/vv/bigpic/cubot-a30.jpg,Yes,,Mali-G57 MP1,"5.0, A2DP, LE",Yes,No,Yes,Unisoc Tiger T616 (12 nm),microSDXC (uses shared SIM slot),,"USB Type-C, OTG",,"HSPA, LTE",,"720 x 1600 pixels, 20:9 ratio (~260 ppi density)",,,GSM / HSPA / LTE,,,Unspecified,"IPS LCD, 90Hz","Wi-Fi 802.11 a/b/g/n/ac, dual-band",,,"Gray, Pink",HSDPA 850 / 900 / 1700(AWS) / 1900 / 2100,Yes,"1, 2, 3, 4, 5, 7, 8, 12, 17, 20, 28, 41",170.4 x 77.5 x 9.6 mm (6.71 x 3.05 x 0.38 in),,,Cubot,"48 MP, (wide), PDAFAuxiliary lens",128GB 6GB RAM,16 MP,"Accelerometer, proximity",LED flash,Android 14,,,,5100 mAh,Available. Released 2024
IP68/IP69K dust/water resistant (up to 1.5m for 30 min)MIL-STD-810H compliant,Octa-core (2x2.0 GHz Cortex-A75 & 6x1.8 GHz Cortex-A55),Cubot KingKong Ace 2,283 g (9.98 oz),,Nano-SIM + Nano-SIM,"6.56 inches, 103.4 cm2(~72.7% screen-to-body ratio)",GSM 850 / 900 / 1800 / 1900,"GPS, GLONASS, GALILEO, BDS",2024,,18W wired,,https://fdn2.gsmarena.com/vv/bigpic/cubot-kk-ace2.jpg,Yes,,Mali-G52 MC2,"5.0, A2DP, LE",Yes,Yes,Yes,Mediatek Helio G85 (12 nm),microSDXC (uses shared SIM slot),,"USB Type-C, OTG",,"HSPA, LTE",,"720 x 1612 pixels, 20:9 ratio (~269 ppi density)",,,GSM / HSPA / LTE,,,Unspecified,"IPS LCD, 90Hz","Wi-Fi 802.11 a/b/g/n/ac, dual-band","48 MP, (wide), PDAF2 MP, (macro)Auxiliary lens",,"Black/Orange, Black/Green",HSDPA 850 / 900 / 1700(AWS) / 1900 / 2100,Unspecified,"1, 2, 3, 4, 5, 7, 8, 12, 17, 20, 28, 41",173.9 x 81.8 x 12.7 mm (6.85 x 3.22 x 0.5 in),,,Cubot,16 MP,128GB 6GB RAM,,"Fingerprint (side-mounted), accelerometer, proximity, compass",LED flash,Android 14,,"Secondary touch display on the back: 1.32 inches, 360 x 360 pixels",,5100 mAh,Available. Released 2024
5 ATM waterproof,,Cubot GT1,92 g (3.25 oz),,No,1.43 inches,N/A,GPS (L1+L5),2024,,,,https://fdn2.gsmarena.com/vv/bigpic/cubot-gt1.jpg,,Panda Glass,,"5.3, A2DP",,No,Yes,,No,,No,,No,No,466 x 466 pixels (~461 ppi density),,Zinc alloy frame,No cellular connectivity,No,,No,TFT LCD,No,,,Black,N/A,No,N/A,53.9 x 51.9 x 13.2 mm (2.12 x 2.04 x 0.52 in),,,Cubot,,,,"Accelerometer, heart rate, SpO2, barometer, compass",,Proprietary OS,,No,,480 mAh,Available. Released 2024
IP68/IP69K dust/water resistant (up to 1.5m for 30 min)MIL-STD-810H compliant,Octa-core (1x3.1 GHz Cortex-A78 & 3x3.0 GHz Cortex-A78 & 4x2.0 GHz Cortex-A55),Cubot KingKong X Pro,392 g (13.83 oz),$ 258.09,Nano-SIM + Nano-SIM,"6.72 inches, 109.0 cm2(~74.4% screen-to-body ratio)",GSM 850 / 900 / 1800 / 1900,"GPS (L1+L5), GALILEO, GLONASS, BDS","2024, November 01",,33W wired,"1, 2, 3, 5, 7, 8, 20, 25, 28, 38, 40, 41, 66, 77, 78 SA/NSA",https://fdn2.gsmarena.com/vv/bigpic/cubot-kingkong-x-pro.jpg,Yes,,Mali-G610 MC6,"5.3, A2DP, LE",Yes,Yes,Yes,Mediatek Dimensity 8200 (4 nm),microSDXC (uses shared SIM slot),,"USB Type-C, OTG",$ 264.70,"HSPA, LTE, 5G",,"1080 x 2400 pixels, 20:9 ratio (~392 ppi density)",,,GSM / HSPA / LTE / 5G,,,Unspecified,"IPS LCD, 144Hz","Wi-Fi 802.11 a/b/g/n/ac/6, dual-band","100 MP, (wide), PDAF5 MP, (macro), AF",,Black,HSDPA 800 / 850 / 900 / 1700(AWS) / 1900 / 2100,No,"1, 2, 3, 4, 5, 7, 8, 12, 13, 17, 18, 19, 20, 25, 26, 28, 34, 38, 39, 40, 41, 66, 71",175.9 x 83.3 x 18.4 mm (6.93 x 3.28 x 0.72 in),$ 258.09,,Cubot,32 MP,"256GB 12GB RAM, 256GB 24GB RAM",,"Fingerprint (side-mounted), accelerometer, gyro, proximity, compass",LED flash,Android 14,,"Secondary screen on the back, 1.85 inches",,10200 mAh,"Available. Released 2024, November"
IP68/IP69K dust/water resistant (up to 1.5m for 30 min)MIL-STD-810H compliantLED stripes on the back (music/notice/calls),,Cubot KingKong Power 3,425 g (14.99 oz),$ 179.39,Nano-SIM + Nano-SIM,"6.72 inches, 108.8 cm2(~75.0% screen-to-body ratio)",GSM 850 / 900 / 1800 / 1900,"GPS, GALILEO, GLONASS, BDS","2024, September",,33W wiredReverse wired,,https://fdn2.gsmarena.com/vv/bigpic/cubot-kingkong-power3.jpg,Yes,,,"5.2, A2DP",Yes,Yes,Yes (123-decibel),Mediatek MT8781,microSDXC (uses shared SIM slot),,"USB Type-C, OTG",$ 249.99,"HSPA, LTE",,"1080 x 2408 pixels, 20:9 ratio (~393 ppi density)",,,GSM / HSPA / LTE,,,Unspecified,"IPS LCD, 120Hz","Wi-Fi 802.11 a/b/g/n/ac, dual-band","100 MP, (wide), PDAF5 MP, (macro)",,Black,HSDPA 800 / 850 / 900 / 1700(AWS) / 1900 / 2100,No,"1, 2, 3, 4, 5, 7, 8, 12, 13, 17, 18, 19, 20, 28, 38, 40, 41, 66",175.3 x 82.7 x 20 mm (6.90 x 3.26 x 0.79 in),,,Cubot,32 MP,256GB 12GB RAM,,"Fingerprint (side-mounted), accelerometer, gyro, proximity, compass",LED flash,Android 14,,,,10200 mAh,"Available. Released 2024, October"
IP68/IP69K dust/water resistant (up to 1.5m for 30 min)MIL-STD-810H compliant,Octa-core (1x3.1 GHz Cortex-A78 & 3x3.0 GHz Cortex-A78 & 4x2.0 GHz Cortex-A55),Cubot KingKong Star 2,305 g (10.76 oz),$ 249.71,Nano-SIM + Nano-SIM,"6.72 inches, 109.0 cm2(~75.0% screen-to-body ratio)",GSM 850 / 900 / 1800 / 1900,"GPS (L1+L5), GALILEO, GLONASS, BDS","2024, September 30",,33W wired,"1, 2, 3, 5, 7, 8, , 20, 25, 28, 38, 40, 41, 66, 77, 78 SA/NSA",https://fdn2.gsmarena.com/vv/bigpic/cubot-kingkong-star2.jpg,Yes,Corning Gorilla Glass,Mali-G610 MC6,"5.3, A2DP, LE",Yes,Yes,Yes,Mediatek Dimensity 8200 (4 nm),microSDXC (uses shared SIM slot),,"USB Type-C, OTG",$ 249.71,"HSPA, LTE, 5G",,"1080 x 2400 pixels, 20:9 ratio (~392 ppi density)",,,GSM / HSPA / LTE / 5G,,,Unspecified,"IPS LCD, 144Hz, 1500 nits (peak)","Wi-Fi 802.11 a/b/g/n/ac/6, dual-band","100 MP, (wide), PDAF5 MP, (macro), AF",,Black,HSDPA 800 / 850 / 900 / 1700(AWS) / 1900 / 2100,No,"1, 2, 3, 4, 5, 7, 8, 12, 13, 17, 18, 19, 20, 25, 26, 28, 34, 38, 39, 40, 41, 66, 71",177.7 x 81.8 x 13.5 mm (7.00 x 3.22 x 0.53 in),,,Cubot,32 MP,256GB 12GB RAM,,"Fingerprint (side-mounted), accelerometer, gyro, proximity, compass",LED flash,Android 14,,"Secondary screen on the back, 1.85 inches",,5100 mAh,"Available. Released 2024, October"
"Secondary display on the back: 1.83 inches, 240 x 284 pixels",Octa-core (2x2.0 GHz Cortex-A75 & 6x1.8 GHz Cortex-A55),Cubot A20,214 g (7.55 oz),,Nano-SIM + Nano-SIM,"6.75 inches, 110.0 cm2(~83.5% screen-to-body ratio)",GSM 850 / 900 / 1800 / 1900,"GPS, GALILEO, GLONASS, BDS","2024, September",,,,https://fdn2.gsmarena.com/vv/bigpic/cubot-a20.jpg,Yes,,Mali-G57 MP1,"5.0, A2DP, LE",Yes,No,Yes,Unisoc Tiger T616 (12 nm),microSDXC (uses shared SIM slot),,"USB Type-C, OTG",,"HSPA, LTE",,"720 x 1600 pixels, 20:9 ratio (~260 ppi density)",,,GSM / HSPA / LTE,,,Unspecified,"IPS LCD, 90Hz","Wi-Fi 802.11 a/b/g/n/ac, dual-band",,,"Black, Blue, Pink",HSDPA 850 / 900 / 1700(AWS) / 1900 / 2100,Yes,"1, 2, 3, 4, 5, 7, 8, 12, 17, 20, 28, 41",169.4 x 77.8 x 9.6 mm (6.67 x 3.06 x 0.38 in),,,Cubot,"48 MP, (wide), PDAFAuxiliary lens",128GB 4GB RAM,16 MP,"Accelerometer, proximity",LED flash,Android 14,,,,5100 mAh,"Available. Released 2024, September"
1 ATM waterproof,,Cubot C29,42.1 g (1.48 oz),,No,1.52 inches,N/A,No,"2024, August",,,,https://fdn2.gsmarena.com/vv/bigpic/cubot-c29.jpg,,,,"5.3, A2DP",,No,Yes,,No,,No,,No,No,360 x 360 pixels (~335 ppi density),,"Zinc alloy/ Stainless steel frame, titanium bezel",No cellular connectivity,No,,No,TFT LCD,No,,,Black,N/A,No,N/A,51.9 x 49.5 x 13.4 mm (2.04 x 1.95 x 0.53 in),,,Cubot,,128Mb,,"Accelerometer, heart rate, SpO2, blood pressure",,Proprietary OS,,No,,410 mAh,"Available. Released 2024, August"
IP68/IP69K dust/water resistant (up to 1.5m for 30 min),Octa-core (2x1.6 GHz Cortex-A75 & 6x1.6 GHz Cortex-A55),Cubot KingKong ES,268 g (9.45 oz),$ 98.56 / € 119.95,Nano-SIM + Nano-SIM,"6.56 inches, 103.4 cm2(~73.8% screen-to-body ratio)",GSM 850 / 900 / 1800 / 1900,"GPS, GALILEO, GLONASS, BDS","2024, August 20",,Wired,,https://fdn2.gsmarena.com/vv/bigpic/cubot-kingkong-es.jpg,Yes,,Mali-G57 MP1,"5.0, A2DP, LE",Yes,No,Yes,Unisoc T606 (12 nm),microSDXC (uses shared SIM slot),,USB Type-C,,"HSPA, LTE",,"720 x 1612 pixels, 20:9 ratio (~269 ppi density)",$ 98.56,,GSM / HSPA / LTE,,,No,"IPS LCD, 90Hz","Wi-Fi 802.11 a/b/g/n/ac, dual-band",,,Black/Orange,HSDPA 850 / 900 / 1700(AWS) / 1900 / 2100,No,"1, 2, 3, 4, 5, 7, 8, 12, 17, 20, 28, 41",172.6 x 81.2 x 12.8 mm (6.80 x 3.20 x 0.50 in),,,Cubot,16 MP,128GB 6GB RAM,,"Accelerometer, proximity, compass",LED flash,Android 14,"48 MP, (wide), PDAF2 MP, (macro)Auxiliary lens",,,5100 mAh,"Available. Released 2024, August"
1 ATM waterproof,,Cubot C28,44.5 g (1.59 oz),,No,2.02 inches,N/A,No,"2024, August",,,,https://fdn2.gsmarena.com/vv/bigpic/cubot-c28.jpg,,,,Yes,,No,Yes,,No,,No,,No,No,320 x 390 pixels (~250 ppi density),,Zinc alloy frame,No cellular connectivity,No,,No,TFT LCD,No,,,"Black, Green",N/A,No,N/A,58.3 x 46.1 x 13.3 mm (2.30 x 1.81 x 0.52 in),,,Cubot,,128Mb,,"Accelerometer, heart rate, SpO2, blood pressure",,Proprietary OS,,No,,410 mAh,"Available. Released 2024, August"
,Octa-core (1x3.1 GHz Cortex-A78 & 3x3.0 GHz Cortex-A78 & 4x2.0 GHz Cortex-A55),Cubot Max 5,223 g (7.87 oz),$ 228.79 / £ 237.98 / € 289.00,Nano-SIM + Nano-SIM,"6.95 inches, 114.7 cm2(~83.6% screen-to-body ratio)",GSM 850 / 900 / 1800 / 1900,"GPS (L1+L5), GLONASS, GALILEO, BDS","2024, July 03",,33W wired,"1, 2, 3, 5, 7, 8, 20, 25, 28, 38, 40, 41, 66, 77, 78 SA/NSA",https://fdn2.gsmarena.com/vv/bigpic/cubot-max5.jpg,"4K@30fps, 1080p@30fps",,Mali-G610 MC6,"5.3, A2DP, LE",1080p@30fps,Yes,Yes,Mediatek Dimensity 8200 (4 nm),No,,"USB Type-C, OTG, DisplayPort",$ 299.99,"HSPA, LTE, 5G",,1080 x 2460 pixels (~387 ppi density),,,GSM / HSPA / LTE / 5G,,,Unspecified,"IPS LCD, 144Hz","Wi-Fi 802.11 a/b/g/n/ac/6, dual-band","100 MP, (wide), PDAF5 MP, (macro)",,"Tech Black, Pearl White",HSDPA 800 / 850 / 900 / 1700(AWS) / 1900 / 2100,No,"1, 2, 3, 4, 5, 7, 8, 12, 13, 17, 18, 19, 20, 25, 26, 28, 34, 38, 39, 40, 41, 66, 71",173.9 x 78.9 x 9.2 mm (6.85 x 3.11 x 0.36 in),,,Cubot,"32 MP, AF",256GB 12GB RAM,,"Fingerprint (side-mounted), accelerometer, gyro, proximity, compass","LED flash, HDR, panorama",Android 14,,,,5100 mAh,"Available. Released 2024, July 22"
IP68/IP69K dust/water resistant (up to 1.5m for 30 min)Drop resistant up to 1.5mMIL-STD-810H compliant,Octa-core (2x2.6 GHz Cortex-A78 & 6x2.0 GHz Cortex-A55),Cubot KingKong X,388 g (13.69 oz),"$ 232.49 / € 299.99 / ₹ 58,888",Nano-SIM + Nano-SIM,"6.58 inches, 104.3 cm2(~74.2% screen-to-body ratio)",GSM 850 / 900 / 1800 / 1900,"GPS, GLONASS, GALILEO, BDS","2024, June 28",$ 232.49,"33W wired, PD",,https://fdn2.gsmarena.com/vv/bigpic/cubot-kingkong-x.jpg,"4K@30fps, 1080p@30fps",,Mali-G68 MC4,"5.1, A2DP, LE",Yes,Yes,Yes,Mediatek Dimensity 7050 (6 nm),microSDXC (uses shared SIM slot),,"USB Type-C, OTG",,"HSPA, LTE",,"1080 x 2408 pixels, 20:9 ratio (~401 ppi density)",,,GSM / HSPA / LTE,,,Unspecified,"IPS LCD, 120Hz","Wi-Fi 802.11 a/b/g/n/ac/6, dual-band","100 MP, (wide), PDAF5 MP, (macro)",UFS 3.1,Black,HSDPA 800 / 850 / 900 / 1700(AWS) / 1900 / 2100,Unspecified,"1, 2, 3, 4, 5, 7, 8, 12, 17, 18, 19, 20, 25, 26, 28, 34, 38, 39, 40, 41, 66",170.9 x 82.2 x 18.7 mm (6.73 x 3.24 x 0.74 in),,,Cubot,32 MP,"256GB 16GB RAM, 512GB 16GB RAM",,"Fingerprint (side-mounted), accelerometer, gyro, proximity, compass","LED flash, HDR",Android 14,,"Secondary 1.85"" touchscreen on the back",$ 344.99,10200 mAh,"Available. Released 2024, July 23"
IP68/IP69K dust/water resistant (up to 1.5m for 30 min),Octa-core (2x2.0 GHz Cortex-A75 & 6x1.8 GHz Cortex-A55),Cubot KingKong Ace 3,284 g (10.02 oz),,Nano-SIM + Nano-SIM,"6.58 inches, 104.3 cm2(~73.3% screen-to-body ratio)",GSM 850 / 900 / 1800 / 1900,"GPS, GLONASS, GALILEO, BDS","2024, June 28",,33W wired,,https://fdn2.gsmarena.com/vv/bigpic/cubot-kingkong-ace3.jpg,Yes,,Mali-G52 MC2,"5.0, A2DP, LE",Yes,Yes,Yes,Mediatek Helio G88 (12 nm),microSDXC (uses shared SIM slot),,"USB Type-C, OTG",,"HSPA, LTE",,"1080 x 2408 pixels, 20:9 ratio (~401 ppi density)",,,GSM / HSPA / LTE,,,Unspecified,"IPS LCD, 90Hz","Wi-Fi 802.11 a/b/g/n/ac, dual-band","100 MP, (wide), PDAF5 MP, (macro)",,Black/Orange,HSDPA 800 / 850 / 900 / 1700(AWS) / 1900 / 2100,Unspecified,"1, 2, 3, 4, 5, 7, 8, 12, 13, 17, 18, 19, 20, 26, 28, 38, 39, 40, 41, 66",173.9 x 81.8 x 12.7 mm (6.85 x 3.22 x 0.5 in),,,Cubot,32 MP,256GB 8GB RAM,,"Fingerprint (side-mounted), accelerometer, gyro, proximity, compass",LED flash,Android 14,,"Secondary 1.32"" touchscreen on the back",,5100 mAh,"Available. Released 2024, July 23"
,Octa-core (2x1.6 GHz Cortex-A75 & 6x1.6 GHz Cortex-A55),Cubot A10,200 g (7.05 oz),About 90 EUR,Nano-SIM + Nano-SIM,"6.56 inches, 103.4 cm2(~82.7% screen-to-body ratio)",GSM 850 / 900 / 1800 / 1900,"GPS, GLONASS, GALILEO","2024, June",,,,https://fdn2.gsmarena.com/vv/bigpic/cubot-a10.jpg,Yes,,Mali-G57 MP1,"5.0, A2DP, LE",Yes,No,Yes,Unisoc T606 (12 nm),microSDXC (uses shared SIM slot),,"USB Type-C, OTG",,"HSPA, LTE",,"720 x 1612 pixels, 20:9 ratio (~269 ppi density)",,,GSM / HSPA / LTE,,,Unspecified,"IPS LCD, 90Hz","Wi-Fi 802.11 a/b/g/n/ac, dual-band",,,"Black, Blue, Purple",HSDPA 850 / 900 / 1700(AWS) / 1900 / 2100,Yes,"1, 2, 3, 4, 5, 7, 8, 12, 17, 20, 28, 41",165.6 x 75.5 x 10.4 mm (6.52 x 2.97 x 0.41 in),,,Cubot,"48 MP, (wide), AFAuxiliary lens",128GB 4GB RAM,16 MP,"Accelerometer, proximity",LED flash,Android 14,,,,5100 mAh,"Available. Released 2024, June"
,Octa-core (2x2.2 GHz Cortex-A76 & 6x2.0 GHz Cortex-A55),Cubot X90,207 g (7.30 oz),About 290 EUR,Nano-SIM + Nano-SIM,"6.67 inches, 107.4 cm2(~89.5% screen-to-body ratio)",GSM 850 / 900 / 1800 / 1900,"GPS, GALILEO, GLONASS, BDS","2024, May",,33W wired,,https://fdn2.gsmarena.com/vv/bigpic/cubot-x90.jpg,1080p@30fps,,Mali-G57 MC2,"5.2, A2DP",1080p@30fps,Yes,Yes,Mediatek Helio G99 (6 nm),No,,"USB Type-C, OTG",,"HSPA, LTE",,"1080 x 2400 pixels, 20:9 ratio (~395 ppi density)",,,GSM / HSPA / LTE,,,Unspecified,"AMOLED, 1B colors, 120Hz, 1500 nits (peak)","Wi-Fi 802.11 a/b/g/n/ac, dual-band",,,"Green, Black",HSDPA 800 / 850 / 900 / 1700(AWS) / 1900 / 2100,No,"1, 2, 3, 4, 5, 7, 8, 12, 13, 17, 18, 19, 20, 25, 26, 28, 38, 39, 40, 41, 66",162.2 x 74 x 9.4 mm (6.39 x 2.91 x 0.37 in),,,Cubot,32 MP,256GB 16GB RAM,,"Fingerprint (under display, optical), accelerometer, gyro, proximity, compass","LED flash, HDR, panorama",Android 14,"100 MP, f/1.9, (wide), 1/1.8"", PDAF16 MP, 117˚ (ultrawide)5 MP, (macro)",,,5100 mAh,"Available. Released 2024, May"
Waterproof (2ATM) 20m,,Cubot X1,-,About 50 EUR,No,2.13 inches,N/A,No,"2024, May",,,,https://fdn2.gsmarena.com/vv/bigpic/oukitel-bt80.jpg,,Tempered glass,,5.2,,No,Yes,,No,,No,,No,No,410 x 502 pixels (~304 ppi density),,,No cellular connectivity,No,,No,AMOLED,No,,,Gray,N/A,No,N/A,52.7 x 44.5 x 14.2 mm (2.07 x 1.75 x 0.56 in),,,Cubot,,Unspecified,,"Accelerometer, heart rate, SpO2, blood pressure, barometer, compass",,Proprietary OS,,No,,850 mAh,"Available. Released 2024, May"
"Secondary 1.41"" AMOLED display on the back",Octa-core (4x2.0 GHz Cortex-A73 & 4x2.0 GHz Cortex-A53),Cubot Hafury V1,200 g (7.05 oz),$ 145.99,Nano-SIM + Nano-SIM,"6.58 inches, 104.3 cm2(~83.0% screen-to-body ratio)",GSM 850 / 900 / 1800 / 1900,"GPS, GALILEO, GLONASS","2024, April 02",,18W wired,,https://fdn2.gsmarena.com/vv/bigpic/cubot-hafury-v1.jpg,1080p@30fps,,Mali-G72 MP3,"4.2, A2DP",1080p@30fps,Yes,Yes,Mediatek MT8788V/WA (12 nm),microSDXC (uses shared SIM slot),,"USB Type-C, OTG",,"HSPA, LTE",,"1080 x 2408 pixels, 20:9 ratio (~401 ppi density)",,,GSM / HSPA / LTE,,,Unspecified,IPS LCD,"Wi-Fi 802.11 a/b/g/n/ac, dual-band",,,"Black, Pink, Light Blue",HSDPA 800 / 850 / 900 / 1700(AWS) / 1900 / 2100,No,"1, 2, 3, 4, 5, 7, 8, 12, 13, 17, 18, 19, 20, 26, 28, 34, 38, 39, 40, 41, 66",165.8 x 75.8 x 9 mm (6.53 x 2.98 x 0.35 in),,$ 145.99,Cubot,32 MP,256GB 8GB RAM,,"Fingerprint (side-mounted), accelerometer, gyro, proximity, compass",LED flash,Android 13,"64 MP, (wide), PDAF2 MP, (macro)Auxiliary lens",,,4350 mAh,"Available. Released 2024, April"
,Octa-core (2x2.2 GHz Cortex-A76 & 6x2.0 GHz Cortex-A55),Cubot Hafury Meet,211 g (7.44 oz),About 200 EUR,Nano-SIM + Nano-SIM,"6.67 inches, 107.4 cm2(~89.5% screen-to-body ratio)",GSM 850 / 900 / 1800 / 1900,"GPS, GALILEO, GLONASS, BDS","2024, April 02",,33W wired,,https://fdn2.gsmarena.com/vv/bigpic/cubot-hafury-meet.jpg,1080p@30fps,,Mali-G57 MC2,"5.2, A2DP",1080p@30fps,Yes,Yes,Mediatek Helio G99 (6 nm),microSDXC (uses shared SIM slot),,"USB Type-C, OTG",,"HSPA, LTE",,"1080 x 2400 pixels, 20:9 ratio (~395 ppi density)",,,GSM / HSPA / LTE,,,Unspecified,"AMOLED, 1B colors, 120Hz, 1500 nits (peak)","Wi-Fi 802.11 a/b/g/n/ac, dual-band",,,Green,HSDPA 800 / 850 / 900 / 1700(AWS) / 1900 / 2100,No,"1, 2, 3, 4, 5, 7, 8, 12, 13, 17, 18, 19, 20, 25, 26, 28, 38, 39, 40, 41, 66",162.2 x 74 x 9.4 mm (6.39 x 2.91 x 0.37 in),,,Cubot,32 MP,256GB 12GB RAM,,"Fingerprint (under display, optical), accelerometer, gyro, proximity, compass",LED flash,Android 13,"100 MP, (wide), PDAF16 MP, 117˚ (ultrawide)5 MP, (macro)",,,5100 mAh,"Available. Released 2024, April"
IP68/IP69K dust/water resistant (up to 1.5m for 30 min),Octa-core (2x2.2 GHz Cortex-A76 & 6x2.0 GHz Cortex-A55),Cubot KingKong AX,296 g (10.44 oz),About 240 EUR,Nano-SIM + Nano-SIM,"6.58 inches, 104.3 cm2(~75.0% screen-to-body ratio)",GSM 850 / 900 / 1800 / 1900,"GPS, GLONASS, GALILEO, BDS","2024, March",,33W wired,,https://fdn2.gsmarena.com/vv/bigpic/cubot-kingkong-ax.jpg,Yes,,Mali-G57 MC2,"5.2, A2DP, LE",Yes,Yes,Yes,Mediatek Helio G99 (6 nm),microSDXC (uses shared SIM slot),,"USB Type-C, OTG",,"HSPA, LTE",,"1080 x 2408 pixels, 20:9 ratio (~401 ppi density)",,,GSM / HSPA / LTE,,,Unspecified,"IPS LCD, 120Hz","Wi-Fi 802.11 a/b/g/n/ac, dual-band","100 MP, (wide), PDAF5 MP, (macro)Auxiliary lens",,Black,HSDPA 800 / 850 / 900 / 1700(AWS) / 1900 / 2100,Unspecified,"1, 2, 3, 4, 5, 7, 8, 12, 13, 17, 18, 19, 20, 25, 26, 28, 38, 39, 40, 41, 66",172 x 80.9 x 12.7 mm (6.77 x 3.19 x 0.5 in),,,Cubot,32 MP,256GB 12GB RAM,,"Fingerprint (side-mounted), accelerometer, gyro, proximity, compass",LED flash,Android 14,,Secondary screen on the back,,5100 mAh,"Available. Released 2024, April"
,Octa-core (4x1.6 GHz Cortex-A55 & 4x1.2 GHz Cortex-A55),Cubot A1,205 g (7.23 oz),About 80 EUR,Nano-SIM + Nano-SIM,"6.56 inches, 103.4 cm2(~82.7% screen-to-body ratio)",GSM 850 / 900 / 1800 / 1900,"GPS, GLONASS, GALILEO","2024, March",,10W wired,,https://fdn2.gsmarena.com/vv/bigpic/cubot-a1.jpg,Yes,,IMG8322,"4.2, A2DP",Yes,No,Yes,Unisoc SC9863A (28 nm),microSDXC (uses shared SIM slot),,OTG,,"HSPA, LTE",,"720 x 1612 pixels, 20:9 ratio (~269 ppi density)",,,GSM / HSPA / LTE,,,Unspecified,IPS LCD,Wi-Fi 802.11 a/b/g/n/ac,,,"Black, Blue, Green",HSDPA 850 / 900 / 1700(AWS) / 1900 / 2100,Unspecified,"1, 2, 3, 4, 5, 7, 8, 12, 17, 20, 28, 41",165.6 x 75.5 x 10.4 mm (6.52 x 2.97 x 0.41 in),,,Cubot,"13 MP, (wide), AFAuxiliary lens",128GB 4GB RAM,8 MP,"Accelerometer, proximity",LED flash,Android 13,,,,5100 mAh,"Available. Released 2024, April"
,Octa-core 1.8 GHz,Cubot Tab 60,530 g (1.17 lb),,No,"10.1 inches, 295.8 cm2(~76.5% screen-to-body ratio)",N/A,,"2024, February 24",,10W wired,N/A,https://fdn2.gsmarena.com/vv/bigpic/cubot-tab60-.jpg,Yes,,,5.2,Yes,No,"Yes, with stereo speakers",Allwinner A523,microSDXC (dedicated slot),,"USB Type-C, OTG",,N/A,N/A,"800 x 1280 pixels, 16:10 ratio (~149 ppi density)",,,5G,N/A,,Unspecified,IPS LCD,"Wi-Fi 802.11 a/b/g/n/ac/6, dual-band",,,Gray,N/A,Yes,N/A,241.4 x 160.2 x 8.3 mm (9.50 x 6.31 x 0.33 in),,,Cubot,"13 MP, AF",128GB 8GB RAM,5 MP,Accelerometer,LED flash,Android 13,,,,6000 mAh,"Available. Released 2024, March"
24-bit/192kHz Hi-Res audio,Octa-core (2x2.2 GHz Cortex-A76 & 6x2.0 GHz Cortex-A55),Cubot Tab 50,455 g (1.00 lb),,Nano-SIM + Nano-SIM,"10.4 inches, 307.9 cm2(~77.4% screen-to-body ratio)",GSM 850 / 900 / 1800 / 1900,"GPS, GLONASS, GALILEO, BDS","2024, February 24",,,,https://fdn2.gsmarena.com/vv/bigpic/cubot-tab50.jpg,Yes,,Mali-G57 MC2,5.2,Yes,No,"Yes, with stereo speakers (4 speakers)",Mediatek Helio G99,microSDXC (uses shared SIM slot),,"USB Type-C, OTG",,"HSPA, LTE",,"1200 x 2000 pixels, 5:3 ratio (~224 ppi density)",,,GSM / HSPA / LTE,,,Unspecified,IPS LCD,"Wi-Fi 802.11 a/b/g/n/ac, dual-band",,,Gray,HSDPA 900 / 2100,No,"1, 3, 7, 8, 20",246.4 x 161.5 x 7.7 mm (9.70 x 6.36 x 0.30 in),,,Cubot,"13 MP, AF",256GB 8GB RAM,5 MP,"Accelerometer, gyro, compass",LED flash,Android 13,,,,7500 mAh,"Available. Released 2024, March"
IP68 dust/water resistant (up to 1.5m for 30 min),,Cubot C21,-,About 40 EUR,No,1.32 inches,N/A,No,"2023, November",,,,https://fdn2.gsmarena.com/vv/bigpic/cubot-c21.jpg,,Corning Gorilla Glass,,"5.0, A2DP",,No,No,,No,,No,,No,No,360 x 360 pixels (~386 ppi density),,Zinc alloy frame,No cellular connectivity,No,,No,TFT LCD,No,,,"Black, Silver",N/A,No,N/A,46.5 x 46.5 x 13 mm (1.83 x 1.83 x 0.51 in),,,Cubot,,128MB,,"Accelerometer, heart rate, SpO2, blood pressure",,Proprietary OS,,No,,300 mAh,"Available. Released 2023, November"
IP68 dust/water resistant (up to 1.5m for 30 min),,Cubot C20 Pro,-,About 50 EUR,No,1.81 inches,N/A,No,"2023, November",,,,https://fdn2.gsmarena.com/vv/bigpic/cubot-c20-pro.jpg,,,,"5.0, A2DP",,No,No,,No,,No,,No,No,240 x 286 pixels (~206 ppi density),,,No cellular connectivity,No,,No,TFT LCD,No,,,"Gray, Orange",N/A,No,N/A,54 x 43 x 12.9 mm (2.13 x 1.69 x 0.51 in),,,Cubot,,128MB,,"Accelerometer, heart rate, SpO2, blood pressure",,Proprietary OS,,No,,380 mAh,"Available. Released 2023, November"
IP68/IP69K dust/water resistant (up to 1.5m for 30 min)Drop resistant up to 1.5m5000 lumens flashlight,Octa-core (4x2.0 GHz Cortex-A73 & 4x2.0 GHz Cortex-A53),Cubot KingKong 8,382 g (13.47 oz),About 170 EUR,Nano-SIM + Nano-SIM,"6.53 inches, 102.4 cm2(~75.2% screen-to-body ratio)",GSM 850 / 900 / 1800 / 1900,"GPS, GLONASS, GALILEO","2023, October 23",,WiredReverse wired,,https://fdn2.gsmarena.com/vv/bigpic/cubot-kingkong-8.jpg,Yes,,,"4.2, A2DP",Yes,Yes,Yes,Mediatek MT8788V/WA (12 nm),microSDXC (uses shared SIM slot),,"USB Type-C, OTG",,"HSPA, LTE",,"720 x 1612 pixels, 20:9 ratio (~270 ppi density)",,,GSM / HSPA / LTE,,,Unspecified,IPS LCD,"Wi-Fi 802.11 a/b/g/n/ac, dual-band",,,"Black, Red, Green",HSDPA 850 / 900 / 1700(AWS) / 1900 / 2100,Unspecified,"1, 2, 3, 4, 5, 7, 8, 12, 17, 20, 28, 41",169.9 x 80.2 x 20 mm (6.69 x 3.16 x 0.79 in),,,Cubot,16 MP,256GB 12GB RAM,,"Fingerprint (side-mounted), accelerometer, gyro, proximity, compass",LED flash,Android 13,"48 MP, (wide), PDAF2 MP, (macro)0.3 MP",,,10600 mAh,"Available. Released 2023, October 23"
,Octa-core (2x1.6 GHz Cortex-A75 & 6x1.6 GHz Cortex-A55),Cubot Note 40,222 g (7.83 oz),About 90 EUR,Nano-SIM + Nano-SIM,"6.56 inches, 103.4 cm2(~82.3% screen-to-body ratio)",GSM 850 / 900 / 1800 / 1900,"GPS, GLONASS, GALILEO, BDS","2023, October 16",,10W wired,,https://fdn2.gsmarena.com/vv/bigpic/cubot-note-40.jpg,Yes,,Mali-G57 MP1,"5.0, A2DP",Yes,No,Yes,Unisoc T606 (12 nm),microSDXC (uses shared SIM slot),,"USB Type-C 2.0, OTG",,"HSPA, LTE",,"720 x 1612 pixels, 20:9 ratio (~269 ppi density)",,,GSM / HSPA / LTE,,,Unspecified,"IPS LCD, 90Hz","Wi-Fi 802.11 a/b/g/n/ac, dual-band","50 MP, (wide)2 MP, (macro)",,"Black, Purple, Green, Blue",HSDPA 850 / 900 / 1700(AWS) / 1900 / 2100,Unspecified,"1, 2, 3, 4, 5, 7, 8, 12, 17, 20, 28, 41",165.8 x 75.8 x 10.1 mm (6.53 x 2.98 x 0.40 in),,,Cubot,8 MP,256GB 6GB RAM,,"Accelerometer, proximity, compass",LED flash,Android 13,,,,5200 mAh,"Available. Released 2023, October 16"
,Octa-core (2x2.0 GHz Cortex-A75 & 6x1.8 GHz Cortex-A55),Cubot Tab 40,449 g (15.84 oz),About 150 EUR,Nano-SIM + Nano-SIM,"10.4 inches, 307.9 cm2(~79.2% screen-to-body ratio)",GSM 850 / 900 / 1800 / 1900,"GPS, GLONASS, GALILEO, BDS","2023, September 11",,,,https://fdn2.gsmarena.com/vv/bigpic/cubot-tab40.jpg,Yes,,Mali-G57 MP1,5.0,Yes,No,"Yes, with stereo speakers",Unisoc Tiger T616 (12 nm),microSDXC (uses shared SIM slot),,"USB Type-C, OTG",,"HSPA, LTE",,"1200 x 2000 pixels, 5:3 ratio (~224 ppi density)",,,GSM / HSPA / LTE,,,Unspecified,IPS LCD,"Wi-Fi 802.11 a/b/g/n/ac, dual-band",,,Gray,HSDPA 900 / 2100,Yes,"1, 3, 7, 8, 20",247.3 x 157.1 x 7.7 mm (9.74 x 6.19 x 0.30 in),,,Cubot,"13 MP, AF",128GB 8GB RAM,5 MP,"Accelerometer, gyro, compass",LED flash,Android 13,,,,7000 mAh,"Available. Released 2023, September 18"
,Octa-core (2x1.6 GHz Cortex-A75 & 6x1.6 GHz Cortex-A55),Cubot Note 21,214 g (7.55 oz),About 80 EUR,Nano-SIM + Nano-SIM,"6.56 inches, 103.4 cm2(~82.2% screen-to-body ratio)",GSM 850 / 900 / 1800 / 1900,"GPS, GLONASS, GALILEO, BDS","2023, August 24",,10W wired,,https://fdn2.gsmarena.com/vv/bigpic/cubot-note-21.jpg,1080p@30fps,,Mali-G57 MP1,"5.0, A2DP, LE",Yes,No,Yes,Unisoc T606 (12 nm),microSDXC (uses shared SIM slot),,"USB Type-C, OTG",,"HSPA, LTE",,"720 x 1612 pixels, 20:9 ratio (~269 ppi density)",,"Glass front, plastic frame, plastic back",GSM / HSPA / LTE,,,No,"IPS LCD, 90Hz","Wi-Fi 802.11 a/b/g/n/ac, dual-band","50 MP, (wide), PDAF2 MP, (macro)",,"Black, Orange, Green",HSDPA 850 / 900 / 1700(AWS) / 1900 / 2100,No,"1, 2, 3, 4, 5, 7, 8, 12, 17, 20, 28, 41",165.8 x 75.9 x 10.6 mm (6.53 x 2.99 x 0.42 in),,,Cubot,8 MP,128GB 6GB RAM,,"Accelerometer, proximity, compass",LED flash,Android 13,,,,5200 mAh,"Available. Released 2023, September 18"
,Octa-core (2x1.6 GHz Cortex-A75 & 6x1.6 GHz Cortex-A55),Cubot Note 50,233 g (8.22 oz),About 130 EUR,Nano-SIM + Nano-SIM,"6.56 inches, 103.4 cm2(~82.3% screen-to-body ratio)",GSM 850 / 900 / 1800 / 1900,"GPS, GLONASS, GALILEO, BDS","2023, July",,,,https://fdn2.gsmarena.com/vv/bigpic/cubot-note-50.jpg,1080p@30fps,,Mali-G57 MP1,"5.0, A2DP, LE",Yes,Yes,Yes,Unisoc T606 (12 nm),microSDXC (uses shared SIM slot),,"USB Type-C, OTG",,"HSPA, LTE",,"720 x 1612 pixels, 20:9 ratio (~269 ppi density)",,"Glass front, plastic frame, plastic back",GSM / HSPA / LTE,,,No,"IPS LCD, 90Hz","Wi-Fi 802.11 a/b/g/n/ac, dual-band","50 MP, (wide), PDAF2 MP, (macro)",,"Black, Purple, Green, Blue",HSDPA 850 / 900 / 1700(AWS) / 1900 / 2100,No,"1, 2, 3, 4, 5, 7, 8, 12, 17, 20, 28, 41",165.8 x 75.8 x 10.1 mm (6.53 x 2.98 x 0.40 in),,,Cubot,8 MP,256GB 8GB RAM,,"Fingerprint (side-mounted), accelerometer, gyro, proximity, compass",LED flash,Android 13,,,,5200 mAh,"Available. Released 2023, August 07"
IP68/IP69K dust/water resistant (up to 1.5m for 30 min),Octa-core (4x2.0 GHz Cortex-A73 & 4x2.0 GHz Cortex-A53),Cubot Tab KingKong,820 g (1.81 lb),,Nano-SIM + Nano-SIM,"10.1 inches, 295.8 cm2(~69.2% screen-to-body ratio)",GSM 850 / 900 / 1800 / 1900,"GPS, GLONASS, GALILEO","2023, July 19",,18W wired,,https://fdn2.gsmarena.com/vv/bigpic/cubot-tab-kingkong.jpg,Yes,,Mali-G72 MP3,4.2,Yes,No,Yes,Mediatek MT8788 (12 nm),microSDXC (uses shared SIM slot),,"USB Type-C, OTG",,"HSPA, LTE",,"1200 x 1920 pixels, 16:10 ratio (~224 ppi density)",,,GSM / HSPA / LTE,,,Unspecified,IPS LCD,"Wi-Fi 802.11 a/b/g/n/ac, dual-band",,,Black,HSDPA 850 / 900 / 1700(AWS) / 1900 / 2100,Unspecified,"1, 2, 3, 4, 5, 7, 8, 17, 20, 28, 38, 39, 40, 41",251.2 x 170.2 x 15.6 mm (9.89 x 6.70 x 0.61 in),,,Cubot,"16 MP, AF",256GB 8GB RAM,8 MP,"Accelerometer, gyro",LED flash,Android 13,,,,10600 mAh,"Available. Released 2023, August 07"
IP68/IP69K dust/water resistant (up to 1.5m for 30 min),Octa-core (2x2.2 GHz Cortex-A76 & 6x2.0 GHz Cortex-A55),Cubot KingKong Star,395 g (13.93 oz),About 280 EUR,Nano-SIM + Nano-SIM,"6.78 inches, 109.2 cm2(~75.0% screen-to-body ratio)",GSM 850 / 900 / 1800 / 1900,"GPS, GLONASS, GALILEO, BDS","2023, July 19",,33W wired,"1, 2, 3, 5, 7, 8, 20, 25, 28, 38, 41, 66, 77, 78 SA/NSA",https://fdn2.gsmarena.com/vv/bigpic/cubot-kingkong-star.jpg,Yes,,Mali-G57 MC2,"5.1, A2DP, LE",Yes,Yes,Yes,Mediatek Dimensity 700 (7 nm),microSDXC (dedicated slot),,"USB Type-C, OTG",,"HSPA, LTE, 5G",,1080 x 2460 pixels (~396 ppi density),,,GSM / HSPA / LTE / 5G,,,Unspecified,"IPS LCD, 90Hz","Wi-Fi 802.11 a/b/g/n/ac, dual-band",,,"Black, Black/Red",HSDPA 800 / 850 / 900 / 1700(AWS) / 1900 / 2100,Unspecified,"1, 2, 3, 4, 5, 7, 8, 12, 13, 17, 18, 19, 20, 25, 26, 28, 34, 38, 39, 40, 41, 66, 71",180.2 x 80.8 x 17.8 mm (7.09 x 3.18 x 0.70 in),,,Cubot,32 MP,256GB 12GB RAM,,"Fingerprint (side-mounted), accelerometer, gyro, proximity, compass",LED flash,Android 13,"100 MP, (wide), PDAF24 MP, (night vision camera), 2 IR emitters5 MP, (macro)",Secondary screen on the back,,10600 mAh,"Available. Released 2023, August 07"
CDMA 800 / 1900,Octa-core (2x2.2 GHz Cortex-A76 & 6x2.0 GHz Cortex-A55),Cubot KingKong 9,390 g (13.76 oz),About 230 EUR,Nano-SIM + Nano-SIM,"6.58 inches, 104.3 cm2(~74.3% screen-to-body ratio)",GSM 850 / 900 / 1800 / 1900,"GPS, GLONASS, GALILEO, BDS",2023,,33W wired,,https://fdn2.gsmarena.com/vv/bigpic/cubot-kingkong-9.jpg,Yes,,Mali-G57 MC2,"5.2, A2DP, LE",Yes,Yes,Yes,Mediatek Helio G99 (6 nm),microSDXC (uses shared SIM slot),,"USB Type-C, OTG",,"HSPA, LTE",,"1080 x 2408 pixels, 20:9 ratio (~401 ppi density)",,,GSM / CDMA / HSPA / LTE,,,Unspecified,"IPS LCD, 120Hz","Wi-Fi 802.11 a/b/g/n/ac, dual-band",,Secondary screen on the back,Black,HSDPA 800 / 850 / 900 / 1700(AWS) / 1900 / 2100,Unspecified,"1, 2, 3, 4, 5, 7, 8, 12, 13, 17, 18, 19, 20, 25, 26, 28, 38, 39, 40, 41, 66",172 x 81.6 x 17.7 mm (6.77 x 3.21 x 0.70 in),,,Cubot,32 MP,256GB 12GB RAM,,"Fingerprint (side-mounted), accelerometer, gyro, proximity, compass",LED flash,Android 13,"100 MP, (wide), PDAF24 MP, (night vision camera), 2 IR emitters5 MP, (macro)",IP68/IP69K dust/water resistant (up to 1.5m for 30 min),,10600 mAh,Available. Released 2023
IP68/IP69K dust/water resistant (up to 1.5m for 30 min)5000 lumens flashlightInfrared flashlight,Octa-core (4x2.0 GHz Cortex-A73 & 4x2.0 GHz Cortex-A53),Cubot KingKong Power,382 g (13.47 oz),About 210 EUR,Nano-SIM + Nano-SIM,"6.5 inches, 102.0 cm2(~74.9% screen-to-body ratio)",GSM 850 / 900 / 1800 / 1900,"GPS, GLONASS, GALILEO",2023,,33W wiredReverse wired,,https://fdn2.gsmarena.com/vv/bigpic/cubot-king-power.jpg,Yes,,,"4.2, A2DP",Yes,Yes,Yes,Mediatek MT8788V/WA,microSDXC (uses shared SIM slot),,"USB Type-C, OTG",,"HSPA, LTE",,"1080 x 2400 pixels, 20:9 ratio (~405 ppi density)",,,GSM / HSPA / LTE,,,Unspecified,IPS LCD,"Wi-Fi 802.11 a/b/g/n/ac, dual-band",,,Black,HSDPA 800 / 850 / 900 / 1700(AWS) / 1900 / 2100,Unspecified,"1, 2, 3, 4, 5, 7, 8, 12, 13, 17, 18, 19, 20, 26, 28, 38, 39, 40, 41, 66",169.9 x 80.2 x 20 mm (6.69 x 3.16 x 0.79 in),,,Cubot,16 MP,256GB 8GB RAM,,"Fingerprint (side-mounted), accelerometer, gyro, proximity, compass",LED flash,Android 13,"48 MP, (wide), PDAF20 MP, (night vision camera), 2 IR emitters2 MP, (macro)",,,10600 mAh,Available. Released 2023
,Octa-core (4x2.0 GHz Cortex-A73 & 4x2.0 GHz Cortex-A53),Cubot P80,217 g (7.65 oz),About 160 EUR,Nano-SIM + Nano-SIM,"6.58 inches, 104.3 cm2(~83.0% screen-to-body ratio)",GSM 850 / 900 / 1800 / 1900,"GPS, GLONASS, GALILEO",2023,,,,https://fdn2.gsmarena.com/vv/bigpic/cubot-p80.jpg,Yes,,,"4.2, A2DP",Yes,Yes,Yes,Mediatek MT8788V/WA,microSDXC (uses shared SIM slot),,"USB Type-C, OTG",,"HSPA, LTE",,"1080 x 2408 pixels, 20:9 ratio (~401 ppi density)",,,GSM / HSPA / LTE,,,Unspecified,IPS LCD,"Wi-Fi 802.11 a/b/g/n/ac, dual-band",,,"Black, Blue, Purple, Pink, Light Blue",HSDPA 800 / 850 / 900 / 1700(AWS) / 1900 / 2100,Unspecified,"1, 2, 3, 4, 5, 7, 8, 12, 13, 17, 18, 19, 20, 26, 28, 38, 39, 40, 41, 66",165.8 x 75.8 x 9.8 mm (6.53 x 2.98 x 0.39 in),,,Cubot,24 MP,"256GB 8GB RAM, 512GB 8GB RAM",,"Fingerprint (side-mounted), accelerometer, gyro, proximity, compass",LED flash,Android 13,"48 MP, (wide), PDAF2 MP, (macro)0.3 MP",,,5200 mAh,Available. Released 2023
CDMA 800 / 1900,Octa-core (2x2.2 GHz Cortex-A76 & 6x2.0 GHz Cortex-A55),Cubot X70,220 g (7.76 oz),About 200 EUR,Nano-SIM + Nano-SIM,"6.58 inches, 104.3 cm2(~83.9% screen-to-body ratio)",GSM 850 / 900 / 1800 / 1900,"GPS, GLONASS, GALILEO, BDS",2023,,,,https://fdn2.gsmarena.com/vv/bigpic/cubot-x70.jpg,Yes,,Mali-G57 MC2,"5.2, A2DP",Yes,Yes,Yes,Mediatek Helio G99 (6 nm),microSDXC (uses shared SIM slot),,"USB Type-C, OTG",,"HSPA, LTE",,"1080 x 2408 pixels, 20:9 ratio (~401 ppi density)",,,GSM / CDMA / HSPA / LTE,,,Unspecified,"IPS LCD, 120Hz","Wi-Fi 802.11 a/b/g/n/ac, dual-band",,,"Tech Black, Space Black",HSDPA 800 / 850 / 900 / 1700(AWS) / 1900 / 2100,No,"1, 2, 3, 4, 5, 7, 8, 12, 13, 17, 18, 19, 20, 25, 26, 28, 38, 39, 40, 41, 66",165.1 x 75.3 x 10.2 mm (6.5 x 2.96 x 0.40 in),,,Cubot,32 MP,256GB 12GB RAM,,"Fingerprint (side-mounted), accelerometer, gyro, proximity, compass",LED flash,Android 13,"100 MP, (wide), PDAF5 MP, (macro)0.3 MP",,,5200 mAh,Available. Released 2023
,Octa-core (4x1.6 GHz Cortex-A55 & 4x1.2 GHz Cortex-A55),Cubot Tab 20,530 g (1.17 lb),,Nano-SIM + Nano-SIM,"10.1 inches, 295.8 cm2(~76.5% screen-to-body ratio)",GSM 850 / 900 / 1800 / 1900,"GPS, GLONASS, GALILEO",2023,,,,https://fdn2.gsmarena.com/vv/bigpic/cubot-tab20.jpg,Yes,,IMG8322,4.0,Yes,No,Yes,Unisoc SC9863A (28 nm),microSDXC (uses shared SIM slot),,USB Type-C,,"HSPA, LTE",,"800 x 1280 pixels, 16:10 ratio (~149 ppi density)",,,GSM / HSPA / LTE,,,Unspecified,IPS LCD,Wi-Fi 802.11 b/g/n,,,Dark Purple,HSDPA 900 / 2100,Unspecified,"1, 3, 7, 8, 20",241.4 x 160.2 x 8.3 mm (9.50 x 6.31 x 0.33 in),,,Cubot,"13 MP, AF",64GB 4GB RAM,5 MP,,LED flash,Android 13,,,,6000 mAh,Available. Released 2023
IP68 dust/water resistant (up to 1.5m for 30 min)Drop resistant up to 1.5mMIL-STD-810G compliant,Quad-core (1x2.0 GHz Cortex-A75 & 3x1.8 GHz Cortex-A55),Cubot KingKong 6,261 g (9.21 oz),,Nano-SIM + Nano-SIM,"6.1 inches, 91.3 cm2(~70.0% screen-to-body ratio)",GSM 850 / 900 / 1800 / 1900,"GPS, GLONASS, GALILEO",2022,,,,https://fdn2.gsmarena.com/vv/bigpic/cubot-king-kong-6.jpg,Yes,,PowerVR GE8300,"5.0, A2DP, LE",Yes,Yes,Yes,Unisoc Tiger T310 (12 nm),microSDXC (uses shared SIM slot),,"USB Type-C, OTG",,"HSPA, LTE",,"720 x 1560 pixels, 19.5:9 ratio (~282 ppi density)",,,GSM / HSPA / LTE,,,Unspecified,IPS LCD,Wi-Fi 802.11 a/b/g/n/ac,"16 MP, (wide), AF0.3 MP",,Black/Orange,HSDPA 900 / 2100,Unspecified,"1, 3, 5, 7, 8, 19, 20",165.2 x 79 x 13.8 mm (6.50 x 3.11 x 0.54 in),,,Cubot,8 MP,64GB 4GB RAM,,"Fingerprint (rear-mounted), accelerometer, gyro, proximity, compass",LED flash,Android 11,,,,5000 mAh,Available. Released 2022
,Quad-core 1.3 GHz Cortex-A53,Cubot J20,143 g (5.04 oz),,Nano-SIM + Nano-SIM,"4.0 inches, 44.1 cm2(~57.6% screen-to-body ratio)",GSM 850 / 900 / 1800 / 1900,"GPS, GLONASS, GALILEO",2022,,,,https://fdn2.gsmarena.com/vv/bigpic/cubot-j20.jpg,Yes,,PowerVR GE8100,"4.2, A2DP",Yes,No,Yes,Mediatek MT6739WA (28 nm),microSDXC (dedicated slot),,Yes,,"HSPA, LTE",,"480 x 854 pixels, 16:9 ratio (~245 ppi density)",,,GSM / HSPA / LTE,,,Unspecified,TN TFT,Wi-Fi 802.11 b/g/n,,,"Blue, Black, Green",HSDPA 900 / 2100,Unspecified,"1, 3, 5, 7, 8, 19, 20, 40",126.3 x 60.6 x 12.7 mm (4.97 x 2.39 x 0.5 in),,,Cubot,"5 MP, (wide), AF",16GB 2GB RAM,2 MP,Accelerometer,LED flash,Android 12 (Go edition),,,,"2350 mAh, removable",Available. Released 2022
,Octa-core (2x2.0 GHz Cortex-A75 & 6x1.8 GHz Cortex-A55),Cubot Pocket 3,135 g (4.76 oz),,Nano-SIM + Nano-SIM,"4.5 inches, 45.9 cm2(~58.9% screen-to-body ratio)",GSM 850 / 900 / 1800 / 1900,"GPS, GLONASS, GALILEO, BDS",2022,,,,https://fdn2.gsmarena.com/vv/bigpic/cubot-pocket3.jpg,Yes,,Mali-G52 MC2,"5.0, A2DP",Yes,Yes,Yes,Mediatek MT6769CZ Helio G85 (12 nm),No,,USB Type-C,,"HSPA, LTE",,480 x 1170 pixels (~281 ppi density),,,GSM / HSPA / LTE,,,Unspecified,TFT,"Wi-Fi 802.11 a/b/g/n/ac, dual-band",,,"Blue, Black, Green",HSDPA 900 / 2100,Unspecified,"1, 3, 5, 7, 8, 19, 20, 40",133.2 x 58.5 x 12.3 mm (5.24 x 2.30 x 0.48 in),,,Cubot,"20 MP, (wide)",64GB 4GB RAM,5 MP,"Accelerometer, gyro, proximity, compass",LED flash,Android 12,,,,"3000 mAh, removable",Available. Released 2022
,Octa-core (4x2.35 GHz Cortex-A53 & 4x1.8 GHz Cortex-A53),Cubot Note 30,195 g (6.88 oz),,Nano-SIM + Nano-SIM,"6.52 inches, 102.6 cm2(~82.2% screen-to-body ratio)",GSM 850 / 900 / 1800 / 1900,"GPS, GLONASS, GALILEO, BDS",2022,,,,https://fdn2.gsmarena.com/vv/bigpic/cubot-note30.jpg,Yes,,PowerVR GE8320,"5.0, A2DP",Yes,No,Yes,Mediatek MT6765 Helio P35 (12 nm),microSDXC (uses shared SIM slot),,USB Type-C,,"HSPA, LTE",,"720 x 1600 pixels, 20:9 ratio (~269 ppi density)",,,GSM / HSPA / LTE,,,Unspecified,IPS LCD,"Wi-Fi 802.11 a/b/g/n, dual-band","20 MP, (wide)2 MP, (macro)",,"Black, Green",HSDPA 900 / 2100,Unspecified,"1, 3, 5, 7, 8, 19, 20, 40",165 x 75.7 x 9 mm (6.50 x 2.98 x 0.35 in),,,Cubot,8 MP,64GB 4GB RAM,,"Accelerometer, proximity",LED flash,Android 12,,,,"4000 mAh, removable",Available. Released 2022
Water/dust resistant,Octa-core (2x2.0 GHz Cortex-A75 & 6x1.8 GHz Cortex-A55),Cubot KingKong Mini 3,149 g (5.26 oz),About 160 EUR,Nano-SIM + Nano-SIM,"4.5 inches, 45.9 cm2(~60.3% screen-to-body ratio)",GSM 850 / 900 / 1800 / 1900,"GPS, GLONASS, GALILEO, BDS",2022,,,,https://fdn2.gsmarena.com/vv/bigpic/cubot-king-kong-mini3.jpg,Yes,,Mali-G52 MC2,"5.0, A2DP, LE",Yes,Yes,Yes,Mediatek MT6769CZ Helio G85 (12 nm),No,,USB Type-C,,"HSPA, LTE",,480 x 1170 pixels (~281 ppi density),,,GSM / HSPA / LTE,,,Unspecified,IPS LCD,"Wi-Fi 802.11 a/b/g/n/ac, dual-band",,,Black/Red,HSDPA 900 / 2100,Unspecified,"1, 3, 5, 7, 8, 19, 20, 40",131 x 58.1 x 13.4 mm (5.16 x 2.29 x 0.53 in),,,Cubot,"20 MP, (wide)",128GB 6GB RAM,5 MP,"Accelerometer, gyro, proximity, compass",LED flash,Android 12,,,,3000 mAh,Available. Released 2022
,Octa-core (4x2.35 GHz Cortex-A53 & 4x1.8 GHz Cortex-A53),Cubot P60,198.6 g (7.02 oz),,Nano-SIM + Nano-SIM,"6.52 inches, 102.6 cm2(~81.5% screen-to-body ratio)",GSM 850 / 900 / 1800 / 1900,"GPS, GLONASS, GALILEO, BDS",2022,,,,https://fdn2.gsmarena.com/vv/bigpic/cubot-p60-.jpg,Yes,,PowerVR GE8320,"5.0, A2DP, LE",Yes,No,Yes,Mediatek MT6765 Helio P35 (12 nm),microSDXC (uses shared SIM slot),,"USB Type-C, OTG",,"HSPA, LTE",,"720 x 1600 pixels, 20:9 ratio (~269 ppi density)",,,GSM / HSPA / LTE,,,Unspecified,IPS LCD,Wi-Fi 802.11 a/b/g/n,"20 MP, (wide), 1/2.8"", 1.0µm0.3 MP",,"Black, White",HSDPA 900 / 2100,Unspecified,"1, 3, 5, 7, 8, 19, 20, 40",165 x 76.3 x 9 mm (6.50 x 3.00 x 0.35 in),,,Cubot,8 MP,128GB 6GB RAM,,"Fingerprint (side-mounted), accelerometer, proximity",LED flash,Android 12,,,,5000 mAh,Available. Released 2022
Water/dust resistant,Octa-core (4x2.0 GHz Cortex-A53 & 4x1.5 GHz Cortex-A53),Cubot KingKong Mini 2 Pro,122.7 g (4.34 oz),,Nano-SIM + Nano-SIM,"4.0 inches, 41.3 cm2(~59.8% screen-to-body ratio)",GSM 850 / 900 / 1800 / 1900,"GPS, GLONASS, GALILEO, BDS",2022,,,,https://fdn2.gsmarena.com/vv/bigpic/cubot-kingkong-mini-2-pro.jpg,Yes,,PowerVR GE8320,"5.0, A2DP, LE",Yes,No,Yes,Mediatek MT6762 Helio P22 (12 nm),microSDXC (dedicated slot),,USB Type-C,,"HSPA, LTE",,"540 x 1080 pixels, 18:9 ratio (~302 ppi density)",,,GSM / HSPA / LTE,,,Unspecified,IPS LCD,Wi-Fi 802.11 a/b/g/n,,,"Black/Red, Black/Orange",HSDPA 900 / 2100,Unspecified,"1, 3, 7, 8, 19, 20, 40",119 x 58 x 12.5 mm (4.69 x 2.28 x 0.49 in),,,Cubot,"13 MP, f/2.2, (wide)",64GB 4GB RAM,5 MP,"Accelerometer, gyro, proximity, compass",LED flash,Android 11,,,,3000 mAh,Available. Released 2022
,Quad-core 1.3 GHz Cortex-A53,Cubot Note 8,143 g (5.04 oz),,Nano-SIM + Nano-SIM,"5.5 inches, 74.1 cm2(~82.7% screen-to-body ratio)",GSM 850 / 900 / 1800 / 1900,"GPS, GLONASS",2022,,,,https://fdn2.gsmarena.com/vv/bigpic/cubot-note8.jpg,Yes,,PowerVR GE8100,"4.2, A2DP",Yes,No,Yes,Mediatek MT6739WW (28 nm),microSDXC (dedicated slot),,Yes,,"HSPA, LTE",,"442 x 960 pixels, 19.5:9 ratio (~192 ppi density)",,,GSM / HSPA / LTE,,,Unspecified,IPS LCD,Wi-Fi 802.11 a/b/g/n,"13 MP, (wide), AF0.3 MP",,"Black, Green",HSDPA 900 / 2100,Yes,"1, 3, 5, 7, 8, 19, 20",138 x 65 x 10.8 mm (5.43 x 2.56 x 0.43 in),,,Cubot,5 MP,16GB 2GB RAM,,"Accelerometer, proximity",LED flash,Android 11,,,,"3100 mAh, removable",Available. Released 2022
,Quad-core (1x2.0 GHz Cortex-A75 & 3x1.8 GHz Cortex-A55),Cubot Pocket,128 g (4.52 oz),,Nano-SIM + Nano-SIM,"4.0 inches, 41.3 cm2(~59.8% screen-to-body ratio)",GSM 850 / 900 / 1800 / 1900,"GPS, GLONASS, GALILEO",2022,,,,https://fdn2.gsmarena.com/vv/bigpic/cubot-pocket.jpg,Yes,,PowerVR GE8300,"5.0, A2DP",Yes,Yes,Yes,Unisoc Tiger T310 (12 nm),microSDXC (uses shared SIM slot),,USB Type-C,,"HSPA, LTE",,"540 x 1080 pixels, 18:9 ratio (~302 ppi density)",,,GSM / HSPA / LTE,,,Unspecified,IPS LCD,"Wi-Fi 802.11 a/b/g/n/ac, dual-band",,,"Black, Black/Red, Green/Gold",HSDPA 900 / 2100,No,"1, 3, 5, 7, 8, 19, 20, 40",119 x 58 x 12.5 mm (4.69 x 2.28 x 0.49 in),,,Cubot,"16 MP, (wide), AF",64GB 4GB RAM,5 MP,"Accelerometer, gyro, proximity, compass",LED flash,Android 11,,,,3000 mAh,Available. Released 2022
,Octa-core 2.0 GHz Cortex-A53,Cubot P50,-,,Nano-SIM + Nano-SIM,"6.22 inches, 96.6 cm2(~82.9% screen-to-body ratio)",GSM 850 / 900 / 1800 / 1900,"GPS, GLONASS, GALILEO, BDS",2022,,,,https://fdn2.gsmarena.com/vv/bigpic/cubot-p50-.jpg,Yes,,PowerVR GE8320,"5.0, A2DP, LE",Yes,Yes,Yes,Mediatek MT6762 Helio P22 (12 nm),microSDXC (dedicated slot),,"USB Type-C, OTG",,"HSPA, LTE",,"720 x 1520 pixels, 19:9 ratio (~270 ppi density)",,,GSM / HSPA / LTE,,,Unspecified,IPS LCD,Wi-Fi 802.11 a/b/g/n,,,"Black, Green",HSDPA 900 / 2100,Yes,"1, 3, 5, 7, 8, 19, 20, 40",156.2 x 74.6 x 9.4 mm (6.15 x 2.94 x 0.37 in),,,Cubot,"20 MP, (wide), 1/2.8""",128GB 6GB RAM,,"Accelerometer, gyro, proximity, compass",LED flash,Android 11,"12 MP, (wide), 1/2.9""5 MP, (macro)0.3 MP",,,4200 mAh,Available. Released 2022
,Octa-core,Cubot Tab 30,421 g (14.85 oz),,Nano-SIM + Nano-SIM,"10.1 inches, 295.8 cm2(~79.1% screen-to-body ratio)",GSM 850 / 900 / 1800 / 1900,"GPS, GLONASS, GALILEO",2022,,,,https://fdn2.gsmarena.com/vv/bigpic/cubot-tab30.jpg,Yes,,,5.0,Yes,No,"Yes, with stereo speakers",Unisoc T618,microSDXC (uses shared SIM slot),,"USB Type-C, magnetic connector",,"HSPA, LTE",,"1200 x 1920 pixels, 16:10 ratio (~224 ppi density)",,,GSM / HSPA / LTE,,,Unspecified,IPS LCD,"Wi-Fi 802.11 a/b/g/n/ac, dual-band",,,Gray,HSDPA 900 / 2100,Unspecified,"1, 3, 7, 8, 20",237.5 x 157.5 x 8 mm (9.35 x 6.20 x 0.31 in),,,Cubot,"13 MP, AF",128GB 4GB RAM,5 MP,"Accelerometer, gyro",LED flash,Android 11,,,,6580 mAh,Available. Released 2022
,Quad-core 1.3 GHz Cortex-A7,Cubot J10,143 g (5.04 oz),,Nano-SIM + Nano-SIM,"4.0 inches, 44.1 cm2(~57.6% screen-to-body ratio)",GSM 850 / 900 / 1800 / 1900,GPS,2021,,,,https://fdn2.gsmarena.com/vv/bigpic/cubot-j10.jpg,Yes,,Mali-400 MP2,"4.2, A2DP",Yes,No,Yes,Unisoc SC7731e,microSDXC (dedicated slot),,microUSB,,HSPA,,"480 x 854 pixels, 16:9 ratio (~245 ppi density)",,,GSM / HSPA,,,Unspecified,IPS LCD,Wi-Fi 802.11 b/g/n,,,"Blue, Black, Green",HSDPA 900 / 2100,Unspecified,,126.3 x 60.6 x 12.7 mm (4.97 x 2.39 x 0.5 in),,,Cubot,"5 MP, (wide), AF",32GB 1GB RAM,2 MP,Accelerometer,LED flash,Android 11,,,,"2350 mAh, removable",Available. Released 2021
,Octa-core (4x2.0 GHz Cortex-A53 & 4x1.5 GHz Cortex-A53),Cubot Max 3,-,,Nano-SIM + Nano-SIM,"6.95 inches, 114.7 cm2(~86.1% screen-to-body ratio)",GSM 850 / 900 / 1800 / 1900,"GPS, GLONASS, BDS",2021,,,,https://fdn2.gsmarena.com/vv/bigpic/cubot-max3.jpg,Yes,,PowerVR GE8320,"5.0, A2DP",Yes,Yes,Yes,Mediatek MT6762 Helio P22 (12 nm),microSDXC (dedicated slot),,"USB Type-C, OTG",,"HSPA, LTE",,720 x 1640 pixels (~258 ppi density),,,GSM / HSPA / LTE,,,Unspecified,IPS LCD,"Wi-Fi 802.11 a/b/g/n, dual-band",,,"Black, Green",HSDPA 900 / 2100,Unspecified,"1, 3, 5, 7, 8, 19, 20, 40",173 x 77 x 9.4 mm (6.81 x 3.03 x 0.37 in),,,Cubot,16 MP,64GB 4GB RAM,,"Fingerprint (side-mounted), accelerometer, gyro, proximity, compass",LED flash,Android 11,"48 MP, (wide), PDAF5 MP, (macro)0.3 MP",,,"5000 mAh, removable",Available. Released 2021
CDMA 800 / 1900,Octa-core (4x2.0 GHz Cortex-A73 & 4x2.0 GHz Cortex-A53),Cubot KingKong 7,267 g (9.42 oz),,Nano-SIM + Nano-SIM,"6.36 inches, 100.4 cm2(~72.1% screen-to-body ratio)",GSM 850 / 900 / 1800 / 1900,"GPS, GLONASS, BDS",2022,,,,https://fdn2.gsmarena.com/vv/bigpic/cubot-king-kong7.jpg,Yes,,Mali-G72 MP3,"4.2, A2DP",Yes,Yes,Yes,Mediatek MT6771V/CA Helio P60 (12 nm),microSDXC (uses shared SIM slot),,"USB Type-C, OTG",,"HSPA, LTE",,1080 x 2300 pixels (~400 ppi density),,,GSM / CDMA / HSPA / LTE,,,Unspecified,IPS LCD,Wi-Fi 802.11 a/b/g/n,,,Black,HSDPA 850 / 900 / 1700(AWS) / 1900 / 2100,Unspecified,"1, 2, 3, 4, 5, 7, 8, 12, 13, 17, 18, 19, 20, 25, 26, 28, 38, 40, 41, 66",166.8 x 83.5 x 14 mm (6.57 x 3.29 x 0.55 in),,,Cubot,32 MP,128GB 8GB RAM,,"Fingerprint (rear-mounted), accelerometer, gyro, proximity, compass",LED flash,Android 11,"64 MP, (wide), AF16 MP, (ultrawide)5 MP, (macro)",IP68/IP69K dust/water resistant (up to 1.5m for 30 min),,5000 mAh,Available. Released 2022
IP68/IP69K dust/water resistant (up to 1.5m for 30 min)Drop resistant up to 1.5m,Octa-core (4x2.0 GHz Cortex-A53 & 4x1.5 GHz Cortex-A53),Cubot KingKong 5,-,,Nano-SIM + Nano-SIM,"6.01 inches, 88.7 cm2(~70.4% screen-to-body ratio)",GSM 850 / 900 / 1800 / 1900,"GPS, GLONASS, BDS",2022,,,,https://fdn2.gsmarena.com/vv/bigpic/cubot-king-kong5.jpg,Yes,,PowerVR GE8320,"5.3, A2DP, LE",Yes,Yes,Yes,Mediatek MT6762 Helio P22 (12 nm),microSDXC (uses shared SIM slot),,"USB Type-C, OTG",,"HSPA, LTE",,"720 x 1560 pixels, 19.5:9 ratio (~286 ppi density)",,,GSM / HSPA / LTE,,,Unspecified,IPS LCD,"Wi-Fi 802.11 a/b/g/n/ac, dual-band",,,Black,HSDPA 900 / 2100,Unspecified,"1, 3, 5, 7, 8, 19, 20, 40",160.3 x 78.6 x 15 mm (6.31 x 3.09 x 0.59 in),,,Cubot,8 MP,32GB 4GB RAM,,"Fingerprint (rear-mounted), accelerometer, gyro, proximity, compass",LED flash,Android 11,"48 MP, (wide), AF5 MP, (macro), AF0.3 MP",,,5000 mAh,Available. Released 2022
,Octa-core (4x1.6 GHz Cortex-A55 & 4x1.2 GHz Cortex-A55),Cubot Note 9,-,,Nano-SIM + Nano-SIM,5.99 inches,GSM 850 / 900 / 1800 / 1900,"GPS, GLONASS, BDS",2022,,,,https://fdn2.gsmarena.com/vv/bigpic/cubot-note9.jpg,Yes,,IMG8322,"4.2, A2DP",Yes,No,Yes,Unisoc SC9863A (28 nm),microSDXC (dedicated slot),,USB Type-C,,"HSPA, LTE",,Unspecified,,,GSM / HSPA / LTE,,,Unspecified,IPS LCD,Wi-Fi 802.11 b/g/n,,,"Black, Green",HSDPA 900 / 2100,Yes,"1, 3, 5, 7, 8, 19, 20, 40",153 x 77 x 11 mm (6.02 x 3.03 x 0.43 in),,,Cubot,5 MP,32GB 3GB RAM,,"Accelerometer, proximity",LED flash,Android 11,"16 MP, (wide), AFother unspecified cameras",,,"5900 mAh, removable",Available. Released 2022
,Quad-core 1.3 GHz,Cubot J9,185 g (6.53 oz),,Nano-SIM + Nano-SIM,"6.2 inches, 95.9 cm2(~82.3% screen-to-body ratio)",GSM 850 / 900 / 1800 / 1900,GPS,2020,,,,https://fdn2.gsmarena.com/vv/bigpic/cubot-j9.jpg,Yes,,,"4.0, A2DP",Yes,No,Yes,Mediatek MT6580 (28 nm),No,,USB Type-C,,HSPA,,"720 x 1520 pixels, 19:9 ratio (~271 ppi density)",,,GSM / HSPA,,,Unspecified,IPS LCD,Wi-Fi 802.11 b/g/n,,,"Blue, Black, Green",HSDPA 900 / 2100,Yes,,156.2 x 74.6 x 9.4 mm (6.15 x 2.94 x 0.37 in),,,Cubot,8 MP,16GB 2GB RAM,,"Accelerometer, proximity",LED flash,Android 10,"13 MP, (wide), AF2 MP0.3 MP",,,"4200 mAh, removable",Available. Released 2020
CDMA 800 / 1900,Octa-core (4x2.0 GHz Cortex-A73 & 4x2.0 GHz Cortex-A53),Cubot X50,213 g (7.51 oz),,Nano-SIM + Nano-SIM,"6.67 inches, 107.4 cm2(~83.0% screen-to-body ratio)",GSM 850 / 900 / 1800 / 1900,"GPS, GLONASS, GALILEO, BDS",2021,,,,https://fdn2.gsmarena.com/vv/bigpic/cubot-x50.jpg,Yes,,Mali-G72 MP3,"4.2, A2DP",Yes,Yes,Yes,Mediatek MT6771V/CA Helio P60 (12 nm),microSDXC (uses shared SIM slot),"64 MP, (wide), PDAF16 MP, 125˚ (ultrawide)5 MP, (macro), AF0.3 MP","microUSB, OTG",,"HSPA, LTE",,"1080 x 2400 pixels, 20:9 ratio (~395 ppi density)",,,GSM / CDMA / HSPA / LTE,,,Unspecified,IPS LCD,"Wi-Fi 802.11 a/b/g/n/ac, dual-band",,,"Black, Green",HSDPA 800 / 850 / 900 / 1700(AWS) / 1900 / 2100,Unspecified,"1, 2, 3, 4, 5, 7, 8, 12, 13, 17, 18, 19, 20, 25, 26, 28, 38, 40, 41, 66",166.8 x 77.6 x 8.8 mm (6.57 x 3.06 x 0.35 in),,,Cubot,32 MP,128GB 8GB RAM,,"Fingerprint (side-mounted), accelerometer, gyro, proximity, compass",LED flash,Android 11,,,,4500 mAh,Available. Released 2021
IP68/IP69K dust/water resistant (up to 1.5m for 30 min)Drop resistant up to 1.5m,Octa-core (4x2.0 GHz Cortex-A53 & 4x1.5 GHz Cortex-A53),Cubot KingKong 5 Pro,319 g (11.25 oz),,Nano-SIM + Nano-SIM,"6.01 inches, 88.7 cm2(~65.7% screen-to-body ratio)",GSM 850 / 900 / 1800 / 1900,"GPS, GLONASS, BDS",2021,,,,https://fdn2.gsmarena.com/vv/bigpic/cubot-king-kong5-pro.jpg,Yes,,PowerVR GE8320,"5.0, A2DP, LE",Yes,Yes,"Yes, with stereo speakers",Mediatek MT6762D Helio P22 (12 nm),microSDXC (uses shared SIM slot),,"USB Type-C, OTG",,"HSPA, LTE",,"720 x 1560 pixels, 19.5:9 ratio (~286 ppi density)",,,GSM / HSPA / LTE,,,Unspecified,IPS LCD,"Wi-Fi 802.11 a/b/g/n/ac, dual-band",,,Black,HSDPA 850 / 900 / 1700(AWS) / 1900 / 2100,Unspecified,"1, 2, 3, 4, 5, 7, 8, 12, 13, 17, 18, 19, 20, 25, 26, 28, 38, 40, 41, 66",165.8 x 81.4 x 18.8 mm (6.53 x 3.20 x 0.74 in),,,Cubot,25 MP,64GB 4GB RAM,,"Fingerprint (rear-mounted), accelerometer, gyro, proximity, compass",LED flash,Android 11,"48 MP, (wide), AF5 MP, (macro), AF0.3 MP",,,8000 mAh,Available. Released 2021
,Octa-core (4x2.0 GHz Cortex-A53 & 4x1.5 GHz Cortex-A53),Cubot C20,192.8 g (6.81 oz),,Nano-SIM + Nano-SIM,"6.18 inches, 96.2 cm2(~83.9% screen-to-body ratio)",GSM 850 / 900 / 1800 / 1900,GPS,2020,,,,https://fdn2.gsmarena.com/vv/bigpic/cubot-c20.jpg,Yes,,PowerVR GE8320,"4.2, A2DP",Yes,Yes,Yes,Mediatek MT6762D Helio P22 (12 nm),microSDXC (dedicated slot),,"USB Type-C, OTG",,"HSPA, LTE",,"1080 x 2246 pixels, 18.7:9 ratio (~403 ppi density)",,,GSM / HSPA / LTE,,,Unspecified,IPS LCD,Wi-Fi 802.11 a/b/g/n,,,"Blue, Black",HSDPA 900 / 2100,Yes,"1, 3, 7, 8, 20",155 x 74 x 10 mm (6.10 x 2.91 x 0.39 in),,,Cubot,8 MP,64GB 4GB RAM,,"Fingerprint (rear-mounted), accelerometer, gyro, proximity, compass",LED flash,Android 10,"12 MP, (wide), PDAF5 MP, (macro)0.3 MP",,,"4200 mAh, removable",Available. Released 2020
,Quad-core 1.3 GHz,Cubot J8,144 g (5.08 oz),,Nano-SIM + Nano-SIM,"5.5 inches, 74.1 cm2(~87.2% screen-to-body ratio)",GSM 850 / 900 / 1800 / 1900,GPS,2020,,,,https://fdn2.gsmarena.com/vv/bigpic/cubot-j8.jpg,Yes,,,"4.2, A2DP",Yes,No,Yes,Mediatek MT6580 (28 nm),No,,Yes,,HSPA,,"442 x 960 pixels, 19.5:9 ratio (~192 ppi density)",,,GSM / HSPA,,,Unspecified,IPS LCD,Wi-Fi 802.11 a/b/g/n,,,"Black, Red, Blue, Green",HSDPA 900 / 2100,Yes,,135 x 63 x 11 mm (5.31 x 2.48 x 0.43 in),,,Cubot,8 MP,16GB 2GB RAM,,"Accelerometer, proximity",LED flash,Android 10,"13 MP, (wide), AF0.3 MPthird unspecified camera",,,"3100 mAh, removable",Available. Released 2020
Water/dust resistant,Quad-core 2.0 GHz Cortex-A53,Cubot KingKong Mini 2,122.7 g (4.34 oz),,Nano-SIM + Nano-SIM,"4.0 inches, 41.3 cm2(~59.8% screen-to-body ratio)",GSM 850 / 900 / 1800 / 1900,"GPS, GLONASS, GALILEO, BDS",2020,,,,https://fdn2.gsmarena.com/vv/bigpic/cubot-king-kong-mini2.jpg,Yes,,PowerVR GE8320,"4.2, A2DP",Yes,No,Yes,Mediatek MT6761 Helio A22 (12 nm),microSDXC (dedicated slot),,USB Type-C,,"HSPA, LTE",,"540 x 1080 pixels, 18:9 ratio (~302 ppi density)",,,GSM / HSPA / LTE,,,Unspecified,IPS LCD,Wi-Fi 802.11 a/b/g/n,,,"Red/Black, Orange/Black",HSDPA 900 / 2100,Unspecified,"1, 3, 7, 8, 19, 20",119 x 58 x 12.1 mm (4.69 x 2.28 x 0.48 in),,,Cubot,"13 MP, f/2.2, (wide)",32GB 3GB RAM,8 MP,"Accelerometer, gyro, proximity, compass",LED flash,Android 10,,,,3000 mAh,Available. Released 2020
,Quad-core 1.4 GHz Cortex-A53,Cubot Note 7,144 g (5.08 oz),,Nano-SIM + Nano-SIM,"5.5 inches, 74.1 cm2(~82.7% screen-to-body ratio)",GSM 850 / 900 / 1800 / 1900,GPS,2020,,,,https://fdn2.gsmarena.com/vv/bigpic/cubot-note-7.jpg,Yes,,Mali-T720MP1,"4.2, A2DP",Yes,No,Yes,Mediatek MT6737 (28 nm),No,,Yes,,"HSPA, LTE",,"442 x 960 pixels, 19.5:9 ratio (~192 ppi density)",,,GSM / HSPA / LTE,,,Unspecified,IPS LCD,Wi-Fi 802.11 a/b/g/n,,,"Black, Red, Blue, Green",HSDPA 900 / 2100,Yes,"1, 3, 7, 8, 19, 20",138 x 65 x 10.8 mm (5.43 x 2.56 x 0.43 in),,,Cubot,8 MP,16GB 2GB RAM,,"Accelerometer, proximity",LED flash,Android 10,"13 MP, (wide), AF0.3 MPthird unspecified camera",,,"3100 mAh, removable",Available. Released 2020
,Octa-core (4x2.0 GHz Cortex-A73 & 4x2.0 GHz Cortex-A53),Cubot Note 20 Pro,200 g (7.05 oz),,Nano-SIM + Nano-SIM,"6.5 inches, 102.0 cm2(~83.1% screen-to-body ratio)",GSM 850 / 900 / 1800 / 1900,GPS,2020,,,,https://fdn2.gsmarena.com/vv/bigpic/cubot-note20-pro.jpg,Yes,,Mali-G72 MP3,"4.2, A2DP",Yes,Yes,Yes,Mediatek MT6771 Helio P60 (12 nm),microSDXC (dedicated slot),"12 MP, (wide), 1/2.9"", AF20 MP, (depth), 1/2.78""0.3 MP4th unspecified camera","microUSB, OTG",,"HSPA, LTE",,"720 x 1600 pixels, 20:9 ratio (~270 ppi density)",,,GSM / HSPA / LTE,,,Unspecified,IPS LCD,Wi-Fi 802.11 a/b/g/n,,,"Black, Blue, Green",HSDPA 900 / 2100,Yes,"1, 3, 7, 8, 19, 20",162.8 x 75.4 x 9.1 mm (6.41 x 2.97 x 0.36 in),,,Cubot,8 MP,128GB 8GB RAM,,"Accelerometer, gyro, proximity, compass",LED flash,Android 10,,,,"4200 mAh, removable",Available. Released 2020
,Octa-core (4x2.0 GHz Cortex-A73 & 4x2.0 GHz Cortex-A53),Cubot C30,190 g (6.70 oz),,Nano-SIM + Nano-SIM,"6.4 inches, 101.4 cm2(~84.5% screen-to-body ratio)",GSM 850 / 900 / 1800 / 1900,GPS,2020,,,,https://fdn2.gsmarena.com/vv/bigpic/cubot-c30.jpg,Yes,,Mali-G72 MP3,"4.2, A2DP",Yes,Yes,Yes,Mediatek MT6771 Helio P60 (12 nm),microSDXC (uses shared SIM slot),"48 MP, (wide), 1/2.0"", AF16 MP, (ultrawide)5 MP, (macro)0.3 MP","USB Type-C, OTG",,"HSPA, LTE",,1080 x 2310 pixels (~398 ppi density),,,GSM / HSPA / LTE,,,Unspecified,IPS LCD,Wi-Fi 802.11 a/b/g/n,,,"Black, Green",HSDPA 850 / 900 / 1700(AWS) / 1900 / 2100,Unspecified,"1, 2, 3, 4, 5, 7, 8, 12, 13, 17, 18, 19, 20, 25, 26, 28, 38, 40, 41, 66",157.1 x 76.4 x 8.5 mm (6.19 x 3.01 x 0.33 in),,,Cubot,32 MP,"128GB 8GB RAM, 256GB 8GB RAM",,"Fingerprint (side-mounted), accelerometer, gyro, proximity, compass",LED flash,Android 10,,,,4200 mAh,Available. Released 2020
,Octa-core (4x2.0 GHz Cortex-A73 & 4x2.0 GHz Cortex-A53),Cubot X30,193 g (6.81 oz),,Nano-SIM + Nano-SIM,"6.4 inches, 101.4 cm2(~84.5% screen-to-body ratio)",GSM 850 / 900 / 1800 / 1900,GPS,2020,,,,https://fdn2.gsmarena.com/vv/bigpic/cubot-x30.jpg,Yes,,Mali-G72 MP3,"4.2, A2DP",Yes,Yes,Yes,Mediatek MT6771 Helio P60 (12 nm),microSDXC (uses shared SIM slot),,"USB Type-C, OTG",,"HSPA, LTE",,1080 x 2310 pixels (~398 ppi density),,,GSM / HSPA / LTE,,"48 MP, (wide), 1/2.0"", AF16 MP, (ultrawide)5 MP, (macro)2 MP, (depth)0.3 MP",Unspecified,IPS LCD,Wi-Fi 802.11 a/b/g/n,,,"Blue, Black, Gradient Green",HSDPA 850 / 900 / 1700(AWS) / 1900 / 2100,Unspecified,"1, 2, 3, 4, 5, 7, 8, 12, 13, 17, 18, 19, 20, 25, 26, 28, 38, 40, 41, 66",157.1 x 76.4 x 8.5 mm (6.19 x 3.01 x 0.33 in),,,Cubot,32 MP,"128GB 8GB RAM, 256GB 8GB RAM",,"Fingerprint (side-mounted), accelerometer, gyro, proximity, compass",LED flash,Android 10,,,,4200 mAh,Available. Released 2020
,Quad-core 1.8 GHz Cortex-A53,Cubot P40,184 g (6.49 oz),,Nano-SIM + Nano-SIM,"6.2 inches, 95.9 cm2(~84.8% screen-to-body ratio)",GSM 850 / 900 / 1800 / 1900,GPS,2020,,10W wired,,https://fdn2.gsmarena.com/vv/bigpic/cubot-p40.jpg,Yes,,PowerVR GE8320,"4.2, A2DP",Yes,Yes,Yes,Mediatek MT6761 Helio A22 (12 nm),microSDXC,,"USB Type-C, OTG",,"HSPA, LTE",,"720 x 1520 pixels, 19:9 ratio (~271 ppi density)",,,GSM / HSPA / LTE,,,Unspecified,IPS LCD,Wi-Fi 802.11 a/b/g/n,,,"Blue, Black, Green",HSDPA 900 / 2100,Unspecified,"1, 3, 7, 8, 19, 20",155 x 73 x 10 mm (6.10 x 2.87 x 0.39 in),,,Cubot,20 MP,128GB 4GB RAM,,"Accelerometer, gyro, proximity, compass",LED flash,Android 10,"12 MP, (wide), 1/2.9"", PDAF5 MP, (macro)0.3 MP",,,"4200 mAh, removable",Available. Released 2020
,Quad-core 1.8 GHz Cortex-A53,Cubot Note 20,200 g (7.05 oz),,Nano-SIM + Nano-SIM,"6.5 inches, 102.0 cm2(~83.1% screen-to-body ratio)",GSM 850 / 900 / 1800 / 1900,GPS,2020,,,,https://fdn2.gsmarena.com/vv/bigpic/cubot-note20.jpg,Yes,,PowerVR GE8320,"4.2, A2DP",Yes,Yes,Yes,Mediatek MT6761D Helio A20 (12 nm),microSDXC (dedicated slot),"12 MP, (wide), 1/2.9"", AF20 MP, (depth), 1/2.78""0.3 MP4th unspecified camera",microUSB,,"HSPA, LTE",,"720 x 1600 pixels, 20:9 ratio (~270 ppi density)",,,GSM / HSPA / LTE,,,Unspecified,IPS LCD,Wi-Fi 802.11 a/b/g/n,,,"Black, Blue, Green",HSDPA 900 / 2100,Yes,"1, 3, 7, 8, 19, 20",162.8 x 75.4 x 9.1 mm (6.41 x 2.97 x 0.36 in),,,Cubot,8 MP,64GB 3GB RAM,,"Accelerometer, proximity",LED flash,Android 10,,,,"4200 mAh, removable",Available. Released 2020
,Octa-core 2.5 GHz Cortex-A53,Cubot X20,240 g (8.47 oz),,Nano-SIM + Nano-SIM,"6.3 inches, 97.4 cm2(~83.1% screen-to-body ratio)",GSM 850 / 900 / 1800 / 1900,GPS,2020,,,,https://fdn2.gsmarena.com/vv/bigpic/cubot-x20.jpg,Yes,,Mali-G71 MP2,"4.2, A2DP",Yes,No,Yes,Mediatek MT6763 Helio P23 (16 nm),microSDXC (uses shared SIM slot),,"USB Type-C, OTG",,"HSPA, LTE",,"1080 x 2340 pixels, 19.5:9 ratio (~409 ppi density)",,"Glass front, plastic frame, glass back",GSM / HSPA / LTE,,,Unspecified,IPS LCD,Wi-Fi 802.11 a/b/g/n,,,"Blue, Gold, Black",HSDPA 900 / 2100,Unspecified,"1, 3, 7, 8, 19, 20",157.1 x 74.6 x 8.1 mm (6.19 x 2.94 x 0.32 in),,,Cubot,"13 MP, (wide), 1/3.06""",64GB 4GB RAM,,"Accelerometer, gyro, proximity, compass",LED flash,Android 9.0 (Pie),"12 MP, (wide), 1/2.9"", AF8 MP, 125˚ (ultrawide)20 MP, (depth), 1/2.78""",,,4000 mAh,Available. Released 2020
Water/dust resistant,Quad-core 1.3 GHz,Cubot KingKong CS,236.5 g (8.36 oz),,"Dual SIM (Micro-SIM, dual stand-by)","5.0 inches, 68.9 cm2(~56.2% screen-to-body ratio)",GSM 850 / 900 / 1800 / 1900,GPS,2020,,,,https://fdn2.gsmarena.com/vv/bigpic/cubot-kingkong-cs.jpg,Yes,,,"4.0, A2DP",Yes,No,Yes,Mediatek MT6580 (28 nm),microSDHC (dedicated slot),,microUSB,,HSPA,,"720 x 1280 pixels, 16:9 ratio (~294 ppi density)",,,GSM / HSPA,,,Unspecified,IPS LCD,Wi-Fi 802.11 b/g/n,,,Black,HSDPA 850 / 1700 / 1900 / 2100,Unspecified,,153 x 80.2 x 14.9 mm (6.02 x 3.16 x 0.59 in),,,Cubot,"13 MP, (wide), AF",16GB 2GB RAM,8 MP,"Accelerometer, gyro, proximity, compass",LED flash,Android 10 (Go edition),,,,4400 mAh,Available. Released 2020
