Speed,Loudspeaker,,EDGE,GPRS,Card slot,Features,CPU,Sensors,Model Image,Type_1,Talk time,OS,Dual,Bluetooth,SIM,2G bands,Internal,_1,Video_1,Positioning,Radio,Dual_1,Phonebook,Games,Model Name,Weight,5G bands,Video,Triple,Charging,Messaging,3G bands,Call records,Status,_2,SAR,NFC,3.5mm jack,Single_1,WLAN,Price,_3,GPU,Build,4G bands,Chipset,Resolution,Technology,Single,Announced,Brand,USB,Colors,Java,Features_1,Dimensions,Stand-by,Type,Size,No,Protection
"HSPA, LTE, 5G",Yes,,,,No,LED flash,Octa-core (2x2.2 GHz Cortex-A76 & 6x2.0 GHz Cortex-A55),"Fingerprint (side-mounted), accelerometer, proximity",https://fdn2.gsmarena.com/vv/bigpic/energizer-u6g.jpg,5000 mAh,,Android 14,,"5.2, A2DP, LE",Nano-SIM + Nano-SIM,GSM 850 / 900 / 1800 / 1900,"64GB 4GB RAM, 256GB 6GB RAM",,1080p@30fps,GPS,FM radio,,,,Energizer Ultimate U6G,186 g (6.56 oz),"1, 3, 7, 28, 38, 41, 77, 78, 79 SA/NSA",1080p@30fps,"50 MP, (wide), AF2 MPVGA",33W wired,,HSDPA 850 / 900 / 2100,,"Coming soon. Exp. release 2025, March",,,Yes,Yes,,"Wi-Fi 802.11 a/b/g/n/ac, dual-band",About 140 EUR,,Mali-G57 MC2,,"1, 2, 3, 4, 5, 7, 8, 20, 28, 38, 39, 40, 41, 66",Mediatek Dimensity 6100+ (6 nm),720 x 1620 pixels (~263 ppi density),GSM / HSPA / LTE / 5G,"8 MP, (wide)","2024, December",Energizer,USB Type-C 2.0,Black,,,167.2 x 77.2 x 9 mm (6.58 x 3.04 x 0.35 in),,IPS LCD,"6.75 inches, 109.1 cm2(~84.5% screen-to-body ratio)",,
"HSPA, LTE",Yes,,,,microSDXC,LED flash,Quad-core 1.3 GHz,No,https://fdn2.gsmarena.com/vv/bigpic/energizer-e288s.jpg,"Li-Ion 2000 mAh, removable",,KaiOS 2.X,,"4.2, A2DP",Nano-SIM + Nano-SIM,GSM 850 / 900 / 1800 / 1900,4GB 512MB RAM,,,GPS,FM radio,,,,Energizer E288s,116 g (4.09 oz),,Yes,,,,HSDPA 850 / 900 / 2100,,"Available. Released 2024, August",,,No,Yes,Yes,Yes,,,,,"1, 2, 3, 4, 5, 7, 8, 12, 13, 17, 20, 26, 28, 38, 40, 41, 66",Mediatek MT6739WW (28 nm),"240 x 320 pixels, 4:3 ratio (~143 ppi density)",GSM / HSPA / LTE,0.3 MP,"2024, April",Energizer,USB Type-C,Black,,,138 x 58.2 x 12.8 mm (5.43 x 2.29 x 0.50 in),,TFT,"2.8 inches, 24.3 cm2(~30.2% screen-to-body ratio)",,
"HSPA, LTE",Yes,"Secondary external 1.77"" display",,,microSDHC,LED flash,Single-core 1 GHz,No,https://fdn2.gsmarena.com/vv/bigpic/energizer-e246sc.jpg,"Li-Ion 2000 mAh, removable",,Proprietary OS,,"5.0, A2DP, LE",Nano-SIM + Nano-SIM,GSM 850 / 900 / 1800 / 1900,128MB 48MB RAM,VGA,Yes,No,FM radio,,,,Energizer E246SC,-,,Yes,,,,HSDPA 850 / 900 / 2100,,"Available. Released 2024, December",,,No,Yes,,No,About 50 EUR,,,,"1, 2, 3, 4, 5, 7, 8, 12, 12, 17, 20, 26, 28, 38, 40, 41, 66",Unisoc T107 (22 nm),"240 x 320 pixels, 4:3 ratio (~167 ppi density)",GSM / HSPA / LTE,VGA,"2024, May",Energizer,USB Type-C 2.0,Gray,,,86 x 70 x 21 mm (3.39 x 2.76 x 0.83 in),,TN TFT,"2.4 inches, 17.8 cm2(~29.6% screen-to-body ratio)",,
"HSPA, LTE",Yes,eMMC 5.1,,,microSDXC,LED flash,Quad-core 1.5 GHz,"Fingerprint (side-mounted), accelerometer, proximity, compass",https://fdn2.gsmarena.com/vv/bigpic/energizer-u652s.jpg,Li-Ion 4000 mAh,,Android 13 (Go edition),,"4.2, A2DP",Nano-SIM + Nano-SIM,GSM 850 / 900 / 1800 / 1900,64GB 2GB RAM,,Yes,GPS,FM radio,,,,Energizer Ultimate U652S,190 g (6.70 oz),,1080p@30fps,"18 MP (wide), AF0,08 MP (depth)0,08 MP (auxiliary lens)",,,HSDPA 850 / 900 / 2100,,"Available. Released 2024, July",,,No,Yes,,Wi-Fi 802.11 a/b/g/n,About 70 EUR,,IMG 8XE1PPC,,"1, 2, 3, 4, 5, 7, 8, 12, 13, 17, 20, 26, 28, 38, 40, 41, 66",Mediatek MT6739WW (28 nm),"720 x 1600 pixels, 20:9 ratio (~270 ppi density)",GSM / HSPA / LTE,"13 MP, (wide)","2024, February",Energizer,USB Type-C 2.0,Black,,,164.3 x 76.1 x 9.1 mm (6.47 x 3.00 x 0.36 in),,IPS LCD,"6.51 inches, 102.3 cm2(~81.8% screen-to-body ratio)",,
"HSPA, LTE",Yes,Flashlight,,,microSD,,Single-core 1 GHz,No,https://fdn2.gsmarena.com/vv/bigpic/energizer-e130s.jpg,"Li-Ion 1000 mAh battery, removable",,,,2.1,Nano-SIM + Nano-SIM,GSM 850 / 900 / 1800 / 1900,128MB 48MB RAM,VGA,,No,FM radio,,Yes,No,Energizer E130S,87 g (3.07 oz),,Yes,,,SMS,HSDPA 850 / 900 / 2100,Yes,"Available. Released 2022, September",,,No,Yes,,No,About 20 EUR,,,,"1, 3, 7, 8, 20, 28, 38, 40, 41",Unisoc T107,128 x 160 pixels (~116 ppi density),GSM / HSPA / LTE,VGA,"2022, September",Energizer,microUSB 2.0,"Black, Gold, Silver",No,,115 x 49.2 x 14.8 mm (4.53 x 1.94 x 0.58 in),,TFT LCD,"1.77 inches, 9.9 cm2(~17.4% screen-to-body ratio)",,
"HSPA, LTE",Yes,eMMC 5.1,,,microSDHC,LED flash,Quad-core 1.5 GHz,"Accelerometer, proximity",https://fdn2.gsmarena.com/vv/bigpic/energizer-u506s.jpg,"Li-Ion 3000 mAh battery, removable",,Android 13 (Go edition),5 MPAuxiliary lens,"4.0, A2DP",Nano-SIM + Nano-SIM,GSM 850 / 900 / 1800 / 1900,32GB 2GB RAM,,1080p@30fps,GPS,FM radio,,,,Energizer U506S,178 g (6.28 oz),,1080p@30fps,,,,HSDPA 850 / 900 / 2100,,"Available. Released 2023, November",,,No,Yes,,Wi-Fi 802.11 a/b/g/n,About 60 EUR,,,,"1, 3, 4, 7, 8, 20, 28, 38, 40, 41",,"480 x 854 pixels, 16:9 ratio (~196 ppi density)",GSM / HSPA / LTE,2 MP,"2023, November",Energizer,microUSB,Black,,,144.8 x 72.4 x 11.6 mm (5.70 x 2.85 x 0.46 in),,IPS LCD,"5.0 inches, 68.9 cm2(~65.7% screen-to-body ratio)",,
"HSPA, LTE, 5G",Yes,eMMC 5.1,,,microSDXC,LED flash,Octa-core (2x2.2 GHz Cortex-A76 & 6x2.0 GHz Cortex-A55),"Fingerprint (rear-mounted), accelerometer, proximity",https://fdn2.gsmarena.com/vv/bigpic/energizer-ultimate-u65g.jpg,Li-Ion 4000 mAh,,Android 13,,"5.1, A2DP, LE",Nano-SIM + Nano-SIM,GSM 850 / 900 / 1800 / 1900,64GB 4GB RAM,,1080p@30fps,GPS,FM radio,,,,Energizer Ultimate 65G,190 g (6.70 oz),"1, 3, 5, 8, 28, 41, 77, 78 SA/NSA",1080p@30fps,"13 MP, f/1.8, (wide)2 MP, f/2.4, (macro)2 MP, f/2.4, (depth)",20W wired,,HSDPA 850 / 900 / 1900 / 2100,,"Available. Released 2024, Q3",,,No,Yes,,"Wi-Fi 802.11 a/b/g/n/ac, dual-band",About 140 EUR,,Mali-G57 MC2,,"1, 3, 5, 7, 8, 28, 34, 38, 39, 40, 41",Mediatek Dimensity 700 (7 nm),"720 x 1600 pixels, 20:9 ratio (~270 ppi density)",GSM / HSPA / LTE / 5G,"8 MP, (wide)","2024, February",Energizer,USB Type-C 2.0,Black,,,164.4 x 76.4 x 9.2 mm (6.47 x 3.01 x 0.36 in),,IPS LCD,"6.51 inches, 102.3 cm2(~81.5% screen-to-body ratio)",,
"HSPA, LTE",Yes,IP68/IP69 dust/water resistant (up to 1.2m for 30 min),,,microSDXC (uses shared SIM slot),"LED flash, HDR, panorama",Octa-core (2x2.2 GHz Cortex-A76 & 6x2.0 GHz Cortex-A55),"Accelerometer, gyro, proximity, compass",https://fdn2.gsmarena.com/vv/bigpic/energizer-hard-case-p28k.jpg,28000 mAh,,Android 14,,"5.2, A2DP, LE",Nano-SIM + Nano-SIM,GSM 850 / 900 / 1800 / 1900,256GB 8GB RAM,,1080p@30fps,"GPS, GALILEO, GLONASS, BDS",No,,,,Energizer Hard Case P28K,570 g (1.26 lb),,"4K@30fps, 1080p@30fps","64 MP, (wide), PDAF20 MP2 MP",33W wired,,HSDPA 850 / 900 / 1700(AWS) / 1900 / 2100,,"Available. Released 2024, October",,,Yes,No,,"Wi-Fi 802.11 a/b/g/n/ac, dual-band",About 250 EUR,,Mali-G57 MC2,,"1, 2, 3, 4, 5, 7, 8, 12, 13, 17, 18, 19, 20, 25, 26, 28, 38, 40, 41, 66",Mediatek Helio G99 (6 nm),1080 x 2460 pixels (~396 ppi density),GSM / HSPA / LTE,"16 MP, (wide)","2024, February 25",Energizer,USB Type-C 2.0,Black,,,178.1 x 84 x 27.8 mm (7.01 x 3.31 x 1.09 in),,IPS LCD,"6.78 inches, 109.2 cm2(~73.0% screen-to-body ratio)",,
"HSPA, LTE",Yes,eMMC 5.1,,,microSDXC,LED flash,Octa-core 2.0 GHz,"Fingerprint (rear-mounted), accelerometer, proximity",https://fdn2.gsmarena.com/vv/bigpic/energizer-u683s.jpg,Li-Po 4900 mAh,,Android 13 (Go edition),,"5.0, A2DP, LE",Nano-SIM + Nano-SIM,GSM 850 / 900 / 1800 / 1900,64GB 2GB RAM,,1080p@30fps,GPS,No,,,,Energizer U683S,210 g (7.41 oz),,1080p@30fps,"8 MP, (wide), AF0.08 MP, (macro)0.3 MP, (depth)",,,HSDPA 850 / 900 / 2100,,"Available. Released 2024, February",,,No,Yes,,"Wi-Fi 802.11 a/b/g/n/ac, dual-band",About 80 EUR,,PowerVR GE8320,,"1, 2, 3, 4, 5, 7, 8, 20, 28, 38, 40, 41, 66",Mediatek MT6762CB,720 x 1640 pixels (~263 ppi density),GSM / HSPA / LTE,"5 MP, (wide)","2024, January",Energizer,USB Type-C 2.0,"Black, Gold, Pink",,,172.8 x 78.5 x 9.7 mm (6.80 x 3.09 x 0.38 in),,IPS LCD,"6.82 inches, 110.5 cm2(~81.4% screen-to-body ratio)",,
"HSPA, LTE, 5G",Yes,,,,microSDXC,"LED flash, HDR, panorama",Octa-core (2x2.0 GHz Cortex-A76 & 6x2.0 GHz Cortex-A55),"Fingerprint (side-mounted), accelerometer, gyro, proximity, compass",https://fdn2.gsmarena.com/vv/bigpic/energizer-h67g.jpg,Li-Po 4900 mAh,,Android 13,,"5.1, A2DP, LE",Nano-SIM + Nano-SIM,GSM 850 / 900 / 1800 / 1900,128GB 4GB RAM,,1080p@30fps,GPS,No,,,,Energizer H67G,287 g (10.12 oz),"1, 3, 7, 28, 38, 41, 77, 78, 79 SA/NSA",1080p@30fps,"48 MP, (wide), PDAF5 MP, (depth)2 MP, (macro)",18W wired,,HSDPA 850 / 900 / 2100,,"Available. Released 2024, February",,,No,No,,"Wi-Fi 802.11 a/b/g/n/ac, dual-band",About 310 EUR,,Mali-G57 MC3,,"1, 2, 3, 4, 5, 7, 8, 20, 28, 38, 40, 41, 66",Mediatek Dimensity 720 (7 nm),1080 x 2460 pixels (~396 ppi density),GSM / HSPA / LTE / 5G,"24 MP, (wide)","2024, January 19",Energizer,USB Type-C 2.0,"Black, Grey, Red",,,178.6 x 84 x 13.5 mm (7.03 x 3.31 x 0.53 in),,"IPS LCD, 90Hz","6.78 inches, 109.2 cm2(~72.8% screen-to-body ratio)",,
"HSPA, LTE",Yes,"Downloadable applications Facebook, Gmail, Whatsapp, etc.",,,microSDHC,LED flash,Quad-core 1.5 GHz,No,https://fdn2.gsmarena.com/vv/bigpic/energizer-e242s-plus.jpg,2000 mAh battery,,KaiOS 2.X,,"4.0, A2DP",Nano-SIM + Micro-SIM,GSM 850 / 900 / 1800 / 1900,4GB 512MB RAM,,,GPS,FM radio,,,,Energizer E242s+,116 g (4.09 oz),,Yes,,,,HSDPA 850 / 900 / 2100,,"Available. Released 2024, January",,,No,Yes,,Yes,About 30 EUR,,PowerVR GE8100,,"1, 2, 3, 4, 5, 7, 8, 12, 13, 17, 20, 26, 28, 38, 40, 41, 66",Mediatek MT6739,"240 x 320 pixels, 4:3 ratio (~167 ppi density)",GSM / HSPA / LTE,2 MP,"2024, January",Energizer,microUSB,Black,,,130.8 x 53.6 x 13 mm (5.15 x 2.11 x 0.51 in),,"TFT LCD, 256K colors","2.4 inches, 17.8 cm2(~25.4% screen-to-body ratio)",1.3 MP,
"HSPA, LTE",Yes,No,,,microSDHC,LED flash,Single-core 1 GHz,No,https://fdn2.gsmarena.com/vv/bigpic/energizer-e244s.jpg,1400 mAh battery,,,,"5.0, A2DP, LE",Nano-SIM + Nano-SIM,GSM 850 / 900 / 1800 / 1900,,,,No,FM radio,,Yes,,Energizer E244s,91 g (3.21 oz),,No,,,SMS,HSDPA 850 / 900 / 2100,Yes,"Available. Released 2024, February",,,No,Yes,,No,About 20 EUR,,,,LTE,Unisoc T107,"240 x 320 pixels, 4:3 ratio (~167 ppi density)",GSM / HSPA / LTE,0.3 MP,"2023, December",Energizer,USB Type-C 2.0,Black,No,,131.2 x 54 x 12 mm (5.17 x 2.13 x 0.47 in),,TN TFT,"2.4 inches, 17.8 cm2(~25.2% screen-to-body ratio)",,
,Yes,Flashlight,No,Yes,microSD,,Single-core 312 MHz,,https://fdn2.gsmarena.com/vv/bigpic/energizer-e13.jpg,Li-Ion 1000 mAh battery,,,,2.1,Dual SIM (Mini-SIM),GSM 850 / 900 / 1800 / 1900,,,,No,FM radio,,Yes,No,Energizer E13,73 g (2.57 oz),,Yes,,,SMS,,Yes,"Available. Released 2022, June",,,No,Yes,,No,About 10 EUR,,,,,Mediatek MT6261D,128 x 160 pixels (~116 ppi density),GSM,VGA,"2022, June",Energizer,microUSB,Black,No,,116 x 50 x 14.5 mm (4.57 x 1.97 x 0.57 in),,"TFT LCD, 256K colors","1.77 inches, 9.9 cm2(~17.0% screen-to-body ratio)",,
,Yes,No,No,Yes,microSDHC,,Single-core 260 MHz,,https://fdn2.gsmarena.com/vv/bigpic/energizer-e20-plus.jpg,1000 mAh,,,,3.0,"Dual SIM (Mini-SIM, dual stand-by)",GSM 850 / 900 / 1800 / 1900,,,,No,FM radio,,Yes,No,Energizer E20+,-,,Yes,,,SMS,,Yes,"Available. Released 2023, December",,,No,No,,No,About 20 EUR,,,,,Mediatek MT6261D,"240 x 320 pixels, 4:3 ratio (~167 ppi density)",GSM,QVGA,"2023, November",Energizer,USB Type-C,Black,No,,105 x 52.6 x 19.9 mm (4.13 x 2.07 x 0.78 in),,TFT,"2.4 inches, 17.8 cm2(~32.3% screen-to-body ratio)",,
,Yes,Flashlight,No,Yes,microSDHC,LED flash,Single-core 312 MHz,,https://fdn2.gsmarena.com/vv/bigpic/energizer-e29.jpg,Li-Ion 1700 mAh battery,,,,2.1,Dual SIM (Mini-SIM),GSM 850 / 900 / 1800 / 1900,,,,No,FM radio,,Yes,No,Energizer E29,-,,Yes,,,SMS,,Yes,"Available. Released 2023, November",,,No,Yes,,No,About 20 EUR,,,,,Unisoc 6531E,"240 x 320 pixels, 4:3 ratio (~143 ppi density)",GSM,VGA,"2023, October",Energizer,microUSB,Black,No,,137.6 x 62.5 x 15.6 mm (5.42 x 2.46 x 0.61 in),,TFT LCD,"2.8 inches, 24.3 cm2(~28.2% screen-to-body ratio)",,
No,Yes,,No,Yes,microSDHC,,312 MHz,No,https://fdn2.gsmarena.com/vv/bigpic/energizer-e4.jpg,"Li-Ion 1000 mAh battery, removable",,,,2.0,"Dual SIM (Mini-SIM, dual stand-by)",GSM 850 / 900 / 1800 / 1900,4MB,SOS feature,,No,FM radio,,Yes,,Energizer E4,65 g (2.29 oz),,Yes,,,SMS,N/A,Yes,"Available. Released 2022, August",,,No,Yes,,No,About 10 EUR,,,,N/A,Unisoc SC6531DA,128 x 160 pixels (~116 ppi density),GSM,QVGA,"2022, June",Energizer,microUSB,"Black, Blue, Red, Gold, Silver",No,,115 x 46 x 13.5 mm (4.53 x 1.81 x 0.53 in),,TFT,"1.77 inches, 9.9 cm2(~18.6% screen-to-body ratio)",,
"HSPA, LTE",Yes,eMMC 5.1,,,microSDXC,LED flash,Quad-core 2.0 GHz Cortex-A53,,https://fdn2.gsmarena.com/vv/bigpic/energizer-u608s.jpg,Li-Ion 3000 mAh,,Android 12 (Go edition),,"4.2, A2DP",Nano-SIM + Nano-SIM,GSM 850 / 900 / 1800 / 1900,32GB 2GB RAM,,720p,GPS,FM radio,,,,Energizer Ultimate U608s,156.8 g (5.54 oz),,1080p@30/60fps,,,,HSDPA 850 / 900 / 2100,,"Available. Released 2022, July",,,No,Yes,5 MP,Wi-Fi 802.11 b/g/n,About 90 EUR,,PowerVR GE8320,,LTE,Mediatek MT6761 Helio A22 (12 nm),"720 x 1520 pixels, 19:9 ratio (~277 ppi density)",GSM / HSPA / LTE,5 MP,"2022, June",Energizer,microUSB,Black,,,155.4 x 73.3 x 9.8 mm (6.12 x 2.89 x 0.39 in),,LCD,"6.08 inches, 92.3 cm2(~81.0% screen-to-body ratio)",,
"HSPA, LTE",Yes,"Downloadable applications Facebook, Gmail, Whatsapp, etc.",,,microSDHC,LED flash,Quad-core 1.5 GHz,No,https://fdn2.gsmarena.com/vv/bigpic/energizer-e242s.jpg,"Li-Ion 1700 mAh battery, removable",,KaiOS 2.5.3,,"4.2, A2DP, LE","Dual SIM (Micro-SIM, dual stand-by)",GSM 850 / 900 / 1800 / 1900,4GB 512MB RAM,,Yes,GPS,FM radio,,,,Energizer E242s,116 g (4.09 oz),,Yes,,,,HSDPA 850 / 900 / 2100,,"Available. Released 2022, April 10",,,No,Yes,0.3 MP,Yes,About 40 EUR,,PowerVR GE8100,,"1, 3, 7, 8, 20, 28, 38, 40, 41",Mediatek MT6739,"240 x 320 pixels, 4:3 ratio (~167 ppi density)",GSM / HSPA / LTE,0.3 MP,"2022, April 10",Energizer,microUSB,"Black, Blue, Pink, Gold, Silver",,,130.8 x 53.6 x 13 mm (5.15 x 2.11 x 0.51 in),,"TFT LCD, 256K colors","2.4 inches, 17.8 cm2(~25.4% screen-to-body ratio)",,
"HSPA, LTE",Yes,eMMC,,,microSDHC,LED flash,1 GHz,No,https://fdn2.gsmarena.com/vv/bigpic/energizer-e284s.jpg,"Li-Ion 2000 mAh, removable",,,,2.1,Nano-SIM + Nano-SIM,GSM 850 / 900 / 1800 / 1900,"128MB, 64MB RAM",,Yes,No,FM radio,,Yes,Downloadable,Energizer E284S,131 g (4.62 oz),,Yes,,,SMS,HSDPA 850 / 900 / 2100,Yes,"Available. Released 2022, Q2",,,No,Yes,VGA,Yes,About 50 EUR,,,,"1, 3, 7, 8, 20, 28, 38, 40, 41",Unisoc T117,"240 x 320 pixels, 4:3 ratio (~143 ppi density)",GSM / HSPA / LTE,2 MP,"2021, December",Energizer,microUSB,"Black, Blue, Red, Green",No,,137.6 x 62.5 x 15.6 mm (5.42 x 2.46 x 0.61 in),,TFT LCD,"2.8 inches, 24.3 cm2(~28.2% screen-to-body ratio)",,
"HSPA, LTE",Yes,eMMC 5.1,,,microSDHC,LED flash,Quad-core 1.5 GHz,"Accelerometer, proximity",https://fdn2.gsmarena.com/vv/bigpic/energizer-u505s.jpg,"Li-Po 3000 mAh, removable",,Android 11 (Go edition),5 MPVGA,"4.0, A2DP",Nano-SIM + Nano-SIM,GSM 850 / 900 / 1800 / 1900,16GB 1GB RAM,,720p,GPS,FM radio,,,,Energizer Ultimate U505s,-,,1080p@30fps,,,,HSDPA 850 / 900 / 2100,,"Available. Released 2022, March",,,No,Yes,,Yes,About 80 EUR,,,,"1, 3, 7, 8, 20, 28, 38, 40, 41",Mediatek MT6739,"480 x 854 pixels, 16:9 ratio (~196 ppi density)",GSM / HSPA / LTE,2 MP,"2022, March",Energizer,microUSB 2.0,Black,,,138.5 x 73.5 x 10.6 mm (5.45 x 2.89 x 0.42 in),,TFT LCD,"5.0 inches, 68.9 cm2(~67.7% screen-to-body ratio)",,
HSPA,Yes,Flashlight,,,microSDHC,,Quad-core 1.1 GHz,,https://fdn2.gsmarena.com/vv/bigpic/energizer-e282sc.jpg,"Li-Ion 1400 mAh, removable",,KaiOS 2.5.3,,"4.2, A2DP","Dual SIM (Micro-SIM, dual stand-by)",GSM 850 / 900 / 1800 / 1900,4GB 512MB RAM,,,GPS,FM radio,,,,Energizer E282SC,101 g (3.56 oz),,No,,,,HSDPA 850 / 900 / 2100,,"Available. Released 2021, December",,,No,Yes,2 MP,Yes,About 60 EUR,,PowerVR GE8100,,"1, 3, 7, 8, 20, 28, 38, 40, 41",Mediatek MT6731 (28 nm),"240 x 320 pixels, 4:3 ratio (~143 ppi density)",GSM / HSPA / LTE,2 MP,"2021, December",Energizer,microUSB 2.0,"Black, Silver/Diamond, Gold/Diamond, Pink/Diamond",,,108.5 x 58 x 18.5 mm (4.27 x 2.28 x 0.73 in),,TFT LCD,"2.8 inches, 24.3 cm2(~38.6% screen-to-body ratio)",,
"HSPA, LTE, 5G",Yes,CDMA 800 / TD-SCDMA,,,microSDXC,LED flash,Octa-core (2x2.0 GHz Cortex-A76 & 6x2.0 GHz Cortex-A55),"Fingerprint (rear-mounted), accelerometer, proximity, compass",https://fdn2.gsmarena.com/vv/bigpic/energizer-g5.jpg,Li-Po 5000 mAh,,Android 11,,"5.1, A2DP, LE",Nano-SIM + Nano-SIM,GSM 850 / 900 / 1800 / 1900,128GB 6GB RAM,CDMA2000 1xEV-DO,1080p@30fps,GPS,FM radio,,,,Energizer Hard Case G5,-,"1, 3, 8, 28, 38, 41, 77, 78, 79 SA/NSA",1080p@30fps,"48 MP, (wide), AF20 MP, f/1.813 MP, f/2.4, (ultrawide)",,,HSDPA 850 / 900 / 1900 / 2100,,"Available. Released 2021, Q4",IP69 dust/water resistant (up to 1.2m for 30 min)Drop resistant up to 1.2m,,Yes,No,,"Wi-Fi 802.11 a/b/g/n/ac, dual-band",About 500 EUR,eMMC 5.1,Mali-G57 MC3,,"1, 2, 3, 5, 7, 8, 20, 28, 34, 38, 39, 40, 41",Mediatek Dimensity 800U (7 nm),"1080 x 2340 pixels, 19.5:9 ratio (~409 ppi density)",GSM / CDMA / HSPA / EVDO / LTE / 5G,8 MP,"2021, June 29",Energizer,"USB Type-C 2.0, OTG",Black,,,167.7 x 78.2 x 13.7 mm (6.60 x 3.08 x 0.54 in),,IPS LCD,"6.3 inches, 97.4 cm2(~74.3% screen-to-body ratio)",,Corning Gorilla Glass 5
"HSPA, LTE",Yes,eMMC 5.1,,,microSDHC,LED flash,Octa-core (4x1.6 GHz Cortex-A55 & 4x1.2 GHz Cortex-A55),"Accelerometer, proximity",https://fdn2.gsmarena.com/vv/bigpic/energizer-u680s.jpg,Li-Po 7000 mAh,,Android 11,,4.0,Nano-SIM + Micro-SIM,GSM 850 / 900 / 1800 / 1900,32GB 2GB RAM,,,GPS,FM radio,,,,Energizer U680S,-,,1080p@30fps,"13 MP, AF2 MPVGA",,,HSDPA 850 / 900 / 1900 / 2100,,"Available. Released 2021, Q3",,,No,Yes,,Wi-Fi 802.11 b/g/n,About 120 EUR,,IMG8322,,"1, 2, 3, 5, 7, 8, 20, 28, 40, 41",Unisoc SC9863A (28 nm),720 x 1640 pixels (~263 ppi density),GSM / HSPA / LTE,5 MP,"2021, June 29",Energizer,USB Type-C 2.0,"Green, Black",,,-,,IPS LCD,"6.8 inches, 109.8 cm2",,
,Yes,Flashlight,No,Yes,microSD,LED flash,,,https://fdn2.gsmarena.com/vv/bigpic/energizer-e28.jpg,Li-Ion 3000 mAh battery,,,,2.1,"Dual SIM (Mini-SIM, Micro-SIM)",GSM 850 / 900 / 1800 / 1900,,,,No,FM radio,,Yes,No,Energizer E28,113 g (3.99 oz),,Yes,,,SMS,,Yes,"Available. Released 2021, April",,,No,Yes,,No,About 20 EUR,,,,,Spreadtrum SC6531E,"240 x 320 pixels, 4:3 ratio (~143 ppi density)",GSM,QVGA,"2021, April",Energizer,microUSB,"Black, Gray, Blue, White, Green, Brown, Yellow",No,,134.5 x 56 x 16.9 mm (5.30 x 2.20 x 0.67 in),,"TFT LCD, 256K colors","2.8 inches, 24.3 cm2(~32.2% screen-to-body ratio)",,
,Yes,Flashlight,No,Yes,microSD,LED flash,,,https://fdn2.gsmarena.com/vv/bigpic/energizer-e24.jpg,Li-Ion 1900 mAh battery,,,,2.1,"Dual SIM (Mini-SIM, Micro-SIM)",GSM 850 / 900 / 1800 / 1900,,,,No,FM radio,,Yes,No,Energizer E24,105 g (3.70 oz),,Yes,,,SMS,,Yes,"Available. Released 2021, April",,,No,Yes,QVGA,No,About 20 EUR,,,,,Spreadtrum SC6531E,"240 x 320 pixels, 4:3 ratio (~167 ppi density)",GSM,QVGA,"2021, April",Energizer,microUSB,"Black, Gray, Blue, White, Green, Brown, Yellow",No,,125.3 x 54 x 14.5 mm (4.93 x 2.13 x 0.57 in),,"TFT LCD, 256K colors","2.4 inches, 17.8 cm2(~26.4% screen-to-body ratio)",,
,Yes,Flashlight,No,Yes,microSD,,,,https://fdn2.gsmarena.com/vv/bigpic/energizer-e3.jpg,Li-Ion 1000 mAh battery,,,,2.1,Dual SIM (Mini-SIM),GSM 850 / 900 / 1800 / 1900,,,,No,FM radio,,Yes,No,Energizer E3,70 g (2.47 oz),,Yes,,,SMS,,Yes,"Available. Released 2021, April",,,No,Yes,QVGA,No,About 10 EUR,,,,,Spreadtrum SC6531E,128 x 160 pixels (~116 ppi density),GSM,QVGA,"2021, April",Energizer,microUSB,"Black, Gray, Blue, White, Green, Brown, Yellow",No,,113.9 x 48 x 14 mm (4.48 x 1.89 x 0.55 in),,"TFT LCD, 256K colors","1.77 inches, 9.9 cm2(~18.0% screen-to-body ratio)",,
,Yes,Flashlight,No,Yes,microSD,,,,https://fdn2.gsmarena.com/vv/bigpic/energizer-e2.jpg,Li-Ion 800 mAh battery,,,,2.1,Dual SIM (Mini-SIM),GSM 850 / 900 / 1800 / 1900,,,,No,FM radio,,Yes,No,Energizer E2,74.3 g (2.61 oz),,Yes,,,SMS,,Yes,"Available. Released 2021, April",,,No,Yes,,No,About 10 EUR,,,,,Spreadtrum SC6531E,128 x 160 pixels (~116 ppi density),GSM,QVGA,"2021, April",Energizer,microUSB,"Black, Gray, Blue, White, Green, Brown, Yellow",No,,116 x 50 x 13.9 mm (4.57 x 1.97 x 0.55 in),,"TFT LCD, 256K colors","1.77 inches, 9.9 cm2(~17.0% screen-to-body ratio)",,
"HSPA, LTE",Yes,eMMC,,,microSDHC,LED flash,Dual-core (2x1.2 GHz),,https://fdn2.gsmarena.com/vv/bigpic/energizer-282s.jpg,Li-Ion 3000 mAh battery,,KaiOS 2.5.3,,"2.1, EDR","Dual SIM (Micro-SIM, dual stand-by)",GSM 850 / 900 / 1800 / 1900,4GB 512MB RAM,"Downloadable applications Facebook, Gmail, Whatsapp, etc.",,GPS,FM radio,,,,Energizer E280s,113 g (3.99 oz),,Yes,,,,HSDPA 900 / 2100,,"Available. Released 2021, May 31",,,No,Yes,VGA,"Wi-Fi 802.11 b/g/n, hotspot",About 40 EUR,,Mali-T820,,"1, 3, 7, 8, 20, 28, 40",Spreadtrum SC9820E,"240 x 320 pixels, 4:3 ratio (~143 ppi density)",GSM / HSPA / LTE,2 MP,"2021, April 07",Energizer,microUSB,"Black, White, Gray, Blue, Green, Yellow, Brown",,,134.5 x 56 x 16.8 mm (5.30 x 2.20 x 0.66 in),,"TFT LCD, 256K colors","2.8 inches, 24.3 cm2(~32.2% screen-to-body ratio)",,
"HSPA, LTE",Yes,IP69 dust/water resistant (up to 1.2m for 30 min)Drop resistant up to 1.2m,,,microSDHC (uses shared SIM slot),Dual-LED flash,Octa-core 2.0 GHz Cortex-A53,"Fingerprint (rear-mounted), accelerometer, proximity",https://fdn2.gsmarena.com/vv/bigpic/energizer-h621s.jpg,Li-Po 5000 mAh,,Android 11,,"5.0, A2DP, LE",Nano-SIM + Nano-SIM,GSM 850 / 900 / 1800 / 1900,64GB 4GB RAM,eMMC 5.1,1080p@30fps,GPS,FM radio,,,,Energizer Hardcase H621S,241 g (8.50 oz),,1080p@30fps,,15W wired,,HSDPA 850 / 900 / 1900 / 2100,,"Available. Released 2021, June",,,Yes,No,8 MP,"Wi-Fi 802.11 a/b/g/n/ac, dual-band",About 200 EUR,,PowerVR GE8320,,"1, 2, 3, 5, 7, 8, 20, 28, 34, 38, 39, 40, 41",Mediatek MT6762 Helio P22 (12 nm),"720 x 1520 pixels, 19:9 ratio (~271 ppi density)",GSM / HSPA / LTE,"48 MP, PDAF","2021, June",Energizer,USB Type-C 2.0,Black,,,163 x 78.2 x 12 mm (6.42 x 3.08 x 0.47 in),,IPS LCD,"6.2 inches, 95.9 cm2(~75.3% screen-to-body ratio)",,
"HSPA, LTE",Yes,IP69 dust/water resistant (up to 1.2m for 30 min)Drop resistant up to 1.2m,,,microSDHC (uses shared SIM slot),Dual-LED flash,Octa-core 2.0 GHz Cortex-A53,"Fingerprint (rear-mounted), accelerometer, proximity",https://fdn2.gsmarena.com/vv/bigpic/energizer-hardcase-h620s.jpg,Li-Ion 5000 mAh,,Android 10,,"5.0, A2DP, LE",Nano-SIM + Nano-SIM,GSM 850 / 900 / 1800 / 1900,64GB 4GB RAM,eMMC 5.1,1080p@30fps,GPS,FM radio,,,,Energizer Hardcase H620S,250 g (8.82 oz),,1080p@30fps,,,,HSDPA 850 / 900 / 1900 / 2100,,"Available. Released 2021, February 09",,,Yes,Yes,8 MP,"Wi-Fi 802.11 b/g/n, Wi-Fi Direct",About 300 EUR,,PowerVR GE8320,,"1, 3, 5, 7, 8, 20, 28, 34, 38, 39, 40, 41",Mediatek MT6762 Helio P22 (12 nm),"720 x 1440 pixels, 18:9 ratio (~260 ppi density)",GSM / HSPA / LTE,"48 MP, PDAF","2020, December",Energizer,USB Type-C 2.0,Black,,,163 x 78.2 x 12 mm (6.42 x 3.08 x 0.47 in),,IPS LCD,"6.2 inches, 99.2 cm2(~77.8% screen-to-body ratio)",,
"HSPA, LTE","Yes, with stereo speakers",eMMC 5.1,,,microSDXC,"LED flash, HDR, panorama",Octa-core (4x2.0 GHz Cortex-A53 & 4x1.5 GHz Cortex-A53),"Fingerprint (rear-mounted), accelerometer, proximity",https://fdn2.gsmarena.com/vv/bigpic/energizer-u710s.jpg,Li-Po 6000 mAh,,Android 9.0 (Pie),"13 MP, PDAFVGA","4.2, A2DP, LE",Nano-SIM + Nano-SIM,GSM 850 / 900 / 1800 / 1900,32GB 3GB RAM,,,"GPS, GLONASS",FM radio,,,,Energizer Ultimate U710S,-,,1080p@30fps,,10W wired,,HSDPA 850 / 900 / 1900 / 2100,,Cancelled,,,No,Yes,,"Wi-Fi 802.11 b/g/n, Wi-Fi Direct",,,Mali-G71 MP2,,"1, 3, 7, 8, 20, 28, 38, 40",Mediatek MT6763 Helio P23 (16 nm),"1080 x 2244 pixels, 18.7:9 ratio (~350 ppi density)",GSM / HSPA / LTE,5 MP,"2020, February 17",Energizer,USB Type-C 2.0,Gray,,,180.3 x 86.8 x 9.2 mm (7.10 x 3.42 x 0.36 in),,IPS LCD,"7.12 inches, 127.8 cm2(~81.7% screen-to-body ratio)",,AGC glass
,Yes,- Flashlight,Yes,Yes,microSDHC,,,,https://fdn2.gsmarena.com/vv/bigpic/energizer-energy-e12.jpg,Li-Ion 1000 mAh battery,,,,2.1,Dual SIM (Mini-SIM),GSM 850 / 900 / 1800 / 1900,4MB 4MB RAM,,,No,FM radio,,Yes,,Energizer Energy E12,91 g (3.21 oz),,Yes,,,"SMS, MMS",,Yes,"Available. Released 2019, June",,,No,Yes,VGA,No,About 10 EUR,,,,,Spreadtrum SC6531E,128 x 160 pixels (~114 ppi density),GSM,VGA,"2019, April",Energizer,microUSB 2.0,Black,No,,117 x 51 x 15 mm (4.61 x 2.01 x 0.59 in),,"TFT LCD, 256K colors","1.8 inches, 10.2 cm2(~17.1% screen-to-body ratio)",,
,Yes,"IP54, dust and splash resistantFlashlight",Yes,Yes,microSDHC,,,,https://fdn2.gsmarena.com/vv/bigpic/energizer-hardcase-h10.jpg,Li-Ion 1000 mAh battery,,,,3.0,Dual SIM (Mini-SIM),GSM 850 / 900 / 1800 / 1900,64MB 32MB RAM,,,No,FM radio,,Yes,,Energizer Hardcase H10,80 g (2.82 oz),,Yes,,,SMS,,Yes,"Available. Released 2019, April",,,No,Yes,VGA,No,About 30 EUR,,,,,Mediatek MT6261A,128 x 160 pixels (~114 ppi density),GSM,VGA,"2019, April",Energizer,microUSB,Black,No,,109 x 49 x 15 mm (4.29 x 1.93 x 0.59 in),,"TFT LCD, 256K colors","1.8 inches, 10.2 cm2(~19.1% screen-to-body ratio)",,
"HSPA 42.2/5.76 Mbps, LTE (2CA) Cat13 600/50 Mbps, 5G (2+ Gbps DL)",Yes,"Cover display:6 inches, 1080 x 2160 pixels",,,microSDXC,"Dual-LED flash, HDR, panorama",Octa-core (1x2.84 GHz Kryo 485 & 3x2.42 GHz Kryo 485 & 4x1.78 GHz Kryo 485),"Accelerometer, gyro, proximity, compass",https://fdn2.gsmarena.com/vv/bigpic/energizer-power-max-p8100s-.jpg,"Li-Po 10000 mAh, non-removable",,Android 9.0 (Pie),"48 MP, f/1.8, (wide), 1/2.0"", 0.8µm, PDAF12 MP","5.0, A2DP, LE",Nano-SIM + Nano-SIM,GSM 850 / 900 / 1800 / 1900,256GB 8GB RAM,,1080p@30fps,GPS,FM radio,,,,Energizer Power Max P8100S,-,NSA,4K@30fps,,18W wired,,HSDPA 850 / 900 / 2100,,Cancelled,,,No,No,,"Wi-Fi 802.11 a/b/g/n, Wi-Fi Direct",About 900 EUR,,Adreno 640,,LTE,Qualcomm SM8150 Snapdragon 855 (7 nm),"1536 x 2048 pixels, 4:3 ratio (~316 ppi density)",GSM / HSPA / LTE / 5G,"24 MP, f/2.0, 26mm (wide), 1/2.8"", 0.9µm","2019, February",Energizer,USB Type-C,Dark red,,,-,,Foldable IPS LCD,"8.1 inches, 203.2 cm2",,
"HSPA, LTE",Yes,eMMC 5.1,,,microSDXC (uses shared SIM slot),"Dual-LED dual-tone flash, panorama, HDR",Octa-core (4x2.0 GHz Cortex-A73 & 4x2.0 GHz Cortex-A53),"Fingerprint (side-mounted), accelerometer, gyro, proximity, compass",https://fdn2.gsmarena.com/vv/bigpic/energizer-power-max-p18k-pop-100.jpg,"Li-Po 18000 mAh, non-removable",,Android 9.0 (Pie),"16 MP, f/2.2, 26mm (wide), 1/3.06"", 1.0µm2 MP, depth sensor","5.0, A2DP, LE",Nano-SIM + Nano-SIM,GSM 850 / 900 / 1800 / 1900,128GB 6GB RAM,,1080p@30fps,"GPS, GLONASS",FM radio,,,,Energizer Power Max P18K Pop,-,,1080p@30fps,"12 MP, PDAF5 MP2 MP, (depth)","18W wired, PD2.02.5W reverse wired",,HSDPA 850 / 900 / 1900 / 2100,,Cancelled,,,No,No,,"Wi-Fi 802.11 a/b/g/n/ac, dual-band",,,Mali-G72 MP3,,"1, 3, 5, 7, 8, 20",Mediatek MT6771 Helio P70 (12 nm),"1080 x 2280 pixels, 19:9 ratio (~407 ppi density)",GSM / HSPA / LTE,,"2019, February",Energizer,"USB Type-C 2.0, OTG","Black, Blue",,,⁓ 30-40 mm thickness,,IPS LCD,"6.2 inches, 95.9 cm2(~83.8% screen-to-body ratio)",,
"HSPA, LTE",Yes,eMMC 5.1,,,microSDXC (uses shared SIM slot),"Dual-LED dual-tone flash, panorama, HDR",Octa-core (4x2.1 GHz Cortex-A73 & 4x2.0 GHz Cortex-A53),"Fingerprint (side-mounted), accelerometer, gyro, proximity, compass",https://fdn2.gsmarena.com/vv/bigpic/energizer-ultimate-u620s-pop.jpg,"Li-Ion 3200 mAh, non-removable",,Android 9.0 (Pie),"Motorized pop-up 16 MP, f/2.2, 26mm (wide), 1/3.06"", 1.0µmMotorized pop-up 2 MP, depth sensor","5.0, A2DP, LE",Nano-SIM + Nano-SIM,GSM 850 / 900 / 1800 / 1900,128GB 6GB RAM,,1080p,"GPS, GLONASS",FM radio,,,,Energizer Ultimate U620S Pop,-,,1080p@30fps,"12 MP, PDAF5 MP2 MP, (depth)",18W wired,,HSDPA 850 / 900 / 2100,,Cancelled,,,No,No,,"Wi-Fi 802.11 a/b/g/n/ac, dual-band, Wi-Fi Direct",,,Mali-G72 MP3,,"1, 3, 5, 7, 8, 20, 28, 38, 39, 40, 41",Mediatek MT6771 Helio P70 (12 nm),"1080 x 2280 pixels, 19:9 ratio (~407 ppi density)",GSM / HSPA / LTE,,"2019, January",Energizer,"USB Type-C 2.0, OTG","Black, Red, Green",,,153.2 x 74.9 x 10.3 mm (6.03 x 2.95 x 0.41 in),,IPS LCD,"6.2 inches, 95.9 cm2(~83.6% screen-to-body ratio)",,
"HSPA 42.2/11.5 Mbps, LTE Cat4 150/50 Mbps",Yes,IP68 dust/water resistant (up to 1.5m for 30 min),,,microSDHC (uses shared SIM slot),LED flash,Quad-core 1.5 GHz Cortex-A53,"Fingerprint (rear-mounted), accelerometer, proximity",https://fdn2.gsmarena.com/vv/bigpic/energizer-hardcase-h570s-not-scan.jpg,"Li-Ion 6500 mAh, non-removable",,Android 9.0 (Pie),"13 MP, AF0.3 MP, (depth)","4.2, A2DP, LE",Nano-SIM + Nano-SIM,GSM 850 / 900 / 1800 / 1900,16GB 2GB RAM,eMMC 5.1,,"GPS, GLONASS",No,,,,Energizer Hardcase H570S,-,,1080p@30fps,,10W wired,,HSDPA 850 / 900 / 1700(AWS) / 1900 / 2100,,"Available. Released 2019, Q3",,,No,Yes,,"Wi-Fi 802.11 b/g/n, Wi-Fi Direct",,,PowerVR GE8100,,"1, 2, 3, 4, 5, 7, 8, 12, 17, 20, 28, 38, 40, 41",Mediatek MT6739 (28 nm),"720 x 1440 pixels, 18:9 ratio (~282 ppi density)",GSM / HSPA / LTE,8 MP,"2019, February",Energizer,USB Type-C 2.0,Black,,,,,IPS LCD,"5.7 inches, 83.8 cm2",,Corning Gorilla Glass 3
"HSPA 7.2/5.76 Mbps, LTE Cat4 150/50 Mbps",Yes,IP68 dust/water resistant (up to 1.5m for 30 min),,,microSDXC (uses shared SIM slot),LED flash,Quad-core 1.5 GHz Cortex-A53,"Fingerprint (rear-mounted), accelerometer, gyro, proximity",https://fdn2.gsmarena.com/vv/bigpic/energizer-hardcase-h501s.jpg,"Li-Ion 2500 mAh, non-removable",,Android 9.0 (Pie),"16 MP, AF2 MP, (depth)","4.0, A2DP, LE",Nano-SIM + Nano-SIM,GSM 850 / 900 / 1800 / 1900,16GB 2GB RAM,eMMC 5.1,,"GPS, GLONASS",No,,,,Energizer Hardcase H501S,-,,480p@30fps,,,,HSDPA 900 / 2100,,"Available. Released 2019, Q3",,,No,Yes,,Wi-Fi 802.11 a/b/g/n,,,PowerVR GE8100,,"1, 3, 7, 20",Mediatek MT6739 (28 nm),"480 x 960 pixels, 18:9 ratio (~215 ppi density)",GSM / HSPA / LTE,5 MP,"2019, February",Energizer,microUSB 2.0,Black,,,149.4 x 69.9 x 12 mm (5.88 x 2.75 x 0.47 in),,IPS LCD,"5.0 inches, 64.5 cm2(~61.8% screen-to-body ratio)",,Panda Glass
"HSPA, LTE",Yes,IP68 dust/water resistant (up to 1.2m for 30 min)Drop resistant up to 1.2m,,,microSDXC,LED flash,Dual-core (2x1.2 GHz),,https://fdn2.gsmarena.com/vv/bigpic/energizer-hardcase-h280s1.jpg,Li-Ion 2000 mAh battery,,KaiOS 2.5.3,,3.0,"Dual SIM (Micro-SIM, dual stand-by)",GSM 850 / 900 / 1800 / 1900,4GB 512MB RAM,"Downloadable applications Facebook, Gmail, Whatsapp, etc.",,GPS,FM radio,,,,Energizer Hardcase H280S,256 g (9.03 oz),,Yes,,,,HSDPA 900 / 2100,,"Available. Released 2020, January",,,No,Yes,0.3 MP,"Wi-Fi 802.11 b/g/n, hotspot",About 80 EUR,,,,"1, 3, 7, 8, 20, 28, 40",Spreadtrum SC9820E,"240 x 320 pixels, 4:3 ratio (~143 ppi density)",GSM / HSPA / LTE,2 MP,"2019, February",Energizer,microUSB 2.0,Black,,,142 x 64 x 16.5 mm (5.59 x 2.52 x 0.65 in),,"TFT LCD, 256K colors","2.8 inches, 24.3 cm2(~26.7% screen-to-body ratio)",,
HSPA,Yes,IP68 dust/water resistant (up to 1.2m for 30 min),,,microSDXC,LED flash,,,https://fdn2.gsmarena.com/vv/bigpic/energizer-hardcase-h241s.jpg,Li-Ion 2500 mAh battery,,KaiOS 2.5.1,,Yes,Dual SIM (Mini-SIM),GSM 850 / 900 / 1800 / 1900,128MB 64MB RAM,"Downloadable applications Facebook, Gmail, Whatsapp, etc.",,No,FM radio,,,,Energizer Hardcase H241,-,,Yes,,,,HSDPA 900 / 2100,,Cancelled,,,No,Yes,0.3 MP,"Wi-Fi 802.11 b/g/n, hotspot",,,,,,Mediatek MT6276А,"240 x 320 pixels, 4:3 ratio (~167 ppi density)",GSM / HSPA,2 MP,"2019, February",Energizer,microUSB 2.0,Black,,,128.5 x 56.5 x 16.5 mm (5.06 x 2.22 x 0.65 in),,"TFT LCD, 256K colors","2.4 inches, 17.8 cm2(~24.6% screen-to-body ratio)",,
HSPA,Yes,IP68 dust/water resistant (up to 1.2m for 30 min),,,microSDHC,LED flash,Quad-core 1.3 GHz Cortex-A53,,https://fdn2.gsmarena.com/vv/bigpic/energizer-hardcase-h242.jpg,Li-Ion 1500 mAh battery,,KaiOS 2.5.1,,2.1,Dual SIM (Mini-SIM),GSM 850 / 900 / 1800 / 1900,512MB 256MB RAM,Secondary external display,,GPS,FM radio,,,,Energizer Hardcase H242,-,,Yes,,,,HSDPA 850 / 900 / 1900 / 2100,,"Available. Released 2019, Q3","Downloadable applications Facebook, Gmail, Whatsapp, etc.",,No,Yes,0.3 MP,"Wi-Fi 802.11 b/g/n, hotspot",,,Mali-820,,,Spreadtrum SC7731E,"240 x 320 pixels, 4:3 ratio (~167 ppi density)",GSM / HSPA,0.3 MP,"2019, February",Energizer,microUSB 2.0,Black,,,125.3 x 54 x 14.5 mm (4.93 x 2.13 x 0.57 in),,"TFT LCD, 16M colors","2.4 inches, 17.8 cm2(~26.4% screen-to-body ratio)",,
"HSPA 42.2/5.76 Mbps, LTE Cat4 150/50 Mbps",Yes,"Downloadable applications Facebook, Gmail, Whatsapp, etc.",,,microSDHC,LED flash,Dual-core (2x1.3 GHz Cortex-A7),,https://fdn2.gsmarena.com/vv/bigpic/energizer-energy-e241-1.jpg,Li-Ion 1900 mAh battery,,"KaiOS 2.5.1, up to 2.5.3",,"2.1, EDR",Dual SIM (Mini-SIM),GSM 850 / 900 / 1800 / 1900,512MB 512MB RAM,,,GPS,FM radio,,,,Energizer Energy E241s,95 g (3.35 oz),,Yes,,,,HSDPA 900 / 2100,,"Available. Released 2019, September",,,No,Yes,0.3 MP,"Wi-Fi 802.11 b/g/n, hotspot",,,,,"3, 7, 20",Spreadtrum SC9820E,"240 x 320 pixels, 4:3 ratio (~167 ppi density)",GSM / HSPA / LTE,0.3 MP,"2019, February",Energizer,microUSB 2.0,"Black, Carbon black, Gray, White, Orange, Bordo Red",,,125.3 x 54 x 14.5 mm (4.93 x 2.13 x 0.57 in),,"TFT LCD, 256K colors","2.4 inches, 17.8 cm2(~26.4% screen-to-body ratio)",,
HSPA,Yes,"Downloadable applications Facebook, Gmail, Whatsapp, etc.",,,microSDHC,LED flash,Quad-core 1.3 GHz Cortex-A53,,https://fdn2.gsmarena.com/vv/bigpic/energizer-energy-e241s-1.jpg,Li-Ion 1900 mAh battery,,KaiOS 2.5.1,,"2.1, EDR",Dual SIM (Mini-SIM),GSM 850 / 900 / 1800 / 1900,512MB 512MB RAM,,,GPS,FM radio,,,,Energizer Energy E241,72 g (2.54 oz),,Yes,,,,HSDPA 900 / 2100,,"Available. Released 2019, September",,,No,Yes,0.3 MP,"Wi-Fi 802.11 b/g/n, hotspot",,,Mali-820,,,Spreadtrum SC7731E,"240 x 320 pixels, 4:3 ratio (~167 ppi density)",GSM / HSPA,0.3 MP,"2019, February",Energizer,microUSB 2.0,"Black, Carbon black, Gray, White, Orange, Carbon Red",,,125.3 x 54 x 14.5 mm (4.93 x 2.13 x 0.57 in),,"TFT LCD, 256K colors","2.4 inches, 17.8 cm2(~26.4% screen-to-body ratio)",,
HSPA,Yes,No,,,microSDHC,,Dual-core (2x1.3 GHz Cortex-A7),,https://fdn2.gsmarena.com/vv/bigpic/energizer-energy-e220s.jpg,Li-Ion 1000 mAh battery,,KaiOS 2.5.1,,2.1,"Dual SIM (Micro-SIM, dual stand-by)",GSM 850 / 900 / 1800 / 1900,512MB 256MB RAM,,,No,FM radio,,,,Energizer Energy E220s,112 g (3.95 oz),,Yes,,,,HSDPA 900 / 2100,,"Available. Released 2019, July",,,No,Yes,,"Wi-Fi 802.11 b/g/n, hotspot",,,,,"1, 3, 7, 8, 20",Spreadtrum SC9820E,"240 x 320 pixels, 4:3 ratio (~182 ppi density)",GSM / HSPA / LTE,0.3 MP,"2019, February",Energizer,microUSB 2.0,"Black, Dark blue",,,119 x 59 x 16.5 mm (4.69 x 2.32 x 0.65 in),,"TFT LCD, 16M colors","2.2 inches, 15.0 cm2(~21.3% screen-to-body ratio)",,
HSPA,Yes,No,,,microSDHC,,Dual-core 1.3 GHz Cortex-A7,,https://fdn2.gsmarena.com/vv/bigpic/energizer-energy-e220.jpg,Li-Ion 1000 mAh battery,,KaiOS 2.5.1,,2.1,"Dual SIM (Micro-SIM, dual stand-by)",GSM 850 / 900 / 1800 / 1900,512MB 256MB RAM,,,No,FM radio,,,,Energizer Energy E220,112 g (3.95 oz),,Yes,,,,HSDPA 900 / 2100,,"Available. Released 2019, July",,,No,Yes,,"Wi-Fi 802.11 b/g/n, hotspot",,,Mali-400,,,Mediatek MT6572 (28 nm),"240 x 320 pixels, 4:3 ratio (~182 ppi density)",GSM / HSPA,0.3 MP,"2019, February",Energizer,microUSB 2.0,"Black, Dark blue",,,119 x 59 x 16.5 mm (4.69 x 2.32 x 0.65 in),,"TFT LCD, 16M colors","2.2 inches, 15.0 cm2(~21.3% screen-to-body ratio)",,
"HSPA 42.2/5.76 Mbps, LTE Cat4 150/50 Mbps",Yes,eMMC 5.1,,,microSDHC (dedicated slot),"Dual-LED dual-tone flash, panorama",Quad-core 1.3 GHz Cortex-A53,"Fingerprint (rear-mounted), accelerometer, proximity",https://fdn2.gsmarena.com/vv/bigpic/energizer-power-max-p490s.jpg,"Li-Ion 4000 mAh, non-removable",Up to 16 h (3G),Android 8.1 (Oreo),"8 MP, AF0.3 MP, (depth)","4.0, A2DP, LE",Nano-SIM + Nano-SIM,GSM 850 / 900 / 1800 / 1900,16GB 2GB RAM,,,GPS,FM radio,"5 MPVGA, depth sensor",,,Energizer Power Max P490S,139 g (4.90 oz),,1080p@30fps,,,,HSDPA 900 / 2100,,"Available. Released 2018, August",,,No,Yes,,Wi-Fi 802.11 b/g/n,About 130 EUR,,Mali-T720MP2,,"1, 3, 7, 8, 20, 28, 38, 40",Mediatek MT6739WA (28 nm),"480 x 960 pixels, 18:9 ratio (~217 ppi density)",GSM / HSPA / LTE,,"2018, June",Energizer,microUSB 2.0,Black,,LED flash,139 x 65.8 x 12 mm (5.47 x 2.59 x 0.47 in),Up to 400 h (3G),TFT,"4.95 inches, 63.2 cm2(~69.1% screen-to-body ratio)",,
HSPA 42.2/5.76 Mbps,Yes,,,,microSDHC (dedicated slot),Dual-LED dual-tone flash,Quad-core 1.3 GHz Cortex-A7,"Fingerprint (rear-mounted), accelerometer, proximity",https://fdn2.gsmarena.com/vv/bigpic/energizer-power-max-p490.jpg,"Li-Ion 4000 mAh, non-removable",Up to 10 h (3G),Android 8.0 (Oreo Go),"8 MP, AF0.3 MP, (depth)","4.0, A2DP, LE",Nano-SIM + Nano-SIM,GSM 850 / 900 / 1800 / 1900,8GB 1GB RAM,,,GPS,FM radio,"5 MPVGA, depth sensor",,,Energizer Power Max P490,139 g (4.90 oz),,720p@30fps,,,,HSDPA 850 / 900 / 1900 / 2100,,"Available. Released 2018, August",,,No,Yes,,Wi-Fi 802.11 b/g/n,About 90 EUR,,Mali-400 MP2,,,Mediatek MT6580M (28 nm),"480 x 960 pixels, 18:9 ratio (~217 ppi density)",GSM / HSPA,,"2018, June",Energizer,microUSB 2.0,Black,,LED flash,139 x 65.8 x 12 mm (5.47 x 2.59 x 0.47 in),Up to 400 h (3G),TFT,"4.95 inches, 63.2 cm2(~69.1% screen-to-body ratio)",,
"HSPA 42.2/11.5 Mbps, LTE Cat4 150/50 Mbps",Yes,IP68 dust/water resistant (up to 1.5m for 30 min),,,microSDXC (uses shared SIM slot),LED flash,Quad-core 1.3 GHz Cortex-A53,"Accelerometer, proximity",https://fdn2.gsmarena.com/vv/bigpic/energizer-hardcase-h500s.jpg,"Li-Ion 3000 mAh, non-removable",Up to 13 h (3G),Android 7.0 (Nougat),,"4.0, A2DP, LE",Nano-SIM + Nano-SIM,GSM 850 / 900 / 1800 / 1900,16GB 2GB RAM,eMMC 5.0,,GPS,FM radio,,,,Energizer Hardcase H500S,142.5 g (5.04 oz),,720p@30fps,,,,HSDPA 900 / 2100,,"Available. Released 2018, February",,0.44 W/kg (head)     1.65 W/kg (body),No,Yes,5 MP,Wi-Fi 802.11 b/g/n,About 230 EUR,,Mali-T720,,"1, 3, 7, 8, 20, 40",Mediatek MT6737 (28 nm),"720 x 1280 pixels, 16:9 ratio (~294 ppi density)",GSM / HSPA / LTE,"13 MP, AF","2018, February",Energizer,microUSB 2.0,Black,,,145.4 x 75 x 10.3 mm (5.72 x 2.95 x 0.41 in),Up to 300 h (3G),TFT,"5.0 inches, 68.9 cm2(~63.2% screen-to-body ratio)",,Corning Gorilla Glass 3
"HSPA 42.2/11.5 Mbps, LTE Cat4 150/50 Mbps",Yes,eMMC 5.0,,,microSDXC (uses shared SIM slot),LED flash,Quad-core 1.1 GHz Cortex-A53,Accelerometer,https://fdn2.gsmarena.com/vv/bigpic/energizer-energy-e500s.jpg,"Li-Ion 2000 mAh, removable",Up to 12 h (3G),Android 8.0 (Oreo),,"4.0, A2DP, LE",Nano-SIM + Micro-SIM,GSM 850 / 900 / 1800 / 1900,8GB 1GB RAM,,,GPS,FM radio,,,,Energizer Energy E500S,127 g (4.48 oz),,720p@30fps,,,,HSDPA 850 / 900 / 1900 / 2100,,"Available. Released 2018, August",,,No,Yes,5 MP,Wi-Fi 802.11 b/g/n,About 100 EUR,,Mali-T720MP2,,"1, 3, 7, 8, 20, 28",Mediatek MT6737M (28 nm),"480 x 854 pixels, 16:9 ratio (~196 ppi density)",GSM / HSPA / LTE,8 MP,"2018, August",Energizer,microUSB 2.0,Black,,,139.8 x 71.5 x 8.6 mm (5.50 x 2.81 x 0.34 in),Up to 200 h (3G),TFT,"5.0 inches, 68.9 cm2(~68.9% screen-to-body ratio)",,
HSPA 42.2/11.5 Mbps,Yes,,,,microSDHC (uses shared SIM slot),LED flash,Quad-core 1.3 GHz Cortex-A7,Accelerometer,https://fdn2.gsmarena.com/vv/bigpic/energizer-energy-e500.jpg,"Li-Ion 2000 mAh, removable",Up to 12 h (3G),Android Go,,"4.0, A2DP, LE",Nano-SIM + Micro-SIM,GSM 850 / 900 / 1800 / 1900,8GB 1GB RAM,,,GPS,FM radio,,,,Energizer Energy E500,127 g (4.48 oz),,480p@30fps,,,,HSDPA 850 / 900 / 1900 / 2100,,"Available. Released 2018, August",,,No,Yes,2 MP,"Wi-Fi 802.11 b/g/n, hotspot",About 70 EUR,,Mali-400MP2,,,Mediatek MT6580M (28 nm),"480 x 854 pixels, 16:9 ratio (~196 ppi density)",GSM / HSPA,5 MP,"2018, August",Energizer,microUSB 2.0,Black,,,139.8 x 71.5 x 8.6 mm (5.50 x 2.81 x 0.34 in),Up to 200 h (3G),TFT,"5.0 inches, 68.9 cm2(~68.9% screen-to-body ratio)",,
,Yes,Flashlight,No,Class 12,microSDHC,,,,https://fdn2.gsmarena.com/vv/bigpic/energizer-energy-e10-.jpg,"Li-Ion 1800 mAh, removable",Up to 12.5 h (3G),,,2.0,"Hybrid Dual SIM (Mini-SIM, dual stand-by)",GSM 850 / 900 / 1800 / 1900,4MB 4MB RAM,,,No,FM radio,,Yes,No,Energizer Energy E11,90 g (3.17 oz),,No,,,"SMS, MMS",,Yes,"Available. Released 2018, July",,1.03 W/kg (head)     1.26 W/kg (body),No,Yes,VGA,No,About 20 EUR,,,,,Mediatek MT6261D,128 x 160 pixels (~114 ppi density),GSM,VGA,"2018, July",Energizer,microUSB 2.0,Black,No,,114 x 48 x 25.9 mm (4.49 x 1.89 x 1.02 in),Up to 216 h (3G),"TFT, 256K colors","1.8 inches, 10.2 cm2(~18.6% screen-to-body ratio)",,
,Yes,Flashlight,No,Class 12,microSDHC,,,,https://fdn2.gsmarena.com/vv/bigpic/energizer-energy-e10-.jpg,"Li-Ion 1000 mAh, removable",Up to 7 h (3G),,,3.0,"Dual SIM (Mini-SIM, dual stand-by)",GSM 850 / 900 / 1800 / 1900,4MB 4MB RAM,,,No,FM radio,,Yes,No,Energizer Energy E10+,69 g (2.43 oz),,No,,,SMS,,Yes,"Available. Released 2018, July",,0.60 W/kg (head)     0.95 W/kg (body),No,Yes,VGA,No,About 10 EUR,,,,,Mediatek MT6261D,128 x 160 pixels (~114 ppi density),GSM,VGA,"2018, July",Energizer,microUSB 2.0,Black,No,,110 x 47 x 14.3 mm (4.33 x 1.85 x 0.56 in),Up to 125 h (3G),"TFT, 256K colors","1.8 inches, 10.2 cm2(~19.7% screen-to-body ratio)",,
,Yes,Flashlight,No,Yes,microSDHC (uses shared SIM slot),,,,https://fdn2.gsmarena.com/vv/bigpic/energizer-power-max-p20.jpg,Li-Ion 4000 mAh battery,Up to 40 h (3G),,,"4.0, A2DP, LE",Nano-SIM + Nano-SIM,GSM 850 / 900 / 1800 / 1900,32MB 32MB RAM,No,,No,FM radio,,Yes,No,Energizer Power Max P20,130 g (4.59 oz),,480p,,10W wiredReverse wired,"SMS, MMS",,Yes,"Available. Released 2018, August",,0.61 W/kg (head)     0.89 W/kg (body),No,Yes,,No,About 40 EUR,,,,,Spreadtrum SC6531E,"240 x 320 pixels, 4:3 ratio (~143 ppi density)",GSM,VGA,"2018, May",Energizer,"microUSB 2.0, USB (Reverse charging out)",Black,No,,136.5 x 55 x 17.5 mm (5.37 x 2.17 x 0.69 in),Up to 750 h (3G),"TFT, 256K colors","2.8 inches, 24.3 cm2(~32.3% screen-to-body ratio)",,
"HSPA 42.2/5.76 Mbps, LTE (2CA) Cat6 300/50 Mbps",Yes,eMMC 5.1,,,No,"Dual-LED dual-tone flash, panorama, HDR",Octa-core 2.5 GHz Cortex-A53,"Fingerprint (rear-mounted), accelerometer, gyro, proximity, compass",https://fdn2.gsmarena.com/vv/bigpic/energizer-p600s.jpg,"Li-Ion 16,000 mAh, non-removable",,Android 8.0 (Oreo),"16 MP, PDAF13 MP","4.2, A2DP, LE",Nano-SIM,GSM 850 / 900 / 1800 / 1900,128GB 6GB RAM,,1080p@30fps,GPS,FM radio,"13 MP5 MP, depth sensor",,,Energizer Power Max P16K Pro,350 g (12.35 oz),,4K@30fps,,"18W wired, PD2.0",,HSDPA 850 / 900 / 1900 / 2100,,Cancelled,,,No,To be confirmed,,"Wi-Fi 802.11 a/b/g/n, Wi-Fi Direct",,,Mali-G71 MP2,,LTE,Mediatek MT6763T Helio P23 (16 nm),"1080 x 2160 pixels, 18:9 ratio (~403 ppi density)",GSM / HSPA / LTE,,"2018, February",Energizer,USB Type-C 2.0,Black,,,-,,IPS LCD,"5.99 inches, 92.6 cm2",,
"HSPA 42.2/11.5 Mbps, LTE Cat4 150/50 Mbps",Yes,IP68 dust/water resistant (up to 1.5m for 30 min),,,microSDHC (uses shared SIM slot),LED flash,Quad-core 1.1 GHz Cortex-A53,Accelerometer,https://fdn2.gsmarena.com/vv/bigpic/energizer-h240s.jpg,"Li-Ion 2000 mAh, removable",Up to 5 h (3G),Android 6.0 (Marshmallow),,"4.0, A2DP, LE","Hybrid Dual SIM (Mini-SIM, dual stand-by)",GSM 850 / 900 / 1800 / 1900 - SIM 1 & SIM 2,8GB 1GB RAM,eMMC 5.0,,"GPS, GLONASS",FM radio,,,,Energizer Hardcase H240S,256 g (9.03 oz),,Yes,,,,HSDPA 850 / 900 / 1900 / 2100,,"Available. Released 2018, January",No,0.61 W/kg (head)     1.08 W/kg (body),No,Yes,,Wi-Fi 802.11 b/g/n,About 120 EUR,,Mali-T720MP2,,"1, 3, 7, 20, 28",Mediatek MT6737M (28 nm),"240 x 320 pixels, 4:3 ratio (~167 ppi density)",GSM / HSPA / LTE,5 MP,"2018, January",Energizer,microUSB 2.0,Black,,,132 x 56 x 18.5 mm (5.20 x 2.20 x 0.73 in),Up to 230 h (3G),"TFT, 256K colors","2.4 inches, 17.8 cm2(~24.1% screen-to-body ratio)",,
"HSPA 42.2/11.5 Mbps, LTE (2CA) Cat6 300/50 Mbps",Yes,IP68 dust/water resistant (up to 1.5m for 30 min)MIL-STD-810G compliant,,,microSDHC (uses shared SIM slot),"LED flash, HDR, panorama",Octa-core (4x1.5 GHz Cortex-A53 & 4x1.0 GHz Cortex-A53),"Fingerprint (rear-mounted), accelerometer, gyro, proximity, compass",https://fdn2.gsmarena.com/vv/bigpic/energizer-h550s.jpg,"Li-Ion 4000 mAh, non-removable",Up to 10 h (3G),Android 7.0 (Nougat),,"4.0, A2DP, LE",Nano-SIM + Nano-SIM,GSM 850 / 900 / 1800 / 1900 - SIM 1 & SIM 2,32GB 3GB RAM,eMMC 5.1,,"GPS, GLONASS",FM radio,,,,Energizer Hardcase H550S,203 g (7.16 oz),,1080p@30fps,,,,HSDPA 900 / 2100,,"Available. Released 2018, January",,0.24 W/kg (head)     1.79 W/kg (body),Yes,Yes,8 MP,Wi-Fi 802.11 b/g/n,About 450 EUR,,Mali-T860MP2,,"1, 3, 7, 8, 20, 28",Mediatek MT6750 (28 nm),"1080 x 1920 pixels, 16:9 ratio (~401 ppi density)",GSM / HSPA / LTE,"16 MP, PDAF","2018, January",Energizer,USB Type-C,Black,,,158.8 x 80.7 x 11.1 mm (6.25 x 3.18 x 0.44 in),Up to 400 h (3G),IPS LCD,"5.5 inches, 83.4 cm2(~65.1% screen-to-body ratio)",,Corning Gorilla Glass 3
"HSPA 42.2/11.5 Mbps, LTE (2CA) Cat6 300/50 Mbps",Yes,,,,microSDXC (uses shared SIM slot),"Dual-LED dual-tone flash, panorama, HDR",Octa-core (4x2.5 GHz Cortex-A53 & 4x1.4 GHz Cortex-A53),"Fingerprint (rear-mounted), accelerometer, gyro, proximity, compass",https://fdn2.gsmarena.com/vv/bigpic/energizer-p600s.jpg,"Li-Ion 4500 mAh, non-removable",Up to 12 h (3G),Android 7.0 (Nougat),"13 MP, PDAF5 MP, f/2.4, (depth)","4.1, A2DP, LE",Nano-SIM + Nano-SIM,GSM 850 / 900 / 1800 / 1900 - SIM 1 & SIM 2,"32GB 3GB RAM, 64GB 6GB RAM",,1080p@30fps,GPS,FM radio,,,,Energizer Power Max P600S,190 g (6.70 oz),,4K@30fps,,10W wired,,HSDPA 900 / 2100,,"Available. Released 2018, January",,,No,Yes,,"Wi-Fi 802.11 a/b/g/n, Wi-Fi Direct",About 360 EUR,,Mali-T880MP2,"Glass front, plastic back, aluminum frame","1, 3, 7, 8, 20, 28, 38, 40",Mediatek MT6757CD Helio P25 (16 nm),"1080 x 2160 pixels, 18:9 ratio (~409 ppi density)",GSM / HSPA / LTE,8 MP,"2018, January",Energizer,USB Type-C,"Black (32/3GB), Blue (64/6GB)",,,152.5 x 82 x 9.8 mm (6.00 x 3.23 x 0.39 in),Up to 400 h (3G),IPS LCD,"5.9 inches, 89.8 cm2(~71.8% screen-to-body ratio)",,
"HSPA 21.1/5.76 Mbps, LTE Cat4 150/50 Mbps",Yes,eMMC 5.0,,,microSDXC (uses shared SIM slot),"LED flash, panorama, HDR",Quad-core 1.3 GHz Cortex-A53,"Fingerprint (rear-mounted), accelerometer, gyro, proximity, compass",https://fdn2.gsmarena.com/vv/bigpic/energizer-p550s.jpg,"Li-Ion 5000 mAh, non-removable",Up to 5 h (3G),Android 7.0 (Nougat),,"4.0, A2DP, LE",Nano-SIM + Nano-SIM,GSM 850 / 900 / 1800 / 1900 - SIM 1 & SIM 2,16GB 2GB RAM,,,GPS,FM radio,,,,Energizer Power Max P550S,203 g (7.16 oz),,720p@30fps,,10W wired,,HSDPA 900 / 2100,,"Available. Released 2017, December",,0.16 W/kg (head)     1.74 W/kg (body),No,Yes,5 MP,"Wi-Fi 802.11 b/g/n, Wi-Fi Direct",About 190 EUR,,Mali-T720,"Glass front, aluminum back, aluminum frame","3, 7, 20",Mediatek MT6737 (28 nm),"720 x 1280 pixels, 16:9 ratio (~267 ppi density)",GSM / HSPA / LTE,"13 MP, AF","2017, December",Energizer,USB Type-C 2.0,Black,,,154.3 x 78.3 x 9.4 mm (6.07 x 3.08 x 0.37 in),Up to 500 h (3G),IPS LCD,"5.5 inches, 83.4 cm2(~69.0% screen-to-body ratio)",,
"HSPA 42.2/11.5 Mbps, LTE Cat4 150/50 Mbps",Yes,eMMC 5.0,,,microSDXC (uses shared SIM slot),LED flash,Quad-core 1.3 GHz Cortex-A53,"Accelerometer, proximity",https://fdn2.gsmarena.com/vv/bigpic/energizer-energy-s550.jpg,"Li-Ion 3000 mAh, non-removable",Up to 10 h (3G),Android 6.0 (Marshmallow),,"4.0, A2DP, LE",Nano-SIM + Micro-SIM,GSM 850 / 900 / 1800 / 1900 - SIM 1 & SIM 2,8GB 1GB RAM,,,GPS,FM radio,,,,Energizer Energy S550,180 g (6.35 oz),,720p@30fps,,,,HSDPA 900 / 2100,,"Available. Released 2017, December",,0.28 W/kg (head)     1.23 W/kg (body),No,Yes,5 MP,"Wi-Fi 802.11 b/g/n, Wi-Fi Direct",About 120 EUR,,Mali-T720,,"1, 3, 7, 20",Mediatek MT6737 (28 nm),"720 x 1280 pixels, 16:9 ratio (~267 ppi density)",GSM / HSPA / LTE,"13 MP, AF","2017, December",Energizer,microUSB 2.0,Black,,,154.8 x 78.2 x 8.8 mm (6.09 x 3.08 x 0.35 in),Up to 400 h (3G),IPS LCD,"5.5 inches, 83.4 cm2(~68.9% screen-to-body ratio)",,
HSPA 21.1/5.76 Mbps,Yes,,,,microSDXC (uses shared SIM slot),LED flash,Quad-core 1.3 GHz Cortex-A7,Accelerometer,https://fdn2.gsmarena.com/vv/bigpic/energizer-energy-s500e.jpg,"Li-Ion 2000 mAh, removable",Up to 8 h (3G),Android 6.0 (Marshmallow),,"4.0, A2DP, LE",Nano-SIM + Nano-SIM,GSM 850 / 900 / 1800 / 1900 - SIM 1 & SIM 2,8GB 1GB RAM,,,GPS,FM radio,,,,Energizer Energy S500E,167 g (5.89 oz),,480p@30fps,,,,HSDPA 900 / 2100,,"Available. Released 2017, December",,0.74 W/kg (head)     1.43 W/kg (body),No,Yes,2 MP,Wi-Fi 802.11 b/g/n,About 80 EUR,,Mali-400MP2,"Glass front, plastic back, plastic frame",,Mediatek MT6580 (28 nm),"480 x 854 pixels, 16:9 ratio (~196 ppi density)",GSM / HSPA,5 MP,"2017, December",Energizer,microUSB 2.0,Black,,,145.5 x 74.8 x 8.9 mm (5.73 x 2.94 x 0.35 in),Up to 333 h (3G),TN TFT,"5.0 inches, 68.9 cm2(~63.3% screen-to-body ratio)",,
"HSPA 42.2/11.5 Mbps, LTE Cat4 150/50 Mbps",Yes,IP68 dust/water resistant (up to 1.5m for 30 min)MIL-STD-810G compliant,,,microSDHC (uses shared SIM slot),"LED flash, HDR, panorama",Quad-core 1.3 GHz Cortex-A53,"Fingerprint (rear-mounted), accelerometer, proximity, compass",https://fdn2.gsmarena.com/vv/bigpic/energizer-energy-e520.jpg,"Li-Ion 4000 mAh, non-removable",Up to 15 h (3G),Android 6.0 (Marshmallow),,"4.0, A2DP, LE",Nano-SIM + Nano-SIM,GSM 850 / 900 / 1800 / 1900 - SIM 1 & SIM 2,16GB 2GB RAM,eMMC 5.0,,"GPS, GLONASS",FM radio,,,,Energizer Energy E520 LTE,206 g (7.27 oz),,1080p@30fps,,,,HSDPA 900 / 2100,,"Available. Released 2017, September",,0.26 W/kg (head)     0.60 W/kg (body),No,Yes,5 MP,Wi-Fi 802.11 b/g/n,About 330 EUR,,Mali-T720,,"1, 3, 7, 8, 20",Mediatek MT6737 (28 nm),"720 x 1280 pixels, 16:9 ratio (~282 ppi density)",GSM / HSPA / LTE,"13 MP, AF","2017, September",Energizer,microUSB 2.0,Black,,,150.8 x 76.2 x 11.1 mm (5.94 x 3.00 x 0.44 in),Up to 220 h (3G),IPS LCD,"5.2 inches, 74.5 cm2(~64.9% screen-to-body ratio)",,Corning Gorilla Glass 3
,Yes,"IP54, dust and splash resistant",No,Yes,microSDHC (uses shared SIM slot),,,,https://fdn2.gsmarena.com/vv/bigpic/energizer-energy-100-2017.jpg,"Li-Ion 1500 mAh, removable",Up to 11 h (3G),,,"2.1, A2DP","Hybrid Dual SIM (Mini-SIM, dual stand-by)",GSM 850 / 900 / 1800 / 1900 - SIM 1 & SIM 2,,No,,No,FM radio,,Yes,No,Energizer Energy 100 (2017),112 g (3.95 oz),,No,,,SMS,,Yes,"Available. Released 2017, June",,0.27 W/kg (head)     0.54 W/kg (body),No,Yes,,No,About 50 EUR,,,,,,"240 x 320 pixels, 4:3 ratio (~167 ppi density)",GSM,VGA,"2017, June",Energizer,microUSB 2.0,Black,Yes,,129 x 63 x 15 mm (5.08 x 2.48 x 0.59 in),Up to 300 h (3G),"TFT, 65K colors","2.4 inches, 17.8 cm2(~21.9% screen-to-body ratio)",,
"HSPA, LTE",Yes,IP67 dust/water resistant (up to 1m for 30 min),,,microSDXC (uses shared SIM slot),"LED flash, HDR",Quad-core 1.3 GHz Cortex-A53,Accelerometer,https://fdn2.gsmarena.com/vv/bigpic/energizer-energy-400.jpg,Li-Ion 2500 mAh battery,Up to 16 h (3G),Android 6.0 (Marshmallow),,"4.0, A2DP, LE","Hybrid Dual SIM (Micro-SIM, dual stand-by)",GSM 850 / 900 / 1800 / 1900 - SIM 1 & SIM 2,8GB 1GB RAM,eMMC 5.0,,GPS,FM radio,,,,Energizer Energy 400 LTE,204 g (7.20 oz),,Yes,,,,HSDPA 900 / 2100,,"Available. Released 2017, Q3",,0.64 W/kg (head)     1.52 W/kg (body),No,Yes,1.3 MP,Wi-Fi 802.11 b/g/n,About 180 EUR,,Mali-T720MP2,,"3, 7, 20",Mediatek MT6737M (28 nm),"480 x 800 pixels, 5:3 ratio (~233 ppi density)",GSM / HSPA / LTE,"8 MP, AF","2017, Q3",Energizer,microUSB 2.0,Black,,,134 x 72 x 15 mm (5.28 x 2.83 x 0.59 in),Up to 420 h (3G),TN TFT,"4.0 inches, 45.5 cm2(~47.2% screen-to-body ratio)",,Asahi Dragontrail Glass
,Yes,No,No,Yes,microSDHC (uses shared SIM slot),,,,https://fdn2.gsmarena.com/vv/bigpic/energizer-energy-e10-.jpg,"Li-Ion 1000 mAh, removable",Up to 8 h (3G),,,2.0,"Hybrid Dual SIM (Mini-SIM, dual stand-by)",GSM 850 / 900 / 1800 / 1900 - SIM 1 & SIM 2,,,,No,FM radio,,Yes,No,Energizer Energy E10,69 g (2.43 oz),,No,,,SMS,,Yes,"Available. Released 2017, September",,0.60 W/kg (head)     0.95 W/kg (body),No,Yes,,No,About 10 EUR,,,,,,128 x 160 pixels (~114 ppi density),GSM,VGA,"2017, September",Energizer,microUSB 2.0,"Black, White",No,,110 x 47 x 14.3 mm (4.33 x 1.85 x 0.56 in),Up to 250 h (3G),"TFT, 256K colors","1.8 inches, 10.2 cm2(~19.7% screen-to-body ratio)",,
"HSPA, LTE",Yes,No,,,microSDHC (uses shared SIM slot),,,,https://fdn2.gsmarena.com/vv/bigpic/energizer-energy-e20.jpg,"Li-Ion 1000 mAh, removable",,,,2.0,"Hybrid Dual SIM (Mini-SIM, dual stand-by)",GSM 850 / 900 / 1800 / 1900 - SIM 1 & SIM 2,,,,No,FM radio,,Yes,No,Energizer Energy E20,92 g (3.25 oz),,No,,,SMS,HSDPA 900 / 2100,Yes,"Available. Released 2017, November",,0.07 W/kg (head)     0.73 W/kg (body),No,Yes,,No,About 40 EUR,,,,"1, 3, 7, 8, 20, 28",,"240 x 320 pixels, 4:3 ratio (~167 ppi density)",GSM / HSPA / LTE,VGA,"2017, November",Energizer,microUSB 2.0,Black,No,,103.2 x 51 x 18.2 mm (4.06 x 2.01 x 0.72 in),,"TFT, 256K colors","2.4 inches, 17.8 cm2(~33.9% screen-to-body ratio)",,
HSPA 21.1/5.76 Mbps,Yes,HSDPA 900 / 2100 - EM5EL047,,,microSDXC,"LED flash, HDR",Quad-core 1.3 GHz Cortex-A7,"Accelerometer, gyro, proximity, compass, barometer",https://fdn2.gsmarena.com/vv/bigpic/energizer-500.jpg,"Li-Ion 3000 mAh, removable",Up to 18 h 40 min,Android 4.4 (KitKat),,"4.0, A2DP, LE","Dual SIM (Mini-SIM/ Micro-SIM, dual stand-by)",GSM 850 / 900 / 1800 / 1900 - SIM 1 & SIM 2,8GB 1GB RAM,IP68 dust/water resistant (up to 1.8m for 30 min),,GPS,Stereo FM radio,,,,Energizer Energy 500,284 g (10.02 oz),,720p@30fps,,,,HSDPA 850 / 1900 - EM5EL043,,Discontinued,,,No,Yes,5 MP,"Wi-Fi 802.11 a/b/g/n, hotspot",,,Mali-400MP2,,,Mediatek MT6582 (28 nm),"720 x 1280 pixels, 16:9 ratio (~294 ppi density)",GSM / HSPA,"13 MP, AF","2015, January. Released 2015, June",Energizer,microUSB 2.0,Gray,,,152.3 x 80.6 x 18.8 mm (6.00 x 3.17 x 0.74 in),Up to 500 h,IPS LCD,"5.0 inches, 68.9 cm2(~56.1% screen-to-body ratio)",,
HSPA 21.1/5.76 Mbps,Yes,HSDPA 900 / 2100 - EM4EI047,,,microSDXC (dedicated slot),"LED flash, HDR",Dual-core 1.3 GHz Cortex-A7,"Accelerometer, proximity",https://fdn2.gsmarena.com/vv/bigpic/energizer-400.jpg,"Li-Ion 2400 mAh, removable",Up to 15 h,Android 4.4 (KitKat),,"4.0, A2DP, LE",Mini-SIM,GSM 900 / 1900  / 850 - SIM 1 & SIM 2,4GB 512MB RAM,IP68 dust/water resistant (up to 1.8m for 30 min),,GPS,Stereo FM radio,,,,Energizer Energy 400,367 g (12.95 oz),,720p@30fps,,,,HSDPA 850 / 1900 - EM4EI043,,Discontinued,,,No,Yes,1.3 MP,"Wi-Fi 802.11 a/b/g/n, hotspot",,,Mali-400,,,Mediatek MT6572 (28 nm),"480 x 800 pixels, 5:3 ratio (~233 ppi density)",GSM / HSPA,"8 MP, AF","2015, January. Released 2015, June",Energizer,microUSB 2.0,Gray,,,134.5 x 73.6 x 18.8 mm (5.30 x 2.90 x 0.74 in),Up to 400 h,IPS LCD,"4.0 inches, 45.5 cm2(~46.0% screen-to-body ratio)",,
HSPA 7.2/0.384 Mbps,Yes,HSDPA 900 / 2100 - EM24047,,,microSDHC,,,,https://fdn2.gsmarena.com/vv/bigpic/energizer-240.jpg,"Li-Ion 1900 mAh, removable",Up to 11 h,,,"2.1, A2DP","Dual SIM (Mini-SIM, dual stand-by)",GSM 850 / 900 / 1800 / 1900 - SIM 1 & SIM 2,128MB 32MB RAM,IP67 dust/water resistant (up to 1m for 30 min),,No,Stereo FM radio,,Yes,Downloadable,Energizer Energy 240,134 g (4.73 oz),,Yes,,,"SMS, MMS, Email",HSDPA 850 / 1900 - EM24043,Yes,Discontinued,No,,No,Yes,,No,,Music/Video playerOrganizerCalendarCalculatorVoice memo,,,,,"240 x 320 pixels, 4:3 ratio (~167 ppi density)",GSM / HSPA,3.15 MP,"2015, January. Released 2015, June",Energizer,microUSB 2.0,Gray,Yes,,125 x 58.5 x 19 mm (4.92 x 2.30 x 0.75 in),Up to 316 h,"TFT, 256K colors","2.4 inches, 17.8 cm2(~24.4% screen-to-body ratio)",,
,Yes,IP67 dust/water resistant (up to 1m for 30 min),No,Yes,microSDHC,,,,https://fdn2.gsmarena.com/vv/bigpic/energizer-200.jpg,"Li-Ion 1450 mAh, removable",Up to 9 h,,,"2.1, A2DP, EDR","Dual SIM (Mini-SIM, dual stand-by)",GSM 850 / 900 / 1800 / 1900 - SIM 1 & SIM 2 - EM2003,8MB 8MB RAM,No,,No,Stereo FM radio,,Yes,Downloadable,Energizer Energy 200,122 g (4.30 oz),,Yes,,,"SMS, MMS, Email",,Yes,Discontinued,Music/Video playerOrganizerCalendarCalculatorVoice memo,,No,Yes,,No,,,,,,,"240 x 320 pixels, 4:3 ratio (~200 ppi density)",GSM,1.3 MP,"2015, January. Released 2015, June",Energizer,microUSB 2.0,Gray,No,,121.7 x 55.8 x 19.8 mm (4.79 x 2.20 x 0.78 in),Up to 241 h,"TFT, 256K colors","2.0 inches, 12.4 cm2(~18.2% screen-to-body ratio)",,
,Yes,"IP54, dust and splash resistant",No,Yes,microSDHC (dedicated slot),,,,https://fdn2.gsmarena.com/vv/bigpic/energizer-energy-100-.jpg,"Li-Ion 1500 mAh, removable",Up to 11 h,,,2.1,"Dual SIM (Mini-SIM, dual stand-by)",GSM 850 / 900 / 1800 / 1900 - SIM 1 & SIM 2 - EM2003,4MB 4MB RAM,No,,No,Stereo FM radio,,Yes,No,Energizer Energy 100,112 g (3.95 oz),,Yes,,,SMS,,Yes,Discontinued,Music/Video playerOrganizer,,No,Yes,,No,,,,,,,"240 x 320 pixels, 4:3 ratio (~167 ppi density)",GSM,VGA,"2015, November. Released 2016, February",Energizer,microUSB 2.0,Black,No,,129 x 63 x 15 mm (5.08 x 2.48 x 0.59 in),Up to 300 h,"TFT, 256K colors","2.4 inches, 17.8 cm2(~21.9% screen-to-body ratio)",,
"HSPA 42.2/11.5 Mbps, LTE Cat4 150/50 Mbps",Yes,eMMC 5.0,,,microSDXC (uses shared SIM slot),LED flash,Quad-core 1.3 GHz Cortex-A53,Accelerometer,https://fdn2.gsmarena.com/vv/bigpic/energizer-energy-e551s.jpg,Li-Ion 2500 mAh battery,,Android 8.0 Oreo (Go edition),,"4.0, A2DP, LE",Nano-SIM + Micro-SIM,GSM 850 / 900 / 1800 / 1900,8GB 1GB RAM,,,GPS,FM radio,,,,Energizer Energy E551S,-,,720p@30fps,,,,HSDPA 900 / 2100,,Cancelled,,,No,Yes,5 MP,Wi-Fi 802.11 b/g/n,,,Mali-T720MP2,,"1, 3, 7, 8, 20, 28",Mediatek MT6737M (28 nm),"480 x 854 pixels, 16:9 ratio (~178 ppi density)",GSM / HSPA / LTE,8 MP,"2019, February",Energizer,microUSB 2.0,Black,,,-,,TFT LCD,"5.5 inches, 83.4 cm2",,
HSPA 42.2/11.5 Mbps,Yes,,,,microSDHC (uses shared SIM slot),LED flash,Quad-core 1.3 GHz Cortex-A7,Accelerometer,https://fdn2.gsmarena.com/vv/bigpic/energizer-energy-e401s.jpg,Li-Ion 2000 mAh battery,,Android 8.0 Oreo (Go edition),,"4.0, A2DP, LE","Hybrid Dual SIM (Micro-SIM, dual stand-by)",GSM 850 / 900 / 1800 / 1900,8GB 1GB RAM,,,GPS,FM radio,,,,Energizer Energy E401,-,,720p@30fps,,,,HSDPA 850 / 900 / 1900 / 2100,,Cancelled,,,No,Yes,2 MP,Wi-Fi 802.11 b/g/n,,,Mali-400MP2,,,Mediatek MT6580M (28 nm),"480 x 854 pixels, 16:9 ratio (~245 ppi density)",GSM / HSPA,5 MP,"2019, February",Energizer,microUSB 2.0,Black,,,-,,TFT LCD,"4.0 inches, 44.1 cm2",,
"HSPA, LTE",Yes,IP68 dust/water resistant (up to 1.2m for 30 min),,,microSDHC,LED flash,Quad-core 1.3 GHz Cortex-A53,,https://fdn2.gsmarena.com/vv/bigpic/energizer-hardcase-h242s.jpg,Li-Ion 1500 mAh battery,,KaiOS 2.5.1,,2.1,Dual SIM (Mini-SIM),GSM 850 / 900 / 1800 / 1900,512MB 256MB RAM,Secondary external display,,GPS,FM radio,,,,Energizer Hardcase H242S,-,,Yes,,,,HSDPA 850 / 900 / 1900 / 2100,,Cancelled,"Downloadable applications Facebook, Gmail, Whatsapp, etc.",,No,Yes,0.3 MP,"Wi-Fi 802.11 b/g/n, hotspot",,,Mali-820,,"3, 7, 20",Spreadtrum SC7731E,"240 x 320 pixels, 4:3 ratio (~167 ppi density)",GSM / HSPA / LTE,0.3 MP,"2019, February",Energizer,microUSB 2.0,Black,,,125.3 x 54 x 14.5 mm (4.93 x 2.13 x 0.57 in),,"TFT LCD, 16M colors","2.4 inches, 17.8 cm2(~26.4% screen-to-body ratio)",,
"HSPA, LTE",Yes,IP68 dust/water resistant (up to 1.5m for 30 min),,,microSDHC (uses shared SIM slot),Dual-LED flash,Octa-core 2.0 GHz Cortex-A53,"Fingerprint (rear-mounted), accelerometer, gyro, proximity, compass",https://fdn2.gsmarena.com/vv/bigpic/energizer-hardcase-h591s.jpg,"Li-Ion 5800 mAh, non-removable",,Android 8.1 (Oreo),"16 MP, AF0.3 MP, (depth)","4.2, A2DP, LE",Nano-SIM + Nano-SIM,GSM 850 / 900 / 1800 / 1900,64GB 6GB RAM,eMMC 5.1,,GPS,No,"8 MPVGA, depth sensor",,,Energizer Hardcase H591S,260 g (9.17 oz),,1080p@30fps,,10W wired,,HSDPA 850 / 900 / 1700(AWS) / 1900 / 2100,,Cancelled,,,Yes,Yes,,"Wi-Fi 802.11 a/b/g/n, Wi-Fi Direct",,,Mali-G71 MP2,,"1, 2, 3, 4, 5, 7, 8, 12, 17, 19, 20, 34, 38, 39, 40, 41",Mediatek MT6763 Helio P23 (16 nm),"1080 x 1920 pixels, 16:9 ratio (~368 ppi density)",GSM / HSPA / LTE,,"2019, February",Energizer,"USB Type-C 2.0, OTG",Black,,LED flash,164.2 x 79.4 x 12.2 mm (6.46 x 3.13 x 0.48 in),,TFT LCD,"5.99 inches, 98.9 cm2(~75.9% screen-to-body ratio)",,Corning Gorilla Glass 3
"HSPA, LTE",Yes,eMMC 5.1,,,microSDXC (uses shared SIM slot),"Dual-LED dual-tone flash, panorama, HDR",Quad-core 2.0 GHz Cortex-A53,"Fingerprint (side-mounted), accelerometer, gyro, proximity, compass",https://fdn2.gsmarena.com/vv/bigpic/energizer-ultimate-u570s.jpg,"Li-Ion 3000 mAh, removable",,Android 9.0 (Pie),"16 MP, PDAF2 MP, (depth)","5.0, A2DP, LE",Nano-SIM + Nano-SIM,GSM 850 / 900 / 1800 / 1900,32GB 4GB RAM,,1080p,GPS,FM radio,,,,Energizer Ultimate U570S,-,,1080p@30fps,,,,HSDPA 850 / 900 / 1900 / 2100,,Cancelled,,,No,Yes,,"Wi-Fi 802.11 b/g/n, Wi-Fi Direct",,,PowerVR GE8320,,"1, 3, 5, 7, 8, 20, 38, 40, 41",Mediatek MT6761 Helio A22 (12 nm),"720 x 1520 pixels, 19:9 ratio (~295 ppi density)",GSM / HSPA / LTE,"16 MP, f/2.2, 26mm (wide), 1/3.06"", 1.0µm","2019, January",Energizer,"microUSB 2.0, OTG","Aurora Red, Blue, Yellow",,,148.8 x 70.5 x 8.6 mm (5.86 x 2.78 x 0.34 in),,IPS LCD,"5.7 inches, 81.1 cm2(~77.3% screen-to-body ratio)",,
"HSPA, LTE",Yes,eMMC 5.1,,,microSDXC (uses shared SIM slot),"Dual-LED dual-tone flash, panorama, HDR",Octa-core (4x2.3 GHz Cortex-A53 & 4x1.8 GHz Cortex-A53),"Fingerprint (side-mounted), accelerometer, gyro, proximity, compass",https://fdn2.gsmarena.com/vv/bigpic/energizer-ultimate-u620s.jpg,"Li-Po 4000 mAh, removable",,Android 9.0 (Pie),,"5.0, A2DP, LE",Nano-SIM + Nano-SIM,GSM 850 / 900 / 1800 / 1900,64GB 4GB RAM,,1080p,"GPS, GLONASS",FM radio,,,,Energizer Ultimate U620S,-,,1080p@30fps,"16 MP, PDAF2 MP0.3 MP, (depth)",10W wired,,HSDPA 850 / 900 / 1900 / 2100,,Cancelled,,,No,Yes,,"Wi-Fi 802.11 a/b/g/n/ac, dual-band, Wi-Fi Direct",,,PowerVR GE8320,,"1, 3, 5, 7, 8, 20, 38, 40, 41",Mediatek MT6765 Helio P35 (12 nm),"720 x 1520 pixels, 18.5:9 ratio (~265 ppi density)",GSM / HSPA / LTE,"16 MP, f/2.2, 26mm (wide), 1/3.06"", 1.0µm","2019, January",Energizer,"USB Type-C 2.0, OTG","Aurora Red, Aurora Blue",,,155.8 x 75.5 x 8.3 mm (6.13 x 2.97 x 0.33 in),,IPS LCD,"6.2 inches, 97.6 cm2(~82.9% screen-to-body ratio)",,
"HSPA, LTE",Yes,eMMC 5.1,,,microSDXC (uses shared SIM slot),"LED flash, panorama, HDR",Octa-core 2.0 GHz Cortex-A53,"Fingerprint (rear-mounted), accelerometer, gyro, proximity, compass",https://fdn2.gsmarena.com/vv/bigpic/energizer-ultimate-u630s-pop.jpg,"Li-Ion 3500 mAh, non-removable",,Android 9.0 (Pie),"16 MP, PDAF2 MP, (depth)","5.0, A2DP, LE",Nano-SIM + Nano-SIM,GSM 850 / 900 / 1800 / 1900,64GB 4GB RAM,,1080p,"GPS, GLONASS",FM radio,"Motorized pop-up 16 MP, f/2.2, 26mm (wide), 1/3.06"", 1.0µmMotorized pop-up 2 MP, depth sensor",,,Energizer Ultimate U630S Pop,-,,1080p@30fps,,10W wired,,HSDPA 850 / 900 / 1900 / 2100,,Cancelled,,,No,No,,"Wi-Fi 802.11 b/g/n, Wi-Fi Direct",,,PowerVR GE8320,,"1, 3, 5, 7, 8, 20, 40, 41",Mediatek MT6762 Helio P22 (12 nm),"720 x 1480 pixels, 18.5:9 ratio (~261 ppi density)",GSM / HSPA / LTE,,"2019, January",Energizer,"USB Type-C 2.0, OTG",Black,,,157.9 x 78.9 x 9.6 mm (6.22 x 3.11 x 0.38 in),,IPS LCD,"6.3 inches, 100.7 cm2(~80.9% screen-to-body ratio)",,
"HSPA, LTE",Yes,eMMC 5.1,,,microSDXC (uses shared SIM slot),"Dual-LED dual-tone flash, panorama, HDR",Octa-core 2.0 GHz Cortex-A53,"Fingerprint (rear-mounted), accelerometer, gyro, proximity, compass",https://fdn2.gsmarena.com/vv/bigpic/energizer-ultimate-u650s.jpg,"Li-Ion 3500 mAh, non-removable",,Android 9.0 (Pie),"16 MP, PDAF2 MP, (depth)","5.0, A2DP, LE",Nano-SIM + Nano-SIM,GSM 850 / 900 / 1800 / 1900,128GB 4GB RAM,,1080p,"GPS, GLONASS",FM radio,,,,Energizer Ultimate U650S,-,,1080p@30fps,,10W wired,,HSDPA 850 / 900 / 2100,,Cancelled,,,No,No,,"Wi-Fi 802.11 a/b/g/n/ac, dual-band, Wi-Fi Direct",,,PowerVR GE8320,,"1, 3, 5, 7, 8, 20, 40",Mediatek MT6762 Helio P22 (12 nm),"720 x 1480 pixels, 18.5:9 ratio (~253 ppi density)",GSM / HSPA / LTE,"16 MP, f/2.2, 26mm (wide), 1/3.06"", 1.0µm","2019, January",Energizer,"USB Type-C 2.0, OTG",Black,,,162.5 x 76.5 x 8.2 mm (6.40 x 3.01 x 0.32 in),,IPS LCD,"6.5 inches, 107.2 cm2(~86.3% screen-to-body ratio)",,
