,Card slot,Games,Dimensions,Bluetooth,2G bands,4G bands,Features_1,Talk time,Positioning,Infrared port,Loudspeaker,Battery (old),Messaging,Models,Phonebook,EDGE,Build,Radio,Camera,OS,Speed,Quad,Loudspeaker_1,Type,Weight,Sensors,Internal,Size,Colors,Call records,Single_1,Type_1,Display,SAR,Protection,Technology,3G bands,WLAN,NFC,Model Name,Model Image,Features,Stand-by,Announced,_2,Video,_1,USB,Chipset,Triple,Price,CPU,Resolution,Audio quality,Brand,Dual,Dual_1,Java,3.5mm jack,Single,Performance,GPU,Video_1,Charging,Status,GPRS,SIM,SAR EU
eMMC 5.1,Unspecified,,158 x 76 x 9.2 mm (6.22 x 2.99 x 0.36 in),Yes,GSM 850 / 900 / 1800 / 1900,LTE,,,GPS,,Yes,,,GNV5221,,,"Glass front, plastic frame, glass back",Unspecified,,HarmonyOS,"HSPA, LTE",,,IPS LCD,195 g (6.88 oz),"Accelerometer, proximity",32GB 4GB RAM,"6.26 inches, 94.6 cm2(~78.8% screen-to-body ratio)","Black, Blue, Silver, Purple",,,Li-Ion 3500 mAh,,,,GSM / HSPA / LTE,HSDPA 850 / 900 / 1900 / 2100,Yes,No,Gionee G13 Pro,https://fdn2.gsmarena.com/vv/bigpic/gionee-g13-pro.jpg,LED flash,,"2022, January 28",,1080p@30fps,,USB Type-C 2.0,Unisoc Tiger T310 (12 nm),,About 80 EUR,Quad-core (1x2.0 GHz Cortex-A75 & 3x1.8 GHz Cortex-A55),"720 x 1600 pixels, 20:9 ratio (~280 ppi density)",,Gionee,"13 MP, (wide), PDAF2 MP",,,Yes,5 MP,,PowerVR GE8300,,,"Available. Released 2022, January 30",,Nano-SIM + Nano-SIM,
eMMC 5.1,microSDXC (dedicated slot),,164.7 x 76.3 x 9 mm (6.48 x 3.00 x 0.35 in),Yes,GSM 850 / 900 / 1800 / 1900,"1, 2, 3, 5, 7, 8, 20, 28, 40",,,GPS,,Yes,,,,,,,Unspecified,,Android 11 (Go edition),"HSPA, LTE",,,IPS LCD,-,"Fingerprint (rear-mounted), accelerometer, proximity, compass",32GB 2GB RAM,"6.52 inches, 102.6 cm2(~81.7% screen-to-body ratio)","Black, Blue, Light Blue",,8 MP,Li-Po 5000 mAh,,,,GSM / HSPA / LTE,HSDPA 850 / 900 / 1900 / 2100,Yes,No,Gionee P15,https://fdn2.gsmarena.com/vv/bigpic/gionee-p15.jpg,LED flash,,"2021, July 26",,Unspecified,,"microUSB, OTG",Unisoc SC9863A (28 nm),,About 100 EUR,Octa-core (4x1.6 GHz Cortex-A55 & 4x1.2 GHz Cortex-A55),"720 x 1600 pixels, 20:9 ratio (~269 ppi density)",,Gionee,,,,Yes,"13 MP, (wide), PDAF0.08 MP (auxiliary lens)0.08 MP (auxiliary lens)",,IMG8322,Unspecified,,"Available. Released 2021, July 30",,Nano-SIM + Nano-SIM,
IP67Compatible with standard 22mm straps,No,,50 x 45 x 9.6 mm (1.97 x 1.77 x 0.38 in),4.0,N/A,N/A,,,No,,No,,,,,No,,No,,Proprietary OS,No,,,TFT LCD,35 g (1.23 oz),"Accelerometer, heart rate, SpO2",,1.3 inches,"Teal Green, Mimi Pink, Matte Black",,,Li-Ion 130 mAh,,,,No cellular connectivity,N/A,No,No,Gionee Smartwatch 7,https://fdn2.gsmarena.com/vv/bigpic/gionee-smartwatch-7.jpg,,,"2021, June 09",No,,eMMC 4.5,No,,,About 50 EUR,,240 x 240 pixels (~261 ppi density),,Gionee,,,,No,,,,,,"Available. Released 2021, June 13",No,No,
,microSDXC (dedicated slot),,165.2 x 77 x 9 mm (6.50 x 3.03 x 0.35 in),Yes,GSM 850 / 900 / 1800 / 1900,"1, 2, 3, 5, 7, 8, 20, 28, 40",,,GPS,,Yes,,,,,,,Unspecified,,Android 11,"HSPA, LTE","48 MP, (wide), PDAF5 MP, (ultrawide)2 MP, (macro)2 MP, (depth)",,IPS LCD,-,"Fingerprint (rear-mounted), accelerometer, gyro, proximity","128GB 6GB RAM, 128GB 8GB RAM","6.67 inches, 107.4 cm2(~84.4% screen-to-body ratio)",Gray,,,Li-Po 5100 mAh,,,,GSM / HSPA / LTE,HSDPA 850 / 900 / 1900 / 2100,Yes,No,Gionee M15,https://fdn2.gsmarena.com/vv/bigpic/gionee-m15.jpg,"LED flash, HDR, panorama",,"2021, May 24",,1080p@30fps,,"USB Type-C 2.0, OTG",Mediatek MT6785 Helio G90 (12 nm),,About 180 EUR,Octa-core (2x2.05 GHz Cortex-A76 & 6x2.0 GHz Cortex-A55),"1080 x 2400 pixels, 20:9 ratio (~395 ppi density)",,Gionee,,,,Yes,16 MP,,Mali-G76 MC4,1080p@30fps,18W wired,"Available. Released 2021, May 28",,Nano-SIM + Nano-SIM,
eMMC 5.1,microSDXC (uses shared SIM slot),,163.2 x 75.9 x 9.3 mm (6.43 x 2.99 x 0.37 in),Yes,GSM 850 / 900 / 1800 / 1900,LTE,,,GPS,,Yes,,,,,,,Unspecified,,Android,"HSPA, LTE","16 MP, (wide), PDAF5 MP, (ultrawide)2 MP, (macro)2 MP, (depth)",,IPS LCD,201 g (7.09 oz),"Fingerprint (side-mounted), accelerometer, proximity","128GB 6GB RAM, 128GB 8GB RAM, 256GB 8GB RAM","6.53 inches, 102.9 cm2(~83.1% screen-to-body ratio)","Black, Green, Sky, Gray",,,Li-Po 5000 mAh,,,,GSM / HSPA / LTE,HSDPA 850 / 900 / 2100,"Wi-Fi 802.11 b/g/n, hotspot",No,Gionee M3,https://fdn2.gsmarena.com/vv/bigpic/gionee-m3.jpg,"LED flash, HDR, panorama",,"2021, April 07",,1080p@30fps,,"USB Type-C 2.0, OTG",Mediatek MT6771 Helio P60 (12 nm),,About 120 EUR,Octa-core (4x2.0 GHz Cortex-A73 & 4x2.0 GHz Cortex-A53),"720 x 1600 pixels, 20:9 ratio (~269 ppi density)",,Gionee,,,,Yes,8 MP,,Mali-G72 MP3,1080p@30fps,18W wired,"Available. Released 2021, April 14",,Nano-SIM + Nano-SIM,
eMMC 5.1,microSDXC,,173.8 x 78.5 x 9.5 mm (6.84 x 3.09 x 0.37 in),"5.0, A2DP, LE",GSM 850 / 900 / 1800 / 1900,"1, 3, 7, 8, 20, 28, 40",,,GPS,,Yes,,,,,,"Glass front, plastic frame, plastic back",FM radio,,Android 11,"HSPA 42.2/11.5 Mbps, LTE Cat4 150/50 Mbps",,,IPS LCD,208 g (7.34 oz),"Fingerprint (rear-mounted), accelerometer, proximity, compass",64GB 3GB RAM,"6.82 inches, 110.5 cm2(~81.0% screen-to-body ratio)","Fjord, Petrol Blue",,,Li-Po 6000 mAh,,,,GSM / HSPA / LTE,HSDPA 900 / 2100,Wi-Fi 802.11 b/g/n,No,Gionee P15 Pro,https://fdn2.gsmarena.com/vv/bigpic/gionee-p15-pro.jpg,LED flash,,"2021, March 26",,1080p@30fps,,"USB Type-C 2.0, OTG",Mediatek MT6765G Helio G35 (12 nm),,About 120 EUR,Octa-core (4x2.3 GHz Cortex-A53 & 4x1.8 GHz Cortex-A53),720 x 1640 pixels (~263 ppi density),,Gionee,"13 MP, (wide), AF2 MP, (ultrawide)0.1 MP, (depth)",,,Yes,8 MP,,PowerVR GE8320,1080p@30fps,,"Available. Released 2021, March 29",,Nano-SIM + Nano-SIM,
eMMC 5.1,microSDXC (dedicated slot),,165 x 75 x 10 mm (6.50 x 2.95 x 0.39 in),"4.2, A2DP",GSM 850 / 900 / 1800 / 1900,"1, 3, 5, 8, 38, 40, 41",,,GPS,,Yes,,,,,,,FM radio,,Android 10,"HSPA, LTE",,,IPS LCD,212 g (7.48 oz),"Accelerometer, proximity",32GB 3GB RAM,"6.52 inches, 104.4 cm2(~84.3% screen-to-body ratio)","Black, Red, Blue",,,Li-Po 6000 mAh,,0.34 W/kg (head)     0.97 W/kg (body),,GSM / HSPA / LTE,HSDPA 900 / 2100,Wi-Fi 802.11 a/b/g/n/ac,No,Gionee Max Pro,https://fdn2.gsmarena.com/vv/bigpic/gionee-max-pro.jpg,LED flash,,"2021, March 01",,1080p@30fps,,"microUSB 2.0, OTG",Unisoc SC9863A (28 nm),,About 80 EUR,Octa-core (4x1.6 GHz Cortex-A55 & 4x1.2 GHz Cortex-A55),"720 x 1560 pixels, 19.5:9 ratio (~264 ppi density)",,Gionee,"13 MP, (wide), AF2 MP (depth)",,,Yes,8 MP,,IMG8322,,,"Available. Released 2021, March 08",,Nano-SIM + Nano-SIM,
eMMC 5.1,microSDXC,,165 x 76 x 8 mm (6.50 x 2.99 x 0.31 in),Yes,GSM 850 / 900 / 1800 / 1900,LTE,,,GPS,,Yes,,,GSE1020,,,"Glass front, plastic frame, glass back",FM radio,,Android,"HSPA, LTE",,,IPS LCD,165 g (5.82 oz),"Fingerprint (rear-mounted), accelerometer, proximity","128GB 6GB RAM, 128GB 8GB RAM, 256GB 8GB RAM","6.53 inches, 104.7 cm2(~83.5% screen-to-body ratio)","Black, Blue, White",,,Li-Po 4000 mAh,,,,GSM / HSPA / LTE,HSDPA 850 / 900 / 2100,"Wi-Fi 802.11 b/g/n, hotspot",No,Gionee K30 Pro,https://fdn2.gsmarena.com/vv/bigpic/gionee-k30-pro.jpg,"LED flash, HDR, panorama",,"2020, December 08",,1080p@30fps,24-bit/192kHz Hi-Res audio,"USB Type-C 2.0, OTG",Mediatek,"16 MP, f/1.8, (wide), PDAF5 MP, 120˚ (ultrawide)2 MP, (depth)",About 100 EUR,Octa-core 2.0 GHz,"720 x 1560 pixels, 19.5:9 ratio (~263 ppi density)",,Gionee,,,,Yes,8 MP,,,1080p@30fps,20W wired,"Available. Released 2020, December",,Nano-SIM + Nano-SIM,
eMMC 5.1,microSDXC,,156.1 x 73.7 x 9.7 mm (6.15 x 2.90 x 0.38 in),"5.0, A2DP, LE",GSM 850 / 900 / 1800 / 1900,"1, 3, 7, 8, 20, 28, 40",,,GPS,,Yes,,,,,,"Glass front, plastic frame, glass back",FM radio,,Android 10,"HSPA 42.2/11.5 Mbps, LTE Cat4 150/50 Mbps",,,IPS LCD,178 g (6.28 oz),"Fingerprint (rear-mounted), accelerometer, proximity",16GB 2GB RAM,"6.1 inches, 89.8 cm2(~78.1% screen-to-body ratio)","Black, Purple",,,Li-Ion 3200 mAh,,,,GSM / HSPA / LTE,HSDPA 900 / 1900,"Wi-Fi 802.11 a/b/g/n/ac, dual-band",No,Gionee P12,https://fdn2.gsmarena.com/vv/bigpic/gionee-p12.jpg,"LED flash, HDR, panorama",,"2020, November 09",,1080p@30fps,,"microUSB 2.0, OTG",Mediatek MT6761 Helio A20 (12 nm),"13 MP, (wide), AF0.3 MP, (ultrawide)0.3 MP, (depth)",About 80 EUR,Quad-core 1.8 GHz Cortex-A53,"720 x 1600 pixels, 20:9 ratio (~288 ppi density)",,Gionee,,,,Yes,5 MP,,PowerVR GE8320,1080p@30fps,,"Available. Released 2020, November 09",,Nano-SIM + Nano-SIM,
eMMC 5.1,microSDXC,,163.9 x 76.8 x 9.3 mm (6.45 x 3.02 x 0.37 in),"5.0, A2DP",GSM 850 / 900 / 1800 / 1900,"1, 2, 3, 5, 7, 8, 20, 28, 40",,,GPS,,Yes,,,,,,"Glass front, plastic frame, plastic back",FM radio,,Android 10,"HSPA 42.2/11.5 Mbps, LTE Cat4 150/50 Mbps","48 MP, f/1.8, (wide), PDAF5 MP, f/2.2, 115˚, (ultrawide)2 MP (depth)2 MP (depth)",,IPS LCD,196 g (6.91 oz),"Fingerprint (rear-mounted), accelerometer, proximity","64GB 4GB RAM, 128GB 6GB RAM","6.55 inches, 103.6 cm2(~82.3% screen-to-body ratio)","Magic Green, Dazzling Black",,,Li-Po 5100 mAh,,,,GSM / HSPA / LTE,HSDPA 900 / 1900,"Wi-Fi 802.11 a/b/g/n, dual-band",No,Gionee M12,https://fdn2.gsmarena.com/vv/bigpic/gionee-m12-.jpg,"LED flash, HDR, panorama",,"2020, November 16",,1080p@30fps,,"USB Type-C 2.0, OTG",Mediatek MT6762D Helio A25 (12 nm) - model 1Mediatek MT6762 Helio P22 (12 nm) - model 2,,About 150 EUR,Octa-core (4x1.8 GHz Cortex-A53 & 4x1.5 GHz Cortex-A53) - model 1Octa-core 2.0 GHz Cortex-A53 - model 2,"720 x 1600 pixels, 20:9 ratio (~268 ppi density)",,Gionee,,,,Yes,16 MP,,PowerVR GE8320,1080p@30fps,,"Available. Released 2020, November 16",,Nano-SIM + Nano-SIM,
eMMC 5.1,microSDXC,,166.2 x 76.3 x 8.4 mm (6.54 x 3.00 x 0.33 in),"4.2, A2DP",GSM 850 / 900 / 1800 / 1900,"1, 3, 7, 8, 20, 28, 40",,,GPS,,Yes,,,H602,,,"Glass front, plastic frame, plastic back",FM radio,,Android 10,"HSPA 42.2/11.5 Mbps, LTE Cat4 150/50 Mbps",,,IPS LCD,174 g (6.14 oz),"Fingerprint (rear-mounted), accelerometer, proximity",32GB 3GB RAM,"6.52 inches, 102.6 cm2(~80.9% screen-to-body ratio)","Blue, Green, Gray",,,Li-Po 4000 mAh,,,,GSM / HSPA / LTE,HSDPA 900 / 2100,Wi-Fi 802.11 b/g/n,No,Gionee S12 Lite,https://fdn2.gsmarena.com/vv/bigpic/gionee-s12-lite.jpg,"LED flash, HDR",,"2020, September 29",,1080p@30fps,,"microUSB 2.0, OTG",Mediatek MT6762D Helio A25 (12 nm),"13 MP, (wide), AF5 MP, (ultrawide)2 MP (depth)",,Octa-core (4x1.8 GHz Cortex-A53 & 4x1.5 GHz Cortex-A53),"720 x 1600 pixels, 20:9 ratio (~269 ppi density)",,Gionee,,,,Yes,8 MP,,PowerVR GE8320,1080p@30fps,,"Available. Released 2020, October 05",,Nano-SIM + Nano-SIM,
eMMC 5.1,microSDXC,,164.6 x 76.6 x 8.8 mm (6.48 x 3.02 x 0.35 in),"4.2, A2DP",GSM 850 / 900 / 1800 / 1900,"1, 3, 7, 8, 20, 28, 40",,,GPS,,Yes,,,,,,"Glass front, plastic frame, plastic back",FM radio,,Android 10,"HSPA 42.2/11.5 Mbps, LTE Cat4 150/50 Mbps",,,IPS LCD,181 g (6.38 oz),"Fingerprint (rear-mounted), accelerometer, proximity",64GB 4GB RAM,"6.52 inches, 102.6 cm2(~81.4% screen-to-body ratio)","Black, Blue",,,Li-Po 4000 mAh,,,,GSM / HSPA / LTE,HSDPA 900 / 2100,Wi-Fi 802.11 b/g/n,No,Gionee S12,https://fdn2.gsmarena.com/vv/bigpic/gionee-s12.jpg,"LED flash, HDR, panorama",,"2020, July",,1080p@30fps,,USB Type-C 2.0,Mediatek MT6762D Helio A25 (12 nm),"16 MP, (wide), AF8 MP, (ultrawide)2 MP (depth)",About 140 EUR,Octa-core (4x1.8 GHz Cortex-A53 & 4x1.5 GHz Cortex-A53),"720 x 1600 pixels, 20:9 ratio (~269 ppi density)",,Gionee,,,,Yes,13 MP,,PowerVR GE8320,1080p@30fps,,"Available. Released 2020, July 15",,Nano-SIM + Nano-SIM,
,microSDXC,,-,"4.2, A2DP",GSM 850 / 900 / 1800 / 1900,LTE,,,GPS,,"Yes, with stereo speakers",,,,,,"Glass front, aluminum frame, aluminum back",FM radio,,Android,"HSPA, LTE",,,IPS LCD,305 g (10.76 oz),"Fingerprint (rear-mounted), accelerometer, proximity",128GB 8GB RAM,"6.0 inches, 92.9 cm2",Black,,8 MP,Li-Po 10000 mAh,,,,GSM / HSPA / LTE,HSDPA 850 / 900 / 2100,"Wi-Fi 802.11 b/g/n, hotspot",No,Gionee M30,https://fdn2.gsmarena.com/vv/bigpic/gionee-m30.jpg,LED flash,,"2020, August 25",,1080p@30fps,,"USB Type-C 2.0, OTG",Mediatek MT6771 Helio P60 (12 nm),,About 170 EUR,Octa-core (4x2.0 GHz Cortex-A73 & 4x2.0 GHz Cortex-A53),"720 x 1440 pixels, 18:9 ratio (~268 ppi density)",,Gionee,,,,Yes,"16 MP, (wide), AF",,Mali-G72 MP3,1080p@30fps,25W wired,"Available. Released 2020, August 31",,Nano-SIM + Nano-SIM,
eMMC 5.1,microSDXC (dedicated slot),,148 x 70.9 x 10.8 mm (5.83 x 2.79 x 0.43 in),"4.2, A2DP",GSM 850 / 900 / 1800 / 1900,"1, 3, 5, 8, 38, 40, 41",,,GPS,,Yes,,,,,,,FM radio,,Android 10,"HSPA, LTE",,,IPS LCD,185 g (6.53 oz),"Accelerometer, proximity",32GB 2GB RAM,"6.1 inches, 91.3 cm2(~87.0% screen-to-body ratio)","Black, Red, Royal Blue",,,Li-Po 5000 mAh,,0.41 W/kg (head)     0.90 W/kg (body),,GSM / HSPA / LTE,HSDPA 900 / 2100,Wi-Fi 802.11 a/b/g/n/ac,No,Gionee Max,https://fdn2.gsmarena.com/vv/bigpic/gionee-max.jpg,LED flash,,"2020, August 25",,1080p@24fps,,"microUSB 2.0, OTG",Unisoc SC9863A (28 nm),,About 70 EUR,Octa-core (4x1.6 GHz Cortex-A55 & 4x1.2 GHz Cortex-A55),"720 x 1560 pixels, 19.5:9 ratio (~282 ppi density)",,Gionee,"13 MP, (wide), AF0.3 MP (depth)",,,Yes,5 MP,,IMG8322,,,"Available. Released 2020, August 31",,Nano-SIM + Nano-SIM,
CDMA 800 & TD-SCDMA,microSDXC,,164.3 x 77.6 x 9.7 mm (6.47 x 3.06 x 0.38 in),"4.0, A2DP",GSM 850 / 900 / 1800 / 1900,"1, 3, 5, 7, 8, 38, 39, 40, 41",,,GPS,,Yes,,,,,,,FM radio,,Android 9.0 (Pie),"HSPA, LTE",,,IPS LCD,205 g (7.23 oz),"Fingerprint (rear-mounted), accelerometer, proximity","128GB 6GB RAM, 128GB 8GB RAM","6.53 inches, 102.9 cm2(~80.7% screen-to-body ratio)","Jade Green, Pearl White",,,Li-Po 4000 mAh,,,,GSM / CDMA / HSPA / LTE,HSDPA 850 / 900 / 1900 / 2100,Wi-Fi 802.11 b/g/n,No,Gionee K3 Pro,https://fdn2.gsmarena.com/vv/bigpic/gionee-k3-pro.jpg,"LED flash, HDR, panorama",,"2020, August 24",,1080p@30fps,eMMC 5.1,USB Type-C 2.0,Mediatek MT6771 Helio P60 (12 nm),"16 MP, f/2.0, (wide), 1/3.1"", 1.0µm, AF2 other unknown cameras",About 80 EUR,Octa-core (4x2.0 GHz Cortex-A73 & 4x2.0 GHz Cortex-A53),"720 x 1600 pixels, 20:9 ratio (~269 ppi density)",,Gionee,,,,Yes,"13 MP, f/2.0, (wide), 1/3.1"", 1.12µm",,Mali-G72 MP3,1080p@30fps,10W wired,"Available. Released 2020, September",,Nano-SIM + Nano-SIM,
CDMA 800 & TD-SCDMA,microSDXC (dedicated slot),,157.6 x 75.9 x 10.2 mm (6.20 x 2.99 x 0.40 in),"4.2, A2DP, LE",GSM 850 / 900 / 1800 / 1900,"1, 3, 5, 7, 8, 38, 39, 40, 41",,,GPS,,Yes,,,20190418Q,,,,FM radio,,Android 7.1 (Nougat),"HSPA, LTE",,,IPS LCD,192 g (6.77 oz),"Fingerprint (rear-mounted), accelerometer, proximity","128GB 6GB RAM, 128GB 8GB RAM","6.2 inches, 94.4 cm2(~78.9% screen-to-body ratio)","Black, Blue",,,Li-Po 4350 mAh,,,,GSM / CDMA / HSPA / LTE,HSDPA 850 / 900 / 1900 / 2100,Wi-Fi 802.11 b/g/n,No,Gionee K6,https://fdn2.gsmarena.com/vv/bigpic/gionee-k6.jpg,"LED flash, HDR, panorama",,"2020, May 21",,1080p@30fps,eMMC 5.1,microUSB 2.0,Mediatek MT6771 Helio P60 (12 nm),"16 MP, f/2.0, 26mm (wide), 1/3.1"", 1.0µm, AF2 other unknown cameras",About 100 EUR,Octa-core (4x2.0 GHz Cortex-A73 & 4x2.0 GHz Cortex-A53),"720 x 1560 pixels, 19.5:9 ratio (~277 ppi density)",,Gionee,,,,Yes,"13 MP, (wide), 1/3.1"", 1.12µm",,Mali-G72 MP3,1080p@30fps,10W wired,"Available. Released 2020, May 27",,Nano-SIM + Nano-SIM,
CDMA 800 & TD-SCDMA,microSDXC,,148.4 x 70.7 x 8 mm (5.84 x 2.78 x 0.31 in),"4.2, A2DP, LE",GSM 850 / 900 / 1800 / 1900,"1, 3, 5, 7, 8, 38, 39, 40, 41",,,GPS,,Yes,,,F205,,,"Glass front, aluminum back, aluminum frame",FM radio,,"Android 7.1 (Nougat), Amigo 5","HSPA, LTE",,,IPS LCD,135.6 g (4.80 oz),"Accelerometer, proximity, compass",16GB 2GB RAM,"5.45 inches, 76.7 cm2(~73.1% screen-to-body ratio)","Gold, Red, Blue",,5 MP,"Li-Ion 2670 mAh, non-removable",,,,GSM / CDMA / HSPA / LTE,HSDPA 850 / 900 / 1900 / 2100,Wi-Fi 802.11 b/g/n,No,Gionee F205,https://fdn2.gsmarena.com/vv/bigpic/gionee-f205.jpg,"LED flash, HDR, panorama",,"2018, January",,720p@30fps,eMMC 5.1,microUSB 2.0,Mediatek MT6739 (28 nm),,About 130 EUR,Quad-core 1.3 GHz Cortex-A53,"720 x 1440 pixels, 18:9 ratio (~295 ppi density)",,Gionee,,,,Yes,"8 MP, AF",,PowerVR GE8100,,,"Available. Released 2018, January",,Nano-SIM + Nano-SIM,
CDMA 800 & TD-SCDMA,microSDXC,,155.8 x 72.6 x 7 mm (6.13 x 2.86 x 0.28 in),"4.2, A2DP, LE",GSM 850 / 900 / 1800 / 1900 - SIM 1 & SIM 2,"1, 2, 3, 4, 5, 7, 8, 12, 34, 38, 39, 40, 41",,,GPS,,Yes,,,,,,"Glass front, glass back, aluminum frame",FM radio,,"Android 7.1 (Nougat), Amigo 5","HSPA, LTE",,,AMOLED,177 g (6.24 oz),"Fingerprint (rear-mounted), accelerometer, gyro, proximity, compass",64GB 6GB RAM,"6.01 inches, 93.2 cm2(~82.4% screen-to-body ratio)","Silver, Gold",,,"Li-Po 3600 mAh, non-removable",,,,GSM / CDMA / HSPA / LTE,HSDPA 850 / 900 / 1900 / 2100,Wi-Fi 802.11 b/g/n,Yes,Gionee S11S,https://fdn2.gsmarena.com/vv/bigpic/gionee-s11s.jpg,"LED flash, HDR, panorama",,"2017, November. Released 2017, December",,1080p@30fps,,"microUSB 2.0, OTG",Mediatek MT6758 Helio P30 (16 nm),,About 500 EUR,Octa-core (4x2.3 GHz Cortex-A53 & 4x1.65 GHz Cortex A53),"1080 x 2160 pixels, 18:9 ratio (~402 ppi density)",,Gionee,"16 MP, AF8 MP","20 MP, f/2.0, (wide), 1/2.8"", 1.0µm8 MP",,Yes,,,Mali-G71 MP2,,,Discontinued,,Nano-SIM + Nano-SIM,
CDMA 800 & TD-SCDMA,microSDXC (uses shared SIM slot),,159.5 x 77.7 x 7.8 mm (6.28 x 3.06 x 0.31 in),"4.0, A2DP",GSM 850 / 900 / 1800 / 1900 - SIM 1 & SIM 2,"1, 2, 3, 4, 5, 7, 8, 12, 34, 38, 39, 40, 41",,,GPS,,Yes,,,,,,,FM radio,,"Android 7.1 (Nougat), Amigo 5","HSPA 42.2/5.76 Mbps, LTE (2CA) Cat6 300/50 Mbps",,,IPS LCD,165 g (5.82 oz),"Fingerprint (rear-mounted), accelerometer, gyro, proximity, compass",64GB 4GB RAM,"5.99 inches, 92.6 cm2(~74.7% screen-to-body ratio)","Moonlight blue, space gold, cherry powder",,,"Li-Po 3410 mAh, non-removable",,,,GSM / CDMA / HSPA / LTE,HSDPA 850 / 900 / 1900 / 2100,Wi-Fi 802.11 b/g/n,No,Gionee S11,https://fdn2.gsmarena.com/vv/bigpic/gionee-s11.jpg,"LED flash, HDR, panorama",,"2017, November. Released 2017, December",,1080p@30fps,eMMC 5.1,"microUSB 2.0, OTG",Mediatek MT6763T Helio P23 (16 nm),,About 320 EUR,Octa-core 2.5 GHz Cortex-A53,"1080 x 2160 pixels, 18:9 ratio (~403 ppi density)",,Gionee,"16 MP, AF5 MP, f/2.4, (depth)","16 MP, f/2.0, 26mm (wide), 1/3.06"", 1.0µm8 MP",,Yes,,,Mali-G71 MP2,,,Discontinued,,Nano-SIM + Nano-SIM,
CDMA 800 & TD-SCDMA,microSDXC (uses shared SIM slot),,153.8 x 72.6 x 7.9 mm (6.06 x 2.86 x 0.31 in),"4.0, A2DP",GSM 850 / 900 / 1800 / 1900 - SIM 1 & SIM 2,LTE,,,GPS,,Yes,,,S11 lite,,,,FM radio,,"Android 7.1 (Nougat), Amigo 5","HSPA, LTE",,,IPS LCD,141 g (4.97 oz),"Fingerprint (rear-mounted), accelerometer, proximity, compass",32GB 4GB RAM,"5.7 inches, 83.8 cm2(~75.1% screen-to-body ratio)","Gold, Dark Blue, Black",,,"Li-Ion 3030 mAh, non-removable",,,,GSM / CDMA / HSPA / LTE,HSDPA 850 / 900 / 1900 / 2100,Wi-Fi 802.11 b/g/n,No,Gionee S11 lite,https://fdn2.gsmarena.com/vv/bigpic/gionee-s11-mini-.jpg,"LED flash, HDR, panorama",,"2017, November. Released 2018, February",,1080p@30fps,eMMC 5.1,"microUSB 2.0, OTG",Qualcomm MSM8937 Snapdragon 430 (28 nm),,About 200 EUR,Octa-core 1.4 GHz Cortex-A53,"720 x 1440 pixels, 18:9 ratio (~282 ppi density)",,Gionee,"13 MP, f/2.2, AF2 MP, (depth)",,,Yes,"16 MP, f/2.0, 26mm (wide), 1/3.06"", 1.0µm",,Adreno 505,,,Discontinued,,Nano-SIM + Nano-SIM,
CDMA 800 & TD-SCDMA,microSDXC,,166.5 x 81.6 x 8.7 mm (6.56 x 3.21 x 0.34 in),"5.0, A2DP, LE",GSM 850 / 900 / 1800 / 1900 - SIM 1 & SIM 2,"1, 3, 4, 5, 7, 8, 12, 34, 38, 39, 40, 41",,,GPS,Yes,Yes,,,,,,"Glass front, aluminum/leather back, aluminum frame",FM radio,,"Android 7.1 (Nougat), Amigo 5","HSPA 42.2/5.76 Mbps, LTE (2CA) Cat6 300/50 Mbps",,,AMOLED,241 g (8.50 oz),"Fingerprint (rear-mounted), accelerometer, gyro, proximity, compass",128GB 6GB RAM,"6.43 inches, 106.7 cm2(~78.5% screen-to-body ratio)",Blue,,,"Li-Po 5000 mAh, non-removable",,,,GSM / CDMA / HSPA / LTE,HSDPA 850 / 900 / 1900 / 2100,Wi-Fi 802.11 b/g/n,Yes,Gionee M7 Plus,https://fdn2.gsmarena.com/vv/bigpic/gionee-m7-plus.jpg,"LED flash, HDR, panorama",,"2017, November. Released 2018, July",,1080p@30fps,eMMC 5.1,"microUSB 2.0, OTG",Qualcomm SDM660 Snapdragon 660 (14 nm),,About 670 EUR,Octa-core (4x2.2 GHz Kryo 260 Gold & 4x1.8 GHz Kryo 260 Silver),"1080 x 2160 pixels, 18:9 ratio (~376 ppi density)",,Gionee,"16 MP, AF8 MP",,,Yes,8 MP,,Adreno 512,,10W wired,Discontinued,,Nano-SIM + Nano-SIM,
eMMC 5.1,microSDXC (uses shared SIM slot),,156.4 x 76.7 x 8.6 mm (6.16 x 3.02 x 0.34 in),"4.1, A2DP, LE",GSM 850 / 900 / 1800 / 1900 - SIM 1 & SIM 2,"1, 3, 5, 7, 8, 38, 39, 40, 41",,Up to 56 h (3G),"GPS, GLONASS, BDS",,Yes,,,M7 Power,,,"Glass front (Gorilla Glass 3), aluminum back, aluminum frame",FM radio,,"Android 7.1.1 (Nougat), Amigo 5","HSPA 42.2/5.76 Mbps, LTE Cat4 150/50 Mbps",,,IPS LCD,199 g (7.02 oz),"Fingerprint (rear-mounted), accelerometer, proximity, compass",64GB 4GB RAM,"6.0 inches, 92.9 cm2(~77.4% screen-to-body ratio)","Dark blue, black, gold",,"8 MP, f/2.2","Li-Po 5000 mAh, non-removable",,,Corning Gorilla Glass 3,GSM / HSPA / LTE,HSDPA 850 / 900 / 1900 / 2100,Wi-Fi 802.11 b/g/n,No,Gionee M7 Power,https://fdn2.gsmarena.com/vv/bigpic/gionee-m7-power-.jpg,"LED flash, HDR, panorama",Up to 625 h (3G),"2017, October. Released 2017, November",,1080p@30fps,,"microUSB 2.0, OTG",Qualcomm MSM8940 Snapdragon 435 (28 nm),,About 260 EUR,Octa-core 1.4 GHz Cortex-A53,"720 x 1440 pixels, 18:9 ratio (~268 ppi density)",,Gionee,,,,Yes,"13 MP, f/2.0, AF",,Adreno 505,,,Discontinued,,Nano-SIM + Nano-SIM,
CDMA 800 & TD-SCDMA,microSDXC,,157 x 76 x 7.2 mm (6.18 x 2.99 x 0.28 in),"4.2, A2DP",GSM 850 / 900 / 1800 / 1900 - SIM 1 & SIM 2,"1, 3, 5, 7, 8, 34, 38, 39, 40, 41",,,GPS,Yes,Yes,,,,,,"Glass front, aluminum back, aluminum frame","FM radio, recording",,"Android 7.1 (Nougat), Amigo 5","HSPA 42.2/5.76 Mbps, LTE Cat4 150/50 Mbps",,,AMOLED,180 g (6.35 oz),"Fingerprint (rear-mounted), accelerometer, gyro, proximity, compass",64GB 6GB RAM,"6.01 inches, 93.2 cm2(~78.1% screen-to-body ratio)","Sapphire Blue, Star Blue, Maple Red, Champagne Gold, Black",,,"Li-Po 4000 mAh, non-removable",,,,GSM / CDMA / HSPA / LTE,HSDPA 850 / 900 / 1900 / 2100,Wi-Fi 802.11 b/g/n,Yes,Gionee M7,https://fdn2.gsmarena.com/vv/bigpic/gionee-m7.jpg,"LED flash, HDR, panorama",,"2017, September. Released 2017, September",,1080p@30fps,,"microUSB 2.0, OTG",Mediatek MT6758 Helio P30 (16 nm),,About 360 EUR,Octa-core (4x2.3 GHz Cortex-A53 & 4x1.65 GHz Cortex A53),"1080 x 2160 pixels, 18:9 ratio (~402 ppi density)",,Gionee,"16 MP, AF8 MP",,,Yes,8 MP,,Mali-G71 MP2,,10W wired,Discontinued,,Nano-SIM + Nano-SIM,
eMMC 5.0,microSDXC (dedicated slot),,150.4 x 73.5 x 8.8 mm (5.92 x 2.89 x 0.35 in),"4.0, A2DP",GSM 850 / 900 / 1800 / 1900 - SIM 1 & SIM 2,LTE,,,GPS,Yes,Yes,,,"X1S, SWW1627",,Yes,,FM radio,,"Android 7 (Nougat), Amigo 4","HSPA 42.2/5.76 Mbps, LTE Cat4 150/50 Mbps",,,IPS LCD,166 g (5.86 oz),"Fingerprint (rear-mounted), accelerometer, proximity",16GB 3GB RAM,"5.2 inches, 74.5 cm2(~67.4% screen-to-body ratio)","Black, Gold",,"16 MP, f/2.0, 26mm (wide), 1/3.06"", 1.0µm","Li-Ion 4000 mAh, non-removable",,,Corning Gorilla Glass 3,GSM / HSPA / LTE,HSDPA,Wi-Fi 802.11 b/g/n,No,Gionee X1s,https://fdn2.gsmarena.com/vv/bigpic/gionee-x1s.jpg,"Dual-LED dual-tone flash, HDR, panorama",,"2017, September. Released 2017, September",,1080p@30fps,,microUSB 2.0,Mediatek MT6737T (28 nm),,About 13000 INR,Quad-core 1.5 GHz Cortex-A53,"720 x 1280 pixels, 16:9 ratio (~282 ppi density)",,Gionee,,,,Yes,"13 MP, AF",,Mali-T720,1080p@30fps,,Discontinued,Yes,Dual SIM,
eMMC 5.0,microSDXC,,144.3 x 72.2 x 8.8 mm (5.68 x 2.84 x 0.35 in),"4.0, A2DP",GSM 850 / 900 / 1800 / 1900 - SIM 1 & SIM 2,LTE,,,GPS,,Yes,,,X1,,Yes,,FM radio,,"Android 7 (Nougat), Amigo 5","HSPA 42.2/5.76 Mbps, LTE Cat4 150/50 Mbps",,,IPS LCD,-,"Fingerprint (rear-mounted), accelerometer, proximity",16GB 2GB RAM,"5.0 inches, 68.9 cm2(~66.2% screen-to-body ratio)","Black, Gold",,"8 MP, f/2.0, 1/4.0"", 1.12µm","Li-Ion 3000 mAh, non-removable",,,,GSM / HSPA / LTE,HSDPA,Wi-Fi 802.11 b/g/n,No,Gionee X1,https://fdn2.gsmarena.com/vv/bigpic/gionee-x1.jpg,"Dual-LED dual-tone flash, HDR, panorama",,"2017, August. Released 2017, August",,1080p@30fps,,microUSB 2.0,Mediatek MT6737 (28 nm),,About 9000 INR,Quad-core 1.3 GHz Cortex-A53,"720 x 1280 pixels, 16:9 ratio (~294 ppi density)",,Gionee,,,,Yes,"8 MP, AF",,Mali-T720,720p,,Discontinued,Yes,Dual SIM,
eMMC 5.0,microSDXC,,154.4 x 76.6 x 9.2 mm (6.08 x 3.02 x 0.36 in),"4.0, A2DP",GSM 850 / 900 / 1800 / 1900 - SIM 1 & SIM 2,LTE,,,GPS,Yes,Yes,,,,,Yes,,FM radio,,"Android 6.0 (Marshmallow), Amigo 3.2","HSPA 42.2/5.76 Mbps, LTE Cat4 150/50 Mbps",,,IPS LCD,-,"Accelerometer, proximity, compass",32GB 3GB RAM,"5.5 inches, 83.4 cm2(~70.5% screen-to-body ratio)","Gold, Gray, White",,"8 MP, f/2.2","Li-Ion 3150 mAh, non-removable",,,Corning Gorilla Glass (unspecified version),GSM / HSPA / LTE,HSDPA,"Wi-Fi 802.11 b/g/n, Wi-Fi Direct",No,Gionee P8 Max,https://fdn2.gsmarena.com/vv/bigpic/gionee-p8-max.jpg,"LED flash, HDR, panorama",,"2017, June. Released 2017, Q4",,1080p@30fps,,microUSB 2.0,Mediatek MT6737T (28 nm),,,Quad-core 1.5 GHz Cortex-A53,"720 x 1280 pixels, 16:9 ratio (~267 ppi density)",,Gionee,,,,Yes,"13 MP, f/2.2, AF",,Mali-T720,,10W wired,Discontinued,Yes,Dual SIM,
,microSDXC (dedicated slot),,150.5 x 74.4 x 8 mm (5.93 x 2.93 x 0.31 in),"4.1, A2DP, LE",GSM 850 / 900 / 1800 / 1900 - SIM 1 & SIM 2,LTE,LED flash,,GPS,,Yes,,,A1 lite,,,,FM radio,,"Android 7 (Nougat), Amigo 4","HSPA, LTE",,,IPS LCD,161 g (5.68 oz),"Fingerprint (rear-mounted), accelerometer, gyro, proximity, compass",32GB 3GB RAM,"5.3 inches, 77.4 cm2(~69.2% screen-to-body ratio)","Gold, Black",,"20 MP, f/2.0, (wide), 1/2.8"", 1.0µm","Li-Ion 4000 mAh, non-removable",,,Corning Gorilla Glass 3,GSM / HSPA / LTE,HSDPA 850 / 900 / 1900 / 2100,Wi-Fi 802.11 b/g/n,No,Gionee A1 Lite,https://fdn2.gsmarena.com/vv/bigpic/gionee-a1-lite-.jpg,"Dual-LED flash, HDR",,"2017, June. Released 2017, August",,1080p@30fps,,microUSB 2.0,Mediatek MT6753 (28 nm),,About 15000 INR,Octa-core 1.3 GHz Cortex-A53,"720 x 1280 pixels, 16:9 ratio (~277 ppi density)",,Gionee,,,,Yes,"13 MP, f/2.0, 1/3.1"", 1.12µm, PDAF",,Mali-T720MP3,,,Discontinued,,Dual SIM,
CDMA 800 & TD-SCDMA,microSDXC (uses shared SIM slot),,155 x 76.8 x 7.4 mm (6.10 x 3.02 x 0.29 in),"4.0, A2DP, LE",GSM 850 / 900 / 1800 / 1900 - SIM 1 & SIM 2,"1, 3, 5, 7, 8, 34, 38, 39, 40, 41",,,GPS,,Yes,,,S10BL,,,,FM radio; recording,,"Android 7 (Nougat), Amigo 4","HSPA 42.2/5.76 Mbps, LTE (2CA) Cat6 300/50 Mbps",,,IPS LCD,178 g (6.28 oz),"Fingerprint (front-mounted), accelerometer, gyro, proximity, compass",64GB 4GB RAM,"5.5 inches, 83.4 cm2(~70.1% screen-to-body ratio)","Cherry Gold, Dark Black, Indigo Blue, Primrose Green",,,"Li-Po 3450 mAh, non-removable",,,,GSM / CDMA / HSPA / LTE,HSDPA 850 / 900 / 1900 / 2100,"Wi-Fi 802.11 a/b/g/n/ac, dual-band, Wi-Fi Direct",No,Gionee S10,https://fdn2.gsmarena.com/vv/bigpic/gionee-s10.jpg,"LED flash, HDR, panorama",,"2017, May. Released 2017, July",,1080p@30fps,,"microUSB 2.0, OTG",Mediatek MT6757T Helio P25 (16 nm),,About 340 EUR,Octa-core (4x2.5 GHz Cortex-A53 & 4x1.4 GHz Cortex-A53),"1080 x 1920 pixels, 16:9 ratio (~401 ppi density)",,Gionee,"16 MP, AF8 MP","20 MP, f/2.0, (wide), 1/2.8"", 1.0µm8 MP",,Yes,,,Mali-T880MP2,,,Discontinued,,Nano-SIM + Nano-SIM,
CDMA 800 & TD-SCDMA,microSDXC (uses shared SIM slot),,154.5 x 76 x 7.6 mm (6.08 x 2.99 x 0.30 in),"4.0, A2DP, LE",GSM 850 / 900 / 1800 / 1900 - SIM 1 & SIM 2,"1, 3, 5, 7, 8, 34, 38, 39, 40, 41",,,GPS,,Yes,,,,,,,FM radio,,"Android 7 (Nougat), Amigo 4","HSPA 42.2/5.76 Mbps, LTE Cat4 150/50 Mbps",,,IPS LCD,176 g (6.21 oz),"Fingerprint (front-mounted), accelerometer, gyro, proximity, compass",64GB 4GB RAM,"5.5 inches, 83.4 cm2(~71.0% screen-to-body ratio)","Black, Gold",,,"Li-Po 3700 mAh, non-removable",,,,GSM / CDMA / HSPA / LTE,HSDPA 850 / 900 / 1900 / 2100,"Wi-Fi 802.11 a/b/g/n/ac, dual-band, Wi-Fi Direct",No,Gionee S10B,https://fdn2.gsmarena.com/vv/bigpic/gionee-s10b.jpg,"Dual-LED dual-tone flash, HDR, panorama",,"2017, May. Released 2017, July",,1080p@30fps,eMMC 5.1,microUSB 2.0,Mediatek MT6755 Helio P10 (28 nm),,About 220 EUR,Octa-core (4x1.8 GHz Cortex-A53 & 4x1.0 GHz Cortex-A53),"1080 x 1920 pixels, 16:9 ratio (~401 ppi density)",,Gionee,"13 MP, PDAF5 MP, f/2.4, (depth)",,,Yes,"16 MP, f/2.0, 26mm (wide), 1/3.06"", 1.0µm",,Mali-T860MP2,,,Discontinued,,Nano-SIM + Nano-SIM,
CDMA 800 TD-SCDMA,microSDXC (uses shared SIM slot),,148.7 x 73.7 x 7.9 mm (5.85 x 2.90 x 0.31 in),"4.0, A2DP, LE",GSM 850 / 900 / 1800 / 1900 - SIM 1 & SIM 2,"1, 3, 5, 7, 8, 34, 38, 39, 40, 41",,,GPS,,Yes,,,,,,,FM radio,,"Android 7.1.1 (Nougat), Amigo 5","HSPA 42.2/5.76 Mbps, LTE Cat4 150/50 Mbps",,,IPS LCD,151 g (5.33 oz),"Fingerprint (front-mounted), accelerometer, proximity, compass",32GB 4GB RAM,"5.2 inches, 74.5 cm2(~68.0% screen-to-body ratio)","Black, Gold, Green",,"16 MP, f/2.0, 26mm (wide), 1/3.06"", 1.0µm","Li-Po 3100 mAh, non-removable",,,,GSM / CDMA / HSPA / LTE,HSDPA 850 / 900 / 1900 / 2100,"Wi-Fi 802.11 b/g/n, Wi-Fi Direct",No,Gionee S10C,https://fdn2.gsmarena.com/vv/bigpic/gionee-s10c.jpg,"LED flash, HDR, panorama",,"2017, May. Released 2017, July",,1080p@30fps,eMMC 5.1,microUSB 2.0,Qualcomm MSM8920 Snapdragon 427 (28 nm),,About 180 EUR,Quad-core 1.4 GHz Cortex-A53,"720 x 1280 pixels, 16:9 ratio (~282 ppi density)",,Gionee,,,,Yes,"13 MP, f/2.0, PDAF",,Adreno 308,,,Discontinued,,Hybrid Dual SIM,
CDMA 800 / 1900,microSDXC (dedicated slot),,163.3 x 80.9 x 8.3 mm (6.43 x 3.19 x 0.33 in),"4.0, A2DP",GSM 850 / 900 / 1800 / 1900 - SIM 1 & SIM 2,"1, 3, 5, 7, 38, 39, 40, 41",,Up to 51 h (3G),GPS,Yes,Yes,,,,,,,"FM radio, RDS, recording",,"Android 6.0 (Marshmallow), Amigo 3.5","HSPA, LTE",,,AMOLED,215 g (7.58 oz),"Fingerprint (front-mounted), accelerometer, gyro, proximity, compass","64GB 6GB RAM, 256GB 6GB RAM","6.0 inches, 99.2 cm2(~75.1% screen-to-body ratio)",Black,,"8 MP, f/2.0, 1/4.0"", 1.12µm","Li-Po 6020 mAh, non-removable",,,,GSM / CDMA / HSPA / EVDO / LTE,HSDPA 850 / 900 / 1900 / 2100,"Wi-Fi 802.11 b/g/n, Wi-Fi Direct",No,Gionee M6s Plus,https://fdn2.gsmarena.com/vv/bigpic/gionee-m6s-plus.jpg,"Dual-LED dual-tone flash, panorama, HDR",Up to 843 h (3G),"2017, April. Released 2017, May",eMMC 5.1,1080p@30fps,CDMA2000 1xEV-DO / TD-SCDMA,"microUSB 2.0, OTG",Qualcomm MSM8976 Pro Snapdragon 653 (28 nm),,About 460 EUR,Octa-core (4x1.95 GHz Cortex-A72 & 4x1.44 GHz Cortex-A53),"1080 x 1920 pixels, 16:9 ratio (~367 ppi density)",,Gionee,,,,Yes,"12 MP, f/1.9, 1/2.55"", 1.4µm, PDAF",,Adreno 510,,"18W wired, QC3Reverse wired",Discontinued,,Nano-SIM + Nano-SIM,
,microSDXC (uses shared SIM slot),,166.4 x 83.3 x 9.1 mm (6.55 x 3.28 x 0.36 in),"4.0, A2DP",GSM 850 / 900 / 1800 / 1900 - SIM 1 & SIM 2,"1, 3, 7, 38, 39, 40, 41",,,GPS,,Yes,,,A1 Plus,,,,FM radio,,"Android 7 (Nougat), Amigo 4","HSPA 42.2/5.76 Mbps, LTE (2CA) Cat6 300/50 Mbps",,,IPS LCD,226 g (7.97 oz),"Fingerprint (rear-mounted), accelerometer, proximity, compass",64GB 4GB RAM,"6.0 inches, 99.2 cm2(~71.6% screen-to-body ratio)","Gray, Mocha Gold",,,"Li-Ion 4550 mAh, non-removable",,,,GSM / HSPA / LTE,HSDPA 850 / 900 / 1900 / 2100,"Wi-Fi 802.11 b/g/n, Wi-Fi Direct",No,Gionee A1 Plus,https://fdn2.gsmarena.com/vv/bigpic/gionee-a1-.jpg,"LED flash, HDR",,"2017, February. Released 2017, May",,1080p@30fps,,"USB Type-C, OTG",Mediatek MT6757T Helio P25 (16 nm),,About 370 EUR,Octa-core (4x2.5 GHz Cortex-A53 & 4x1.4 GHz Cortex-A53),"1080 x 1920 pixels, 16:9 ratio (~367 ppi density)",,Gionee,"13 MP, f/2.0, 1/3.1"", 1.12µm, PDAF5 MP, f/2.4, (depth)",,,Yes,"20 MP, f/2.0, (wide), 1/2.8"", 1.0µm",,Mali-T880MP2,,10W wired,Discontinued,,Nano-SIM + Nano-SIM,
eMMC 5.1,microSDXC (uses shared SIM slot),,154.5 x 76.5 x 8.3 mm (6.08 x 3.01 x 0.33 in),"4.0, A2DP",GSM 850 / 900 / 1800 / 1900 - SIM 1 & SIM 2,"1, 3, 7, 38, 39, 40, 41",,,GPS,,Yes,,,A1,,,,FM radio,,"Android 7 (Nougat), Amigo 4","HSPA 42.2/5.76 Mbps, LTE (2CA) Cat6 300/50 Mbps",,,IPS LCD,182 g (6.42 oz),"Fingerprint (front-mounted), accelerometer, gyro, proximity, compass",64GB 4GB RAM,"5.5 inches, 83.4 cm2(~70.6% screen-to-body ratio)","Black, Gray, Gold",,"16 MP, f/2.0, 26mm (wide), 1/3.06"", 1.0µm","Li-Ion 4010 mAh, non-removable",,,Corning Gorilla Glass (unspecified version),GSM / HSPA / LTE,HSDPA 850 / 900 / 1900 / 2100,"Wi-Fi 802.11 a/b/g/n, Wi-Fi Direct",No,Gionee A1,https://fdn2.gsmarena.com/vv/bigpic/gionee-a1.jpg,"LED flash, HDR",,"2017, February. Released 2017, April",,1080p@30fps,,"microUSB 2.0, OTG",Mediatek MT6755 Helio P10 (28 nm),,About 280 EUR,Octa-core (4x2.0 GHz Cortex-A53 & 4x1.0 GHz Cortex-A53),"1080 x 1920 pixels, 16:9 ratio (~401 ppi density)",,Gionee,,,,Yes,"13 MP, f/2.0, 1/3.1"", 1.12µm, PDAF",,Mali-T860MP2,,10W wired,Discontinued,,Nano-SIM + Micro-SIM,
CDMA2000 1xEV-DO / TD-SCDMA,microSDXC,,150 x 74.5 x 7.7 mm (5.91 x 2.93 x 0.30 in),"4.0, A2DP",GSM 850 / 900 / 1800 / 1900 - SIM 1 & SIM 2,"1, 2, 3, 5, 7, 8, 38",,,GPS,,Yes,,,,,,,FM radio,,Android 6.0 (Marshmallow),"HSPA, LTE",,,IPS LCD,162 g (5.71 oz),"Accelerometer, gyro, proximity, compass",32GB 4GB RAM,"5.3 inches, 77.4 cm2(~69.3% screen-to-body ratio)","Gold, Rose gold",,8 MP,"Li-Po 4000 mAh, non-removable",,,,GSM / HSPA / EVDO / LTE,HSDPA 850 / 900 / 1900 / 2100,"Wi-Fi 802.11 b/g/n, Wi-Fi Direct",No,Gionee F5,https://fdn2.gsmarena.com/vv/bigpic/gionee-f5.jpg,"LED flash, panorama, HDR",,"2017, January. Released 2017, February",,1080p@30fps,eMMC 5.1,microUSB 2.0,Mediatek MT6750 (28 nm),,About 250 EUR,Octa-core (4x1.5 GHz Cortex-A53 & 4x1.0 GHz Cortex-A53),"720 x 1280 pixels, 16:9 ratio (~277 ppi density)",,Gionee,,,,Yes,"13 MP, AF",,Mali-T860MP2,,,Discontinued,,Nano-SIM + Nano-SIM,
CDMA 800,No,,"155.2 x 77.6 x 7.4 mm, 10.8 cc (6.11 x 3.06 x 0.29 in)","4.0, A2DP",GSM 850 / 900 / 1800 / 1900 - SIM 1 & SIM 2,"1, 3, 4, 5, 7, 8, 38, 39, 40, 41",,Up to 25 h (3G),GPS,,Yes,,,,,,,FM radio,,"Android 6.0.1 (Marshmallow), Amigo 3.5","HSPA 42.2/5.76 Mbps, LTE (2CA) Cat6 300/50 Mbps",,,AMOLED,238 g (8.40 oz),"Fingerprint (front-mounted), accelerometer, gyro, proximity, compass",128GB 6GB RAM,"5.7 inches, 89.6 cm2(~74.4% screen-to-body ratio)","Black, Gold",,,"Li-Po 7000 mAh, non-removable",,,,GSM / CDMA / HSPA / LTE,HSDPA 850 / 900 / 1900 / 2100,"Wi-Fi 802.11 b/g/n, Wi-Fi Direct",No,Gionee M2017,https://fdn2.gsmarena.com/vv/bigpic/gionee-m2017.jpg,"LED flash, panorama, HDR",Up to 915 h (3G),"2016, December. Released 2016, December",,4K@30fps,eMMC 5.1,"USB Type-C 2.0, OTG",Qualcomm MSM8976 Pro Snapdragon 653 (28 nm),,About 1150 EUR,Octa-core (4x1.95 GHz Cortex-A72 & 4x1.4 GHz Cortex-A53),"1440 x 2560 pixels, 16:9 ratio (~515 ppi density)",,Gionee,"12 MP, PDAF13 MP, 2x optical zoom",,,No,8 MP,,Adreno 510,,"18W wired, QC3",Discontinued,,Nano-SIM + Nano-SIM,
CDMA2000 1xEV-DO / TD-SCDMA,microSDXC (dedicated slot),,144.3 x 70.5 x 8.6 mm (5.68 x 2.78 x 0.34 in),"4.0, A2DP",GSM 850 / 900 / 1800 / 1900 - SIM 1 & SIM 2,"1, 3, 7, 38, 39, 40, 41",,Up to 45 h (3G),GPS,,Yes,,,,,,,FM radio,,"Android 6.0 (Marshmallow), Amigo 3.5","HSPA, LTE",,,IPS LCD,160 g (5.64 oz),"Accelerometer, proximity, compass","16GB 3GB RAM, 32GB 3GB RAM","5.0 inches, 68.9 cm2(~67.7% screen-to-body ratio)","Jazz Gold, Gold Black",,5 MP,"Li-Po 4000 mAh, non-removable",,,S,GSM / HSPA / EVDO / LTE,HSDPA 900 / 2100,"Wi-Fi 802.11 b/g/n, Wi-Fi Direct",No,Gionee Steel 2,https://fdn2.gsmarena.com/vv/bigpic/gionee-steel-2.jpg,"LED flash, panorama, HDR",Up to 527 h (3G),"2016, December. Released 2017, January",,1080p@30fps,eMMC 5.0,microUSB 2.0,Mediatek MT6737 (28 nm),,About 210 EUR,Quad-core 1.25 GHz Cortex-A53,"720 x 1280 pixels, 16:9 ratio (~294 ppi density)",,Gionee,,,,Yes,"8 MP, AF",,Mali-T720MP2,,,Discontinued,,"Dual SIM (Micro-SIM, dual stand-by)",
3D Touch display,microSDXC (uses shared SIM slot),,154.2 x 76.4 x 7.4 mm (6.07 x 3.01 x 0.29 in),"4.0, A2DP",GSM 850 / 900 / 1800 / 1900 - SIM 1 & SIM 2,"1, 3, 7, 38, 39, 40, 41",,,GPS,,Yes,,,,,,,FM radio,,"Android 6.0.1 (Marshmallow), Amigo 3.5","HSPA 42.2/5.76 Mbps, LTE (2CA) Cat6 300/50 Mbps",,,IPS LCD,168.2 g (5.93 oz),"Fingerprint (rear-mounted), accelerometer, proximity, compass",64GB 4GB RAM,"5.5 inches, 83.4 cm2(~70.8% screen-to-body ratio)","Black, Gold, Rose Gold",,,"Li-Ion 3000 mAh, non-removable",,,Corning Gorilla Glass 4,GSM / HSPA / LTE,HSDPA 850 / 900 / 1900 / 2100,"Wi-Fi 802.11 b/g/n, Wi-Fi Direct",No,Gionee S9,https://fdn2.gsmarena.com/vv/bigpic/gionee-s9.jpg,"LED flash, panorama, HDR",,"2016, November. Released 2016, November",24-bit/192kHz audio,1080p@30fps,eMMC 5.1,"microUSB 2.0, OTG",Mediatek MT6755 Helio P10 (28 nm),,About 370 EUR,Octa-core (4x2.0 GHz Cortex-A53 & 4x1.0 GHz Cortex-A53),"1080 x 1920 pixels, 16:9 ratio (~401 ppi density)",,Gionee,"13 MP, PDAF5 MP, f/2.4, (depth)",,,Yes,13 MP,,Mali-T860MP2,,,Discontinued,,Nano-SIM + Nano-SIM,
CDMA2000 1xEV-DO / TD-SCDMA,microSDXC,,-,"4.0, A2DP",GSM 850 / 900 / 1800 / 1900 - SIM 1 & SIM 2,LTE,,,GPS,,Yes,,,P7,,,,FM radio,,"Android 6.0 (Marshmallow), Amigo 3.2","HSPA, LTE",,,IPS LCD,167 g (5.89 oz),"Accelerometer, proximity",16GB 2GB RAM,"5.0 inches, 68.9 cm2","White, Latte Gold, Grаy",,5 MP,"Li-Ion 2300 mAh, non-removable",,,S,GSM / HSPA / EVDO / LTE,HSDPA 850 / 900 / 1900 / 2100,"Wi-Fi 802.11 b/g/n, Wi-Fi Direct",No,Gionee P7,https://fdn2.gsmarena.com/vv/bigpic/gionee-p7.jpg,"LED flash, panorama, HDR",,"2016, December. Released 2016, December",,1080p@30fps,,"microUSB 2.0, OTG",,,About 140 EUR,Quad-core 1.3 GHz,"720 x 1280 pixels, 16:9 ratio (~294 ppi density)",,Gionee,,,,Yes,"8 MP, AF",,,,,Discontinued,,Dual SIM,
,microSDXC,,154 x 76.8 x 8.8 mm (6.06 x 3.02 x 0.35 in),"4.0, A2DP",GSM 850 / 900 / 1800 / 1900 - SIM 1 & SIM 2,LTE,,,GPS,,Yes,,,,,Yes,,FM radio,,"Android 6.0 (Marshmallow), Amigo 3.2","HSPA 42.2/5.76 Mbps, LTE Cat4 150/50 Mbps",,,IPS LCD,183 g (6.46 oz),"Accelerometer, proximity, compass",32GB 3GB RAM,"5.5 inches, 83.4 cm2(~70.5% screen-to-body ratio)",Gold,,5 MP,"Li-Ion 3100 mAh, removable",,,,GSM / HSPA / LTE,HSDPA,"Wi-Fi 802.11 b/g/n, Wi-Fi Direct",No,Gionee P7 Max,https://fdn2.gsmarena.com/vv/bigpic/gionee-p7-max-r.jpg,"LED flash, HDR, panorama",,"2016, October. Released 2016, October",,1080p@30fps,,microUSB 2.0,Mediatek MT6595,,About 190 EUR,Octa-core 2.2 GHz,"720 x 1280 pixels, 16:9 ratio (~267 ppi density)",,Gionee,,,,Yes,"13 MP, AF",,PowerVR G6200,,,Discontinued,Yes,Dual SIM,
,No,,145.3 x 70.5 x 8.5 mm (5.72 x 2.78 x 0.33 in),"4.0, A2DP",GSM 850 / 900 / 1800 / 1900 - SIM 1 & SIM 2,"3, 5, 40",,Up to 13 h 20 min (3G),GPS,,Yes,,,F103 Pro,,,,FM radio,,"Android 6.0 (Marshmallow), Amigo 3.2","HSPA 42.2/5.76 Mbps, LTE Cat4 150/50 Mbps",,,IPS LCD,143 g (5.04 oz),"Accelerometer, proximity, compass",16GB 3GB RAM,"5.0 inches, 68.9 cm2(~67.3% screen-to-body ratio)","Gold, White, Gray",,5 MP,"Li-Po 2400 mAh, removable",,0.54 W/kg (head)     0.75 W/kg (body),Asahi Dragontrail Glass,GSM / HSPA / LTE,HSDPA 900 / 1900 / 2100,"Wi-Fi 802.11 b/g/n, Wi-Fi Direct",No,Gionee F103 Pro,https://fdn2.gsmarena.com/vv/bigpic/gionee-f103-pro.jpg,"LED flash, HDR, panorama",Up to 387 h (3G),"2016, September. Released 2016, October",,1080p@30fps,,"microUSB 2.0, OTG",,,,Quad-core 1.3 GHz,"720 x 1280 pixels, 16:9 ratio (~294 ppi density)",,Gionee,,,,Yes,"13 MP, AF",,,,,Discontinued,,"Dual SIM (Micro-SIM, dual stand-by)",
,microSDXC (uses shared SIM slot),,154.5 x 75.6 x 8.3 mm (6.08 x 2.98 x 0.33 in),"4.0, A2DP",GSM 850 / 900 / 1800 / 1900 - SIM 1 & SIM 2,"3, 5, 40",LED flash,Up to 23 h (2G) / Up to 11 h 30 min (3G),GPS,,Yes,,,S6s,,,,FM radio,,"Android 6.0 (Marshmallow), upgradable to 7.0 (Nougat), Amigo 3.2","HSPA 42.2/5.76 Mbps, LTE Cat4 150/50 Mbps",,,IPS LCD,166 g (5.86 oz),"Fingerprint (rear-mounted), accelerometer, proximity, compass",32GB 3GB RAM,"5.5 inches, 83.4 cm2(~71.4% screen-to-body ratio)","Mocha Gold, Latte Gold",,"8 MP, f/2.2","Li-Po 3150 mAh, non-removable",,0.26 W/kg (head)     0.47 W/kg (body),Corning Gorilla Glass 3,GSM / HSPA / LTE,HSDPA 900 / 1900 / 2100,"Wi-Fi 802.11 b/g/n, Wi-Fi Direct",No,Gionee S6s,https://fdn2.gsmarena.com/vv/bigpic/gionee-s6s.jpg,"LED flash, panorama, HDR",Up to 400 h (2G) / Up to 394 h (3G),"2016, August. Released 2016, August",,1080p@30fps,,USB Type-C 2.0,Mediatek MT6753 (28 nm),,About 280 EUR,Octa-core 1.3 GHz Cortex-A53,"1080 x 1920 pixels, 16:9 ratio (~401 ppi density)",,Gionee,,,,Yes,"13 MP, f/2.0, 1/3.1"", 1.12µm, PDAF",,Mali-T720MP3,,,Discontinued,,Nano-SIM + Micro-SIM,
CDMA2000 1xEV-DO / TD-SCDMA,microSDXC (dedicated slot),,160.5 x 80.6 x 8.2 mm (6.32 x 3.17 x 0.32 in),"4.0, A2DP",GSM 850 / 900 / 1800 / 1900 - SIM 1 & SIM 2,"1, 3, 7, 38, 39, 40, 41",,,GPS,Yes,Yes,,,GN8002S,,,,"FM radio, RDS, recording",,"Android 6.0 (Marshmallow), Amigo 3.5","HSPA 42.2/5.76 Mbps, LTE (2CA) Cat6 300/50 Mbps",,,AMOLED,215 g (7.58 oz),"Fingerprint (rear-mounted), accelerometer, gyro, proximity, compass","64GB 4GB RAM, 128GB 4GB RAM","6.0 inches, 99.2 cm2(~76.7% screen-to-body ratio)",Champagne,,"8 MP, f/2.2, 1/4.0"", 1.12µm","Li-Po 6020 mAh, non-removable",,,,GSM / HSPA / EVDO / LTE,HSDPA 850 / 900 / 1900 / 2100,"Wi-Fi 802.11 b/g/n, Wi-Fi Direct",No,Gionee M6 Plus,https://fdn2.gsmarena.com/vv/bigpic/gionee-m6-plus.jpg,"Dual-LED flash, panorama, HDR",,"2016, July. Released 2016, September",,1080p@30fps,eMMC 5.1,"microUSB 2.0, OTG",Mediatek MT6755 Helio P10 (28 nm),,,Octa-core (4x2.0 GHz Cortex-A53 & 4x1.0 GHz Cortex-A53),"1080 x 1920 pixels, 16:9 ratio (~367 ppi density)",,Gionee,,,,No,"16 MP, f/1.8, PDAF",,Mali-T860MP2,,10W wiredReverse wired,Discontinued,,"Dual SIM (Micro-SIM, dual stand-by)",
CDMA2000 1xEV-DO / TD-SCDMA,microSDXC (dedicated slot),,152.3 x 75.3 x 8.2 mm (6.00 x 2.96 x 0.32 in),"4.0, A2DP",GSM 850 / 900 / 1800 / 1900 - SIM 1 & SIM 2,"1, 3, 7, 38, 39, 40, 41",,,GPS,Yes,Yes,,,"M6, GN8003",,,,"FM radio, RDS, recording",,"Android 6.0 (Marshmallow), Amigo 3.5","HSPA 42.2/5.76 Mbps, LTE (2CA) Cat6 300/50 Mbps",,,AMOLED,180 g (6.35 oz),"Fingerprint (rear-mounted), accelerometer, gyro, proximity, compass","64GB 4GB RAM, 128GB 4GB RAM","5.5 inches, 83.4 cm2(~72.7% screen-to-body ratio)","Champagne, Gold",,"8 MP, f/2.2, 1/4.0"", 1.12µm","Li-Po 5000 mAh, non-removable",,,,GSM / HSPA / EVDO / LTE,HSDPA 850 / 900 / 1900 / 2100,"Wi-Fi 802.11 b/g/n, Wi-Fi Direct",No,Gionee M6,https://fdn2.gsmarena.com/vv/bigpic/gionee-m6.jpg,"Dual-LED flash, panorama, HDR",,"2016, July. Released 2016, September",,1080p@30fps,eMMC 5.1,"microUSB 2.0, OTG",Mediatek MT6755 Helio P10 (28 nm),,,Octa-core (4x1.8 GHz Cortex-A53 & 4x1.0 GHz Cortex-A53),"1080 x 1920 pixels, 16:9 ratio (~401 ppi density)",,Gionee,,,,Yes,"13 MP, f/2.0, 1/3.1"", 1.12µm, PDAF",,Mali-T860MP2,,10W wiredReverse wired,Discontinued,,"Dual SIM (Micro-SIM, dual stand-by)",
CDMA2000 1xEV-DO / TD-SCDMA,microSDXC (uses shared SIM slot),,153 x 75.3 x 7.6 mm (6.02 x 2.96 x 0.30 in),"4.0, A2DP",GSM 850 / 900 / 1800 / 1900 - SIM 1 & SIM 2,"1, 3, 7, 38, 39, 40, 41",,Up to 38 h 30 min (3G),GPS,,Yes,,,S6 Pro,,,,FM radio,,"Android 6.0.1 (Marshmallow), Amigo 3.2","HSPA 42.2/5.76 Mbps, LTE (2CA) Cat6 300/50 Mbps",,,IPS LCD,170 g (6.00 oz),"Fingerprint (rear-mounted), accelerometer, gyro, proximity, compass",64GB 4GB RAM,"5.5 inches, 83.4 cm2(~72.4% screen-to-body ratio)","Gold, Silver, Rose Gold",,8 MP,"Li-Po 3130 mAh, non-removable",,,,GSM / HSPA / EVDO / LTE,HSDPA 850 / 900 / 1900 / 2100,"Wi-Fi 802.11 b/g/n, Wi-Fi Direct",No,Gionee S6 Pro,https://fdn2.gsmarena.com/vv/bigpic/gionee-s6-pro.jpg,"LED flash, panorama, HDR",Up to 558 h (3G),"2016, June. Released 2016, June",,1080p@30fps,eMMC 5.1,"USB Type-C 2.0, OTG",Mediatek MT6755 Helio P10 (28 nm),,About 390 EUR,Octa-core (4x1.8 GHz Cortex-A53 & 4x1.0 GHz Cortex-A53),"1080 x 1920 pixels, 16:9 ratio (~401 ppi density)",,Gionee,,,,Yes,"13 MP, f/2.0, PDAF",,Mali-T860MP2,,,Discontinued,,Nano-SIM + Micro-SIM,
,microSDHC (dedicated slot),,132 x 66 x 9.1 mm (5.20 x 2.60 x 0.36 in),"4.0, A2DP",GSM 850 / 900 / 1800 / 1900 - SIM 1 & SIM 2,,,,GPS,,Yes,,,P5 mini,,,,FM radio,,Android 5.0 (Lollipop),HSPA,,,IPS LCD,153 g (5.40 oz),Accelerometer,8GB 1GB RAM,"4.5 inches, 55.8 cm2(~64.1% screen-to-body ratio)","White, Black, Blue",,2 MP,"Li-Ion 1800 mAh, removable",,,,GSM / HSPA,HSDPA 900 / 2100,"Wi-Fi 802.11 b/g/n, hotspot",No,Gionee P5 Mini,https://fdn2.gsmarena.com/vv/bigpic/gionee-p5-mini-.jpg,LED flash,,"2016, March. Released 2016, April",,Yes,,microUSB 2.0,Mediatek MT6580M (28 nm),,About 90 EUR,Quad-core 1.3 GHz Cortex-A7,"480 x 854 pixels, 16:9 ratio (~218 ppi density)",,Gionee,,,,Yes,"5 MP, AF",,Mali-400MP2,,,Discontinued,,Dual SIM,
"External IPS LCD720 x 1280 pixels, 4.2 inches",microSDXC (dedicated slot),,124.1 x 62.8 x 16.5 mm (4.89 x 2.47 x 0.65 in),"4.0, A2DP, LE",GSM 900 / 1800 / 1900,LTE,,,GPS,,Yes,,,,,Yes,,FM radio,,Android 5.1 (Lollipop),"HSPA, LTE",,,IPS LCD,207.7 g (7.41 oz),"Fingerprint (rear-mounted), accelerometer, proximity",64GB 4GB RAM,"4.2 inches, 48.6 cm2(~62.4% screen-to-body ratio)",Rose gold/Black,,5 MP,"Li-Ion 2530 mAh, non-removable",,,,GSM / HSPA / LTE,HSDPA,"Wi-Fi 802.11 b/g/n, Wi-Fi Direct, hotspot",No,Gionee W909,https://fdn2.gsmarena.com/vv/bigpic/gionee-w909-.jpg,"LED flash, panorama, HDR",,"2016, March. Released 2016, June",,1080p@30fps,eMMC 5.1,USB Type-C,Mediatek MT6755 Helio P10 (28 nm),,About 550 EUR,Octa-core (4x2.0 GHz Cortex-A53 & 4x1.0 GHz Cortex-A53),"720 x 1280 pixels, 16:9 ratio (~350 ppi density)",,Gionee,,,,Yes,"16 MP, AF",,Mali-T860MP2,,,Discontinued,Yes,Micro-SIM,
3D Touch display,microSDXC (uses shared SIM slot),,154.3 x 74.9 x 7 mm (6.07 x 2.95 x 0.28 in),"4.0, A2DP",GSM 850 / 900 / 1800 / 1900 - SIM 1 & SIM 2,"3, 7, 38, 39, 40",,,GPS,,Yes,,,,,,,FM radio,,"Android 6.0.1 (Marshmallow), Amigo 3.2","HSPA 42.2/5.76 Mbps, LTE (2CA) Cat6 300/50 Mbps",,,AMOLED,147.2 g (5.19 oz),"Fingerprint (rear-mounted), accelerometer, proximity, compass",64GB 4GB RAM,"5.5 inches, 83.4 cm2(~72.2% screen-to-body ratio)","Gray, Gold, Rose Gold",,"8 MP, 1/4.0""","Li-Ion 3000 mAh, non-removable",,,Corning Gorilla Glass 4,GSM / HSPA / LTE,HSDPA 850 / 900 / 2100,"Wi-Fi 802.11 b/g/n, Wi-Fi Direct",No,Gionee S8,https://fdn2.gsmarena.com/vv/bigpic/gionee-elife-s8.jpg,"Laser AF, LED flash, panorama, HDR",,"2016, February. Released 2016, June",24-bit/192kHz audio,1080p@30fps,eMMC 5.1,"microUSB 2.0, OTG",Mediatek MT6755 Helio P10 (28 nm),,About 450 EUR,Octa-core (4x1.9 GHz Cortex-A53 & 4x1.0 GHz Cortex-A53),"1080 x 1920 pixels, 16:9 ratio (~401 ppi density)",,Gionee,,,,Yes,"16 MP, f/1.8, PDAF",,Mali-T860MP2,,,Discontinued,,Nano-SIM + Micro-SIM,
,microSDXC (dedicated slot),,143.5 x 71 x 9.6 mm (5.65 x 2.80 x 0.38 in),"4.0, A2DP",GSM 850 / 900 / 1800 / 1900 - SIM 1 & SIM 2,,,Up to 18 h (3G),GPS,Yes,Yes,,,M5 mini,,,,FM radio,,"Android 5.1 (Lollipop), Amigo 3.1",HSPA,,,IPS LCD,-,Yes,16GB 2GB RAM,"5.0 inches, 68.9 cm2(~67.6% screen-to-body ratio)","White, Gold, Black",,5 MP,"Li-Po 4000 mAh, non-removable",,,,GSM / HSPA,HSDPA 900 / 1900 / 2100,"Wi-Fi 802.11 b/g/n, Wi-Fi Direct, hotspot",No,Gionee Marathon M5 mini,https://fdn2.gsmarena.com/vv/bigpic/Gionee-M5-Mini-.jpg,"LED flash, panorama, HDR",,"2016, January. Released 2016, February",,Yes,,"microUSB 2.0, OTG",Mediatek MT6580 (28 nm),,About 120 EUR,Quad-core 1.3 GHz Cortex-A7,"720 x 1280 pixels, 16:9 ratio (~294 ppi density)",,Gionee,,,,Yes,"8 MP, AF",,Mali-400MP2,,Reverse wired,Discontinued,,"Dual SIM (Micro-SIM, dual stand-by)",
CDMA 800,microSDXC (dedicated slot),,155 x 76 x 9 mm (6.10 x 2.99 x 0.35 in),"4.0, A2DP",GSM 850 / 900 / 1800 / 1900 - SIM 1 & SIM 2,"1, 3, 7, 38, 39, 40, 41",,Up to 52 h,GPS,,Yes,,,,,,,FM radio,,"Android 5.1 (Lollipop), Amigo 3.1","HSPA, LTE",,,TFT,200 g (7.05 oz),"Fingerprint (front-mounted), accelerometer, proximity, compass",16GB 3GB RAM,"5.5 inches, 83.4 cm2(~70.8% screen-to-body ratio)","White, Gold",,5 MP,"Li-Po 5000 mAh, non-removable",,,,GSM / CDMA / HSPA / LTE,HSDPA 850 / 900 / 1900 / 2100,"Wi-Fi 802.11 b/g/n, Wi-Fi Direct, hotspot",No,Gionee Marathon M5 enjoy,https://fdn2.gsmarena.com/vv/bigpic/gionee-marathon-m5-e.jpg,"LED flash, panorama, HDR",Up to 775 h,"2015, December. Released 2015, December",,1080p@30fps,TD-SCDMA,microUSB 2.0,Mediatek MT6735 (28 nm),,About 340 EUR,Quad-core 1.0 GHz Cortex-A53,"720 x 1280 pixels, 16:9 ratio (~267 ppi density)",,Gionee,,,,Yes,"8 MP, AF",,Mali-T720MP2,,,Discontinued,,"Dual SIM (Micro-SIM, dual stand-by)",
CDMA 800,microSDXC (dedicated slot),,160.9 x 81.2 x 8.4 mm (6.33 x 3.20 x 0.33 in),"4.0, A2DP",GSM 850 / 900 / 1800 / 1900 - SIM 1 & SIM 2,"1, 3, 7, 38, 39, 40, 41",,Up to 53 h,GPS,,Yes,,,"M5 Plus, GN8001",,,,FM radio,,"Android 5.1 (Lollipop), Amigo 3.1","HSPA, LTE",,,AMOLED,208 g (7.34 oz),"Fingerprint (front-mounted), accelerometer, proximity, compass",64GB 3GB RAM,"6.0 inches, 98.7 cm2(~75.5% screen-to-body ratio)","White, Gold",,5 MP,"Li-Po 5020 mAh, non-removable",,,,GSM / CDMA / HSPA / LTE,HSDPA 850 / 900 / 1900 / 2100,"Wi-Fi 802.11 b/g/n, Wi-Fi Direct, hotspot",No,Gionee Marathon M5 Plus,https://fdn2.gsmarena.com/vv/bigpic/gionee-m5-plus.jpg,"LED flash, panorama, HDR",Up to 829 h,"2015, December. Released 2015, December",,1080p@30fps,TD-SCDMA,USB Type-C,Mediatek MT6753 (28 nm),,About 420 EUR,Octa-core 1.3 GHz Cortex-A53,"1080 x 1920 pixels, 16:9 ratio (~368 ppi density)",,Gionee,,,,Yes,"13 MP, f/2.2, PDAF",,Mali-T720MP3,,,Discontinued,,"Dual SIM (Micro-SIM, dual stand-by)",
,microSDXC (dedicated slot),,143 x 69.9 x 8.5 mm (5.63 x 2.75 x 0.33 in),"4.0, A2DP",GSM 850 / 900 / 1800 / 1900 - SIM 1 & SIM 2,"1, 3, 7, 40",,Up to 33 h (2G) / Up to 19 h (3G),GPS,,"Yes, with stereo speakers",,,M5_lite,,,,FM radio,,"Android 5.1 (Lollipop), Amigo 3.1","HSPA 42.2/11.5 Mbps, LTE Cat4 150/50 Mbps",,,IPS LCD,183 g (6.46 oz),"Accelerometer, proximity, compass",32GB 3GB RAM,"5.0 inches, 68.9 cm2(~68.9% screen-to-body ratio)","Gold, Gray",,5 MP,"Li-Po 4000 mAh, non-removable",,,Asahi Dragontrail Glass,GSM / HSPA / LTE,HSDPA 900 / 1900 / 2100,"Wi-Fi 802.11 b/g/n, Wi-Fi Direct, hotspot",No,Gionee Marathon M5 lite,https://fdn2.gsmarena.com/vv/bigpic/gionee-marathon-m5-lite.jpg,"LED flash, panorama, HDR",Up to 450 h (2G) / Up to 400 h (3G),"2015, December. Released 2016, January",,1080p@30fps,,microUSB 2.0,Mediatek MT6735 (28 nm),,About 170 EUR,Quad-core 1.3 GHz Cortex-A53,"720 x 1280 pixels, 16:9 ratio (~294 ppi density)",,Gionee,,,,Yes,"8 MP, AF",,Mali-T720MP2,,,Discontinued,,Dual SIM,0.38 W/kg (head)     0.54 W/kg (body)
,microSDHC (dedicated slot),,143.3 x 72 x 8.9 mm (5.64 x 2.83 x 0.35 in),"4.0, A2DP",GSM 850 / 900 / 1800 / 1900 - SIM 1 & SIM 2,,,,GPS,,Yes,,,P5W,,,,FM radio,,Android 5.1 (Lollipop),HSPA,,,IPS LCD,153 g (5.40 oz),"Accelerometer, proximity",16GB 1GB RAM,"5.0 inches, 68.9 cm2(~66.8% screen-to-body ratio)","White, Blue, Red, Yellow, Black",,2 MP,"Li-Ion 2000 mAh, removable",,,,GSM / HSPA,HSDPA 900 / 1900 / 2100,"Wi-Fi 802.11 b/g/n, Wi-Fi Direct, hotspot",No,Gionee Pioneer P5W,https://fdn2.gsmarena.com/vv/bigpic/gionee-p5w-.jpg,LED flash,,"2015, December. Released 2016, January",,1080p@30fps,,microUSB 2.0,Mediatek MT6735 (28 nm),,About 90 EUR,Quad-core 1.3 GHz Cortex-A53,"720 x 1280 pixels, 16:9 ratio (~294 ppi density)",,Gionee,,,,Yes,"5 MP, AF",,Mali-T720MP2,,,Discontinued,,Dual SIM,
,microSDXC (uses shared SIM slot),,151.9 x 74.6 x 6.9 mm (5.98 x 2.94 x 0.27 in),"4.0, A2DP",GSM 850 / 900 / 1800 / 1900 - SIM 1 & SIM 2,LTE,,,GPS,,Yes,,,S6,,Yes,,FM radio,,"Android 5.1.1 (Lollipop), Amigo 3.1","HSPA, LTE Cat4 150/50 Mbps",,,AMOLED,147 g (5.19 oz),Yes,32GB 3GB RAM,"5.5 inches, 83.4 cm2(~73.6% screen-to-body ratio)",Gold,,5 MP,"Li-Ion 3150 mAh, non-removable",,,,GSM / HSPA / LTE,HSDPA,"Wi-Fi 802.11 b/g/n, Wi-Fi Direct, hotspot",No,Gionee S6,https://fdn2.gsmarena.com/vv/bigpic/gionee-elife-s6.jpg,"LED flash, panorama, HDR",,"2015, November. Released 2015, November",,1080p@30fps,,USB Type-C 2.0,Mediatek MT6753 (28 nm),,About 290 EUR,Octa-core 1.3 GHz Cortex-A53,"720 x 1280 pixels, 16:9 ratio (~267 ppi density)",,Gionee,,,,Yes,"13 MP, f/2.0, AF",,Mali-T720MP3,,,Discontinued,Yes,Nano-SIM + Micro-SIM,
,microSDXC (dedicated slot),,155 x 76.4 x 7.5 mm (6.10 x 3.01 x 0.30 in),"4.0, A2DP",GSM 850 / 900 / 1800 / 1900 - SIM 1 & SIM 2,"3, 40",,Up to 21 h (2G) / Up to 9 h (3G),GPS,,Yes,,,,,,,FM radio,,"Android 5.1.1 (Lollipop), Amigo OS 3.1","HSPA, LTE Cat4 150/50 Mbps",,,AMOLED,158 g (5.57 oz),"Accelerometer, proximity, compass",16GB 3GB RAM,"5.5 inches, 83.4 cm2(~70.4% screen-to-body ratio)","White, Gold, Dark Blue",,5 MP,"Li-Ion 3150 mAh, removable",,0.80 W/kg (head)     0.42 W/kg (body),Corning Gorilla Glass 3,GSM / HSPA / LTE,HSDPA 900 / 1900 / 2100,"Wi-Fi 802.11 b/g/n, Wi-Fi Direct, hotspot",No,Gionee Elife S Plus,https://fdn2.gsmarena.com/vv/bigpic/gionee-elife-s-plus-.jpg,"LED flash, panorama, HDR",Up to 315 h (2G) / Up to 252 h (3G),"2015, November. Released 2015, December",,1080p@30fps,,USB Type-C 2.0,Mediatek MT6753 (28 nm),,,Octa-core 1.3 GHz Cortex-A53,"720 x 1280 pixels, 16:9 ratio (~267 ppi density)",,Gionee,,,,Yes,"13 MP, f/2.0, AF",,Mali-T720MP3,,,Discontinued,,Dual SIM,
,microSDHC (dedicated slot),,143 x 70.3 x 8 mm (5.63 x 2.77 x 0.31 in),"2.0, A2DP",GSM 850 / 900 / 1800 / 1900 - SIM 1 & SIM 2,"3, 40",,Up to 28 h (2G) / Up to 11 h (3G),GPS,,Yes,,,F103,,,,FM radio,,"Android 5 (Lollipop), Amigo 3","HSPA, LTE",,,IPS LCD,136.6 g (4.83 oz),"Accelerometer, proximity, compass",16GB 2GB RAM,"5.0 inches, 68.9 cm2(~68.6% screen-to-body ratio)","Pearl White, Dawn White & black",,5 MP,"Li-Ion 2400 mAh, removable",,0.77 W/kg (head)     0.85 W/kg (body),,GSM / HSPA / LTE,HSDPA 900 / 1900 / 2100,"Wi-Fi 802.11 b/g/n, Wi-Fi Direct, hotspot",No,Gionee F103,https://fdn2.gsmarena.com/vv/bigpic/gionee-f103.jpg,"LED flash, panorama, HDR",Up to 240 h (2G) / Up to 267 h (3G),"2015, September. Released 2015, October",,720p@30fps,,"microUSB 2.0, OTG",Mediatek MT6735 (28 nm),,About 130 EUR,Quad-core 1.3 GHz Cortex-A53,"720 x 1280 pixels, 16:9 ratio (~294 ppi density)",,Gionee,,,,Yes,"8 MP, AF",,Mali-T720MP2,,,Discontinued,,Dual SIM (dual stand-by),
eMMC 5.0,microSDXC (dedicated slot),,164 x 82.3 x 9.6 mm (6.46 x 3.24 x 0.38 in),"4.0, A2DP, EDR",GSM 850 / 900 / 1800 / 1900 - SIM 1 & SIM 2,"1, 3, 7, 20, 38, 39, 40, 41",,Up to 39 h (2G) / Up to 20 h (3G),GPS,,"Yes, with stereo speakers",,,,,,,"FM radio, recording",,"Android 5.1 (Lollipop), Amigo 3.1","HSPA, LTE Cat4 150/50 Mbps",,,AMOLED,210 g (7.41 oz),"Fingerprint (rear-mounted), accelerometer, gyro, proximity, compass",64GB 3GB RAM,"6.0 inches, 99.2 cm2(~73.5% screen-to-body ratio)",Gold,,"8 MP, AF","Li-Po 3500 mAh, non-removable",,,,GSM / HSPA / LTE,HSDPA 900 / 1900 / 2100,"Wi-Fi 802.11 a/b/g/n/ac, dual-band, Wi-Fi Direct, hotspot",Yes,Gionee Elife E8,https://fdn2.gsmarena.com/vv/bigpic/gionee-elife-e8-new1.jpg,"Dual-LED dual-tone flash, panorama, HDR",Up to 437 h (2G) / Up to 500 h (3G),"2015, June. Released 2015, October",,4K@30fps,24-bit/192kHz audio,"microUSB 2.0, OTG",Mediatek MT6795 Helio X10 (28 nm),,About 480 EUR,Octa-core 2.0 GHz Cortex-A53,"1440 x 2560 pixels, 16:9 ratio (~490 ppi density)",,Gionee,,,,Yes,"24 MP, f/2.0, PDAF, OIS",,PowerVR G6200,,,Discontinued,,"Dual SIM (Micro-SIM, dual stand-by)",
TD-SCDMA,microSDXC (uses shared SIM slot),,145.1 x 70 x 6.4 mm (5.71 x 2.76 x 0.25 in),"4.0, A2DP, LE",GSM 850 / 900 / 1800 / 1900 - SIM 1 & SIM 2,LTE,,,GPS,,Yes,,,,,,,FM radio,,"Android 5.1.1 (Lollipop), Amigo 3","HSPA, LTE Cat4 150/50 Mbps",,,AMOLED,129 g (4.55 oz),"Accelerometer, gyro, proximity, compass",16GB 2GB RAM,"5.0 inches, 68.9 cm2(~67.9% screen-to-body ratio)",White,,8 MP,"Li-Ion 2400 mAh, non-removable",,,Corning Gorilla Glass 4,GSM / HSPA / LTE,HSDPA 850 / 900 / 1900 / 2100,"Wi-Fi 802.11 a/b/g/n/ac, hotspot, Wi-Fi Direct",No,Gionee S5.1 Pro,https://fdn2.gsmarena.com/vv/bigpic/gionee-s51-pro.jpg,"LED flash, panorama, HDR",,"2015, September. Released 2015, November",,1080p@30fps,,"microUSB 2.0, OTG",Mediatek MT6753 (28 nm),,,Octa-core 1.3 GHz Cortex-A53,"720 x 1280 pixels, 16:9 ratio (~294 ppi density)",,Gionee,,,,Yes,"13 MP, f/2.0, AF",,Mali-T720MP3,,,Discontinued,,Nano-SIM + Micro-SIM,
,microSDHC (dedicated slot),,144.7 x 71.2 x 10.2 mm (5.70 x 2.80 x 0.40 in),"2.0, A2DP",GSM 850 / 900 / 1800 / 1900 - SIM 1 & SIM 2,"3, 40",,Up to 50 h (2G) / Up to 18 h (3G),GPS,,Yes,,,,,,,FM radio,,"Android 5 (Lollipop), Amigo 3","HSPA, LTE",,,Super AMOLED,176 g (6.21 oz),"Accelerometer, proximity, compass",16GB 2GB RAM,"5.0 inches, 68.9 cm2(~66.9% screen-to-body ratio)","Black, White",,5 MP,"Li-Ion 5000 mAh, non-removable",,0.85 W/kg (head)     0.73 W/kg (body),,GSM / HSPA / LTE,HSDPA 900 / 1900 / 2100,"Wi-Fi 802.11 b/g/n, Wi-Fi Direct, hotspot",No,Gionee Marathon M4,https://fdn2.gsmarena.com/vv/bigpic/gionee-marathon-m4.jpg,"LED flash, panorama",Up to 225 h (2G) / Up to 400 h (3G),"2015, August. Released 2015, August",,1080p@30fps,,"microUSB 2.0, OTG",,,About 220 EUR,Quad-core 1.3 GHz Cortex-A7,"720 x 1280 pixels, 16:9 ratio (~294 ppi density)",,Gionee,,,,Yes,"8 MP, AF",,Mali-400,,,Discontinued,,Dual SIM,
CDMA 800,microSDXC (dedicated slot),,152 x 76 x 8.6 mm (5.98 x 2.99 x 0.34 in),"4.0, A2DP",GSM 850 / 900 / 1800 / 1900 - SIM 1 & SIM 2,"1, 3, 7, 20, 38, 39, 40, 41",,Up to 62 h (2G) / Up to 28 h (3G),GPS,Yes,Yes,Endurance rating 148h,,,,,,"FM radio, RDS, recording",,"Android 5.1 (Lollipop), Amigo 3.1","HSPA, LTE",,,AMOLED,211 g (7.44 oz),"Accelerometer, proximity, compass",32GB 3GB RAM,"5.5 inches, 83.4 cm2(~72.2% screen-to-body ratio)","White, Gold, Black",,"5 MP, f/2.2","Li-Po 6020 mAh, non-removable",,,Corning Gorilla Glass 3,GSM / CDMA / HSPA / LTE,HSDPA 900 / 1900 / 2100,"Wi-Fi 802.11 b/g/n, Wi-Fi Direct, hotspot",No,Gionee Marathon M5,https://fdn2.gsmarena.com/vv/bigpic/gionee-marathon-m5-new.jpg,"LED flash, panorama, HDR",Up to 684 h (2G) / Up to 557 h (3G),"2015, June. Released 2015, November",,1080p@30fps,,"microUSB 2.0, OTG",Mediatek MT6735 (28 nm),,About 330 EUR,Quad-core 1.3 GHz Cortex-A53,"720 x 1280 pixels, 16:9 ratio (~267 ppi density)",,Gionee,,,,Yes,"13 MP, f/2.0, PDAF",,Mali-T720MP2,720p,Reverse wired,Discontinued,,"Dual SIM (Micro-SIM, dual stand-by)",0.32 W/kg (head)     0.48 W/kg (body)
,microSDHC (dedicated slot),,134.5 x 67.7 x 8.7 mm (5.30 x 2.67 x 0.34 in),2.0,GSM 850 / 900 / 1800 / 1900 - SIM 1 & SIM 2,,,,GPS,,Yes,,,,,,,"FM radio, recording",,Android 4.4 (KitKat),HSPA,,,"TFT, 256K colors",-,"Accelerometer, proximity, compass",8GB 1GB RAM,"4.5 inches, 55.8 cm2(~61.3% screen-to-body ratio)","Black, White",,2 MP,"Li-Po 1800 mAh, removable",,,,GSM / HSPA,HSDPA 900 / 2100,"Wi-Fi 802.11 b/g/n, hotspot",No,Gionee Pioneer P4S,https://fdn2.gsmarena.com/vv/bigpic/gionee-pioneer-p4.jpg,LED flash,,"2015, April. Released 2015, May",,720p@30fps,,microUSB,Mediatek MT6582 (28 nm),,About 120 EUR,Quad-core 1.3 GHz Cortex-A7,"480 x 854 pixels, 16:9 ratio (~218 ppi density)",,Gionee,,,,Yes,"5 MP, AF",,Mali-400MP2,,,Discontinued,,Dual SIM (Dual stand-by),
,No,,148.8 x 72.4 x 5.5 mm (5.86 x 2.85 x 0.22 in),"4.0, A2DP",GSM 850 / 900 / 1800 / 1900 - SIM 1 & SIM 2,"3, 7, 38, 39, 40",,Up to 24 h (2G) / Up to 15 h 30 min (3G),GPS,,Yes,,,S7,,,,FM radio,,"Android 5 (Lollipop), Amigo OS 3","HSPA, LTE",,,Super AMOLED,125.3 g (4.41 oz),"Accelerometer, proximity, compass",16GB 2GB RAM,"5.2 inches, 74.5 cm2(~69.2% screen-to-body ratio)","White, Black, Maldives Blue",,"8 MP, 1/4.0""","Li-Ion 2700 mAh, non-removable",,0.52 W/kg (head)     0.64 W/kg (body),Corning Gorilla Glass 3,GSM / HSPA / LTE,HSDPA 850 / 900 / 2100,"Wi-Fi 802.11 b/g/n, Wi-Fi Direct, hotspot",No,Gionee Elife S7,https://fdn2.gsmarena.com/vv/bigpic/Gionee-Elife-S7.jpg,"LED flash, panorama, HDR",Up to 270 h,"2015, March. Released 2015, April",,1080p@30fps,,"microUSB 2.0, OTG",Mediatek MT6752 (28 nm),,About 400 EUR,Octa-core 1.7 GHz Cortex-A53,"1080 x 1920 pixels, 16:9 ratio (~424 ppi density)",,Gionee,,,,Yes,"13 MP, f/2.0 AF",,Mali-T760MP2,,,Discontinued,,"Dual SIM (Micro-SIM, dual stand-by)",
,microSDHC (dedicated slot),,133 x 67.4 x 11.2 mm (5.24 x 2.65 x 0.44 in),"4.0, A2DP",GSM 850 / 900 / 1800 / 1900,,,Up to 22 h 30 min (2G) / Up to 9 h (3G),GPS,,Yes,,,,,,,FM radio,,"Android 5.1 (Lollipop), Amigo 3.1",HSPA,,,IPS LCD,161 g (5.68 oz),"Accelerometer, proximity, compass",16GB 1GB RAM,"4.5 inches, 57.6 cm2(~64.3% screen-to-body ratio)","White, Gray, Red, Gold",,VGA,"Li-Ion 2000 mAh, removable",,0.51 W/kg (head)     1.01 W/kg (body),,GSM / HSPA,HSDPA 900 / 1900 / 2100,"Wi-Fi 802.11 b/g/n, Wi-Fi Direct, hotspot",No,Gionee Pioneer P3S,https://fdn2.gsmarena.com/vv/bigpic/gionee-pioneer-p3s.jpg,"LED flash, panorama, HDR",Up to 240 h (2G) / Up to 200 h (3G),"2015, September. Released 2015, September",,720p@30fps,,microUSB 2.0,Mediatek MT6580 (28 nm),,,Quad-core 1.3 GHz Cortex-A7,"480 x 800 pixels, 5:3 ratio (~207 ppi density)",,Gionee,,,,Yes,"5 MP, AF",,Mali-400MP2,,,Discontinued,,Dual SIM,
,microSDHC (dedicated slot),,124 x 62.5 x 10.9 mm (4.88 x 2.46 x 0.43 in),"4.0, A2DP",GSM 850 / 900 / 1800 / 1900,,,Up to 30 h (2G) / Up to 15 h (3G),GPS,,Yes,,,,,,,FM radio,,"Android 5.1 (Lollipop), Amigo 3",HSPA,,,IPS LCD,140 g (4.94 oz),"Accelerometer, proximity, compass",16GB 1GB RAM,"4.0 inches, 45.5 cm2(~58.8% screen-to-body ratio)","White, Gray, Gold",,VGA,"Li-Ion 3000 mAh, removable",,1.06 W/kg (head)     1.36 W/kg (body),,GSM / HSPA,HSDPA 900 / 2100,"Wi-Fi 802.11 b/g/n, Wi-Fi Direct, hotspot",No,Gionee Pioneer P2M,https://fdn2.gsmarena.com/vv/bigpic/gionee-pioneer-p2m.jpg,"LED flash, HDR, panorama",Up to 340 h (2G) / Up to 300 h (3G),"2015, June. Released 2015, June",,720p,,microUSB 2.0,Mediatek MT6580 (28 nm),,,Quad-core 1.3 GHz Cortex-A7,"480 x 800 pixels, 5:3 ratio (~233 ppi density)",,Gionee,,,,Yes,5 MP,,Mali-400MP2,,,Discontinued,,Dual SIM,
,microSDHC (dedicated slot),,126 x 64 x 9.3 mm (4.96 x 2.52 x 0.37 in),"4.0, A2DP",GSM 850 / 900 / 1800 / 1900,,,Up to 12 h 30 min (2G) / Up to 9 h (3G),"GPS, GLONASS",,Yes,,,,,,,FM radio,,Android 4.2 (Jelly Bean),HSPA,,,TFT,124.8 g (4.41 oz),"Accelerometer, proximity",4GB 512MB RAM,"4.0 inches, 45.5 cm2(~56.5% screen-to-body ratio)","Black, White, Blue, Pink",,VGA,"Li-Ion 1600 mAh, removable",,0.68 W/kg (head)     0.70 W/kg (body),,GSM / HSPA,HSDPA 900 / 2100,"Wi-Fi 802.11 b/g/n, Wi-Fi Direct, hotspot",No,Gionee Pioneer P2S,https://fdn2.gsmarena.com/vv/bigpic/gionee-pioneer-p2s.jpg,"LED flash, panorama",Up to 346 h (3G),"2014, May. Released 2014, May",,720p,,microUSB 2.0,Mediatek MT6572W,,,Dual-core 1.3 GHz Cortex-A7,"480 x 800 pixels, 5:3 ratio (~233 ppi density)",,Gionee,,,,Yes,"5 MP, AF",,Mali-400,,,Discontinued,,Dual SIM,
No,microSDHC (dedicated slot),Downloadable,128 x 52.8 x 7.4 mm (5.04 x 2.08 x 0.29 in),2.0,GSM 900 / 1800 - SIM 1 & SIM 2,,,Up to 8 h 20 min,No,,Yes,,"SMS, MMS, IM",,Yes,No,,FM radio,,,,,,"TFT, 256K colors",81.3 g (2.86 oz),,"64MB RAM, 128MB","2.6 inches, 20.9 cm2(~31.0% screen-to-body ratio)","White, Gold, Grey",Yes,,"Li-Ion 700 mAh, removable",,0.56 W/kg (head)     0.52 W/kg (body),,GSM,,No,No,Gionee S96,https://fdn2.gsmarena.com/vv/bigpic/gionee-s96.jpg,LED flash,Up to 206 h,"2014, March. Released 2014, March",,Yes,Audio/video player,microUSB,Mediatek MT6260,,,360 MHz,"240 x 320 pixels, 4:3 ratio (~154 ppi density)",,Gionee,,,No,Yes,2 MP,,No,,,Discontinued,Yes,Dual SIM,
No,microSDHC (dedicated slot),Downloadable,121 x 51 x 15.6 mm (4.76 x 2.01 x 0.61 in),2.0,GSM 900 / 1800 - SIM 1 & SIM 2,,,Up to 45 h,No,,Yes,,"SMS, MMS, IM",,Yes,No,,FM radio,,,,,,"TFT, 256K colors",123.4 g (4.34 oz),,"8MB RAM, 16MB","2.6 inches, 20.9 cm2(~33.9% screen-to-body ratio)","Black, Gold",Yes,,"Li-Ion 3000 mAh, removable",,0.88 W/kg (head),,GSM,,No,No,Gionee L800,https://fdn2.gsmarena.com/vv/bigpic/gionee-l800.jpg,,Up to 675 h,"2015, May. Released 2015, May",,Yes,Audio/video player,microUSB,Mediatek MT6250,,,260 MHz,"240 x 320 pixels, 4:3 ratio (~154 ppi density)",,Gionee,,,No,Yes,1.3 MP,,No,,,Discontinued,Yes,Dual SIM,
No,microSDHC (dedicated slot),Downloadable,119.8 x 51.4 x 13.2 mm (4.72 x 2.02 x 0.52 in),2.0,GSM 900 / 1800 - SIM 1 & SIM 2,,,Up to 16 h,No,,Yes,,"SMS, IM",,Yes,No,,FM radio,,,,,,"TFT, 256K colors",102.3 g (3.60 oz),,"8MB RAM, 16MB","2.6 inches, 20.9 cm2(~34.0% screen-to-body ratio)","Black, White",Yes,,"Li-Ion 1700 mAh, removable",,,,GSM,,No,No,Gionee L700,https://fdn2.gsmarena.com/vv/bigpic/gionee-l700.jpg,,Up to 480 h,"2015, May. Released 2015, May",,Yes,Audio/video player,microUSB,Mediatek MT6250,,,260 MHz,"240 x 320 pixels, 4:3 ratio (~154 ppi density)",,Gionee,,,No,Yes,1.3 MP,,No,,,Discontinued,Yes,Dual SIM,
,microSDXC (dedicated slot),,144.5 x 71.5 x 10.4 mm (5.69 x 2.81 x 0.41 in),"4.0, A2DP",GSM 850 / 900 / 1800 / 1900 - SIM 1 & SIM 2,,,Up to 51 h (2G) / Up to 32 h 30 min (3G),GPS,,Yes,,,,,,,FM radio,,Android 4.4.2 (KitKat),HSPA,,,IPS LCD,180.3 g (6.35 oz),"Accelerometer, proximity, compass",8GB 1GB RAM,"5.0 inches, 68.9 cm2(~66.7% screen-to-body ratio)","Black, White",,2 MP,"Li-Ion 5000 mAh, non-removable",,0.29 W/kg (head)     0.73 W/kg (body),,GSM / HSPA,HSDPA 900 / 2100,"Wi-Fi 802.11 b/g/n, Wi-Fi Direct, hotspot",No,Gionee Marathon M3,https://fdn2.gsmarena.com/vv/bigpic/gionee-marathon-m3.jpg,"LED flash, panorama",Up to 792 h,"2014, November. Released 2014, November",,720p@30fps,,"microUSB 2.0, OTG",,,About 170 EUR,Quad-core 1.3 GHz,"720 x 1280 pixels, 16:9 ratio (~294 ppi density)",,Gionee,,,,Yes,"8 MP, f/2.2, AF",,Mali-450,,,Discontinued,,Dual SIM (dual stand-by),
,No,,139.8 x 67.4 x 5.2 mm (5.50 x 2.65 x 0.20 in),"4.0, A2DP",GSM 850 / 900 / 1800 / 1900,,,,GPS,,Yes,Endurance rating 55h,,,,,,FM radio,Photo/Video,"Android 4.4.2 (KitKat), Amigo OS 2",HSPA,,Voice 64dB / Noise 64dB / Ring 66dB,AMOLED,97.7 g (3.42 oz),"Accelerometer, gyro, proximity, compass",16GB 1GB RAM,"4.8 inches, 63.5 cm2(~67.4% screen-to-body ratio)","Black, White, Pink, Mint Green",,"5 MP, f/2.4","Li-Ion 2050 mAh, non-removable","Contrast ratio: Infinite (nominal), 2.812 (sunlight)",,,GSM / HSPA,HSDPA 900 / 2100,"Wi-Fi 802.11 b/g/n, hotspot",No,Gionee Elife S5.1,https://fdn2.gsmarena.com/vv/bigpic/gionee-elife-s5.1.jpg,"LED flash, panorama, HDR",,"2014, September. Released 2014, November",,1080p@30fps,,"microUSB 2.0, OTG",Mediatek MT6592 (28 nm),,About 240 EUR,Octa-core 1.7 GHz Cortex-A7,"720 x 1280 pixels, 16:9 ratio (~306 ppi density)",Noise -91.2dB / Crosstalk -82.7dB,Gionee,,,,Yes,"8 MP, f/2.2, AF",Basemark OS II 2.0: 546Basemark X: 4150,Mali-450MP4,,,Discontinued,,Micro-SIM,
,microSDHC (dedicated slot),,142.8 x 74.3 x 8.6 mm (5.62 x 2.93 x 0.34 in),"4.0, A2DP",GSM 850 / 900 / 1800 / 1900 - SIM 1 & SIM 2,,LED flash,Up to 13 h 30 min (2G) / Up to 9 h 30 min (3G),GPS,,Yes,,,,,,,FM radio,,Android 4.4.2 (KitKat),HSPA,,,TFT,150 g (5.29 oz),"Accelerometer, proximity, compass",8GB 1GB RAM,"5.0 inches, 68.9 cm2(~64.9% screen-to-body ratio)","Black, White",,2 MP,"Li-Ion 1950 mAh, removable",,0.19 W/kg (head)     0.73 W/kg (body),,GSM / HSPA,HSDPA 900 / 2100,"Wi-Fi 802.11 b/g/n, Wi-Fi Direct, hotspot",No,Gionee Pioneer P6,https://fdn2.gsmarena.com/vv/bigpic/gionee-pioneer-p6.jpg,"LED flash, panorama",Up to 162 h (2G) / Up to 108 h (3G),"2015, January. Released 2015, January",,1080p@30fps,,microUSB 2.0,,,About 120 EUR,Quad-core 1.3 GHz Cortex-A7,"480 x 854 pixels, 16:9 ratio (~196 ppi density)",,Gionee,,,,Yes,"5 MP, AF",,,,,Discontinued,,Dual SIM (Dual stand-by),
,microSDXC (dedicated slot),,143.5 x 72 x 8.3 mm (5.65 x 2.83 x 0.33 in),"4.0, A2DP",GSM 850 / 900 / 1800 / 1900 - SIM 1 & SIM 2,"3, 40",,Up to 24 h (2G) / Up to 9 h (3G),GPS,,Yes,,,P5L,,,,FM radio,,"Android 5.1 (Lollipop), Amigo 3.1","HSPA, LTE",,,IPS LCD,146.9 g (5.19 oz),"Accelerometer, proximity, compass",16GB 1GB RAM,"4.7 inches, 60.9 cm2(~58.9% screen-to-body ratio)","Red, White, Black, Blue, Yellow & golden",,5 MP,"Li-Po 2300 mAh, removable",,0.46 W/kg (head)     0.32 W/kg (body),,GSM / HSPA / LTE,HSDPA 900 / 2100,"Wi-Fi 802.11 b/g/n, Wi-Fi Direct, hotspot",No,Gionee Pioneer P5L,https://fdn2.gsmarena.com/vv/bigpic/gionee-pioneer-p5l.jpg,"LED flash, HDR, panorama",Up to 500 h (2G) / Up to 300 h (3G),"2014, November. Released 2014, November",,1080p@30fps,,microUSB 2.0,Mediatek MT6582 (28 nm),,,Quad-core 1.3 GHz Cortex-A7,"720 x 1280 pixels, 16:9 ratio (~312 ppi density)",,Gionee,,,,Yes,"8 MP, AF",,Mali-400MP2,,,Discontinued,,Dual SIM,
,microSDHC (dedicated slot),,135 x 66.5 x 9.1 mm (5.31 x 2.62 x 0.36 in),2.1,GSM 850 / 900 / 1800 / 1900 - SIM 1 & SIM 2,,,Up to 16 h 30 min (2G) / Up to 11 h (3G),GPS,,Yes,,,,,,,"FM radio, recording",,Android 4.2 (Jelly Bean),HSPA,,,TFT,88.2 g (3.10 oz),"Accelerometer, proximity, compass",8GB 1GB RAM,"4.5 inches, 55.8 cm2(~62.2% screen-to-body ratio)","Black, White",,2 MP,"Li-Po 1800 mAh, removable",,0.84 W/kg (head)     0.75 W/kg (body),,GSM / HSPA,HSDPA 900 / 2100,"Wi-Fi 802.11 b/g/n, hotspot",No,Gionee Pioneer P4,https://fdn2.gsmarena.com/vv/bigpic/gionee-pioneer-p4.jpg,LED flash,Up to 386 h (2G) / Up to 386 h (3G),"2014, June. Released 2014, June",,Yes,,microUSB,Mediatek MT6582V/X,,About 100 EUR,Quad-core 1.3 GHz Cortex-A7,"480 x 854 pixels, 16:9 ratio (~218 ppi density)",,Gionee,,,,Yes,"5 MP, AF",,Mali-400MP2,,,Discontinued,,Dual SIM (Dual stand-by),
eMMC 4.5,microSDHC (dedicated slot),,143 x 70.7 x 6.9 mm (5.63 x 2.78 x 0.27 in),"4.0, A2DP",GSM 850 / 900 / 1800 / 1900 - SIM 1 & SIM 2,"3, 7, 38, 39, 40, 41",,Up to 16 h 40 min (2G) / Up to 14 h (3G),GPS,,Yes,,,,,,,FM radio,,Android 4.4.2 (KitKat),"HSPA, LTE",,,IPS LCD,124.5 g (4.41 oz),"Accelerometer, proximity, compass",8GB 1GB RAM,"5.0 inches, 68.9 cm2(~68.2% screen-to-body ratio)","White, Blue",,5 MP,"Li-Ion 1950 mAh, removable",,,,GSM / HSPA / LTE,HSDPA 900 / 2100,"Wi-Fi 802.11 b/g/n, Wi-Fi Direct, hotspot",No,Gionee Ctrl V6L,https://fdn2.gsmarena.com/vv/bigpic/gionee-ctrl-v6l.jpg,"LED flash, panorama",Up to 208 h (2G) / Up to 149 h (3G),"2014, November. Released 2014, November",,720p@30fps,,microUSB 2.0,Qualcomm Snapdragon 400 (28 nm),,,Quad-core 1.2 GHz Cortex-A7,"720 x 1280 pixels, 16:9 ratio (~294 ppi density)",,Gionee,,,,Yes,"8 MP, AF",,Adreno 305,,,Discontinued,,"Dual SIM (Micro-SIM, dual stand-by)",1.32 W/kg (head)     1.29 W/kg (body)
,microSDHC (dedicated slot),,134.5 x 67.7 x 8.1 mm (5.30 x 2.67 x 0.32 in),2.0,GSM 850 / 900 / 1800 / 1900,,,Up to 14 h 30 min (2G) / Up to 10 h (3G),GPS,,Yes,,,,,,,"FM radio, recording",,Android 4.2 (Jelly Bean),HSPA,,,IPS LCD,103.5 g (3.63 oz),"Accelerometer, proximity, compass",8GB 1GB RAM,"4.7 inches, 60.9 cm2(~66.9% screen-to-body ratio)","Black, White",,2 MP,"Li-Po 1800 mAh, removable",,0.45 W/kg (head)     0.57 W/kg (body),,GSM / HSPA,HSDPA 900 / 2100,"Wi-Fi 802.11 b/g/n, hotspot",No,Gionee Ctrl V5,https://fdn2.gsmarena.com/vv/bigpic/gionee-ctrl-v5.jpg,LED flash,Up to 324 h (2G) / Up to 324 h (3G),"2014, Q1. Released 2014, Q1",,Yes,,microUSB,Mediatek MT6582V/X,,About 160 EUR,Quad-core 1.3 GHz Cortex-A7,"540 x 960 pixels, 16:9 ratio (~234 ppi density)",,Gionee,,,,Yes,"8 MP, AF",,Mali-400MP2,,,Discontinued,,Dual SIM (Dual stand-by),
HSDPA 900 / 1900 / 2100,No,,145.1 x 70.2 x 5.6 mm (5.71 x 2.76 x 0.22 in),"4.0, A2DP, EDR",GSM 850 / 900 / 1800 / 1900,,,Up to 27 h (2G) / Up to 11 h (3G),GPS,,Yes,Endurance rating 48h,,,,,,"FM radio, RDS",Photo/Video,"Android 4.2 (Jelly Bean), upgradаble to 4.4.2 (KitKat), Amigo 2",HSPA 21.1/5.76 Mbps,,Voice 66dB / Noise 66dB / Ring 75dB,Super AMOLED,133 g (4.69 oz),"Accelerometer, gyro, proximity, compass",16GB 2GB RAM,"5.0 inches, 68.9 cm2(~67.7% screen-to-body ratio)","Black, white, blue, pink, purple",,"5 MP, f/2.4","Li-Ion 2300 mAh, non-removable","Contrast ratio: Infinite (nominal),  3.386 (sunlight)",,Corning Gorilla Glass 3 (front and back),GSM / HSPA,HSDPA 850 / 1900 / 2100,"Wi-Fi 802.11 b/g/n, Wi-Fi Direct, hotspot",No,Gionee Elife S5.5,https://fdn2.gsmarena.com/vv/bigpic/gionee-elife-s5.5.jpg,"LED flash, panorama, HDR",Up to 490 h,"2014, February. Released 2014, March",,1080p@30fps,,"microUSB 2.0, OTG",Mediatek MT6592 (28 nm),,About 270 EUR,Octa-core 1.7 GHz Cortex-A7,"1080 x 1920 pixels, 16:9 ratio (~441 ppi density)",,Gionee,,,,Yes,"13 MP, f/2.4, AF",Basemark OS II 2.0: 567,Mali-450MP4,,,Discontinued,,Micro-SIM,0.38 W/kg (head)     0.33 W/kg (body)
No,No,,139.8 x 66.2 x 8.6 mm (5.50 x 2.61 x 0.34 in),"4.0, A2DP",GSM 850 / 900 / 1800 / 1900,,,Up to 18 h (2G) / Up to 14 h (3G),GPS,,Yes,,,,,Yes,,"FM radio, recording",,"Android 4.2.2 (Jelly Bean), Amigo 2",HSPA,,,IGZO IPS LCD,142.9 g (5.01 oz),"Accelerometer, gyro, proximity, compass",16GB,"4.7 inches, 60.9 cm2(~65.8% screen-to-body ratio)","Black, White",,,"Li-Ion 2200 mAh, non-removable",,,,GSM / HSPA,HSDPA,Wi-Fi 802.11 b/g/n,Yes,Gionee Elife E7 Mini,https://fdn2.gsmarena.com/vv/bigpic/gionee-e7-mini.jpg,"LED flash, panorama",Up to 200 h,"2013, December. Released 2014, April",,1080p@30fps,,microUSB 2.0,Mediatek MT6592 (28 nm),,About 230 EUR,Octa-core 1.7 GHz Cortex-A7,"720 x 1280 pixels, 16:9 ratio (~312 ppi density)",,Gionee,,,,Yes,"13 MP, AF",,Mali-450MP4,,,Discontinued,Yes,Dual SIM,
"38, 39, 41",No,,150.6 x 75 x 9.5 mm (5.93 x 2.95 x 0.37 in),"4.0, A2DP",GSM 850 / 900 / 1800 / 1900,"3, 7",,,GPS,,Yes,,,,,,,"FM radio, recording",,Android 4.2 (Jelly Bean),"HSPA, LTE",,,IPS LCD,150 g (5.29 oz),"Accelerometer, gyro, proximity, compass","16GB 2GB RAM, 32GB 3GB RAM","5.5 inches, 83.4 cm2(~73.8% screen-to-body ratio)","Black, White",,8 MP,"Li-Po 2500 mAh, non-removable",,,Corning Gorilla Glass 3,GSM / HSPA / LTE,HSDPA 900 / 2100,"Wi-Fi 802.11 b/g/n, hotspot, Wi-Fi Direct",Yes,Gionee Elife E7,https://fdn2.gsmarena.com/vv/bigpic/gionee-e7-.jpg,LED flash,,2013. Released 2013,,Yes,eMMC 4.5,"microUSB 2.0, OTG",Qualcomm MSM8274 Snapdragon 800 (28 nm),,About 340 EUR,Quad-core 2.2 GHz Krait 400/ Quad-core 2.5 GHz Krait 400,"1080 x 1920 pixels, 16:9 ratio (~401 ppi density)",,Gionee,,,,Yes,"16 MP, f/2.2, AF",,Adreno 330,,,Discontinued,,Micro-SIM,
,No,,142.5 x 69.4 x 7.9 mm (5.61 x 2.73 x 0.31 in),"4.0, A2DP",GSM 850 / 900 / 1800 / 1900,,,,GPS,,Yes,,,,,,,FM radio,,Android 4.2 (Jelly Bean),HSPA,,,IPS LCD,-,"Accelerometer, gyro, proximity, compass",32GB 2GB RAM,"5.0 inches, 68.9 cm2(~69.7% screen-to-body ratio)","Black, White",,"5 MP, f/2.2","Li-Ion 2000 mAh, non-removable",,,Corning Gorilla Glass 3,GSM / HSPA,HSDPA 900 / 2100,"Wi-Fi 802.11 b/g/n, hotspot, Wi-Fi Direct",No,Gionee Elife E6,https://fdn2.gsmarena.com/vv/bigpic/gionee-e6-.jpg,"LED flash, panorama",,2013. Released 2013,,1080p@30fps,,microUSB 2.0,,,About 250 EUR,Quad-core 1.5 GHz Cortex-A7,"1080 x 1920 pixels, 16:9 ratio (~441 ppi density)",,Gionee,,,,Yes,"13 MP, f/2.2, AF",,PowerVR Series 5XT,,,Discontinued,,Micro-SIM,
,No,,137 x 69 x 6.9 mm (5.39 x 2.72 x 0.27 in),"4.0, A2DP",GSM 850 / 900 / 1800 / 1900,,,,GPS,,Yes,,,,,,,FM radio,,Android 4.2 (Jelly Bean),HSPA,,,Super AMOLED,135 g (4.76 oz),"Accelerometer, proximity, compass",16GB 1GB RAM,"4.8 inches, 63.5 cm2(~67.2% screen-to-body ratio)","Black, White, Yellow",,5 MP,"Li-Ion 2000 mAh, non-removable",,0.73 W/kg (head)     0.94 W/kg (body),Corning Gorilla Glass 2,GSM / HSPA,HSDPA 900 / 2100,"Wi-Fi 802.11 b/g/n, hotspot, Wi-Fi Direct",No,Gionee Elife E5,https://fdn2.gsmarena.com/vv/bigpic/gionee-e5.jpg,LED flash,,2013. Released 2013,,1080p@30fps,,microUSB 2.0,,,About 200 EUR,Quad-core 1.5 GHz Cortex-A7,"720 x 1280 pixels, 16:9 ratio (~306 ppi density)",,Gionee,,,,Yes,"8 MP, AF",,PowerVR Series 5XT,,,Discontinued,,Micro-SIM,
,microSDHC (dedicated slot),,137 x 68 x 7.9 mm (5.39 x 2.68 x 0.31 in),"4.0, A2DP",GSM 850 / 900 / 1800 / 1900,,,,GPS,,Yes,,,,,,,FM radio,,"Android 4.2 (Jelly Bean), upgradable to 4.4.2 (KitKat)",HSPA,,,IPS LCD,-,"Accelerometer, proximity, compass",16GB 1GB RAM,"4.7 inches, 60.9 cm2(~65.4% screen-to-body ratio)","Black, White, Blue, Pink",,2 MP,"Li-Ion 1800 mAh, removable",,1.06 W/kg (head)     0.88 W/kg (body),,GSM / HSPA,HSDPA 900 / 2100,"Wi-Fi 802.11 b/g/n, hotspot",No,Gionee Elife E3,https://fdn2.gsmarena.com/vv/bigpic/gionee-e3.jpg,"LED flash, panorama",,2013. Released 2013,,1080p@30fps,,microUSB 2.0,,,About 180 EUR,Quad-core 1.2 GHz Cortex-A7,"720 x 1280 pixels, 16:9 ratio (~312 ppi density)",,Gionee,,,,Yes,"8 MP, AF",,PowerVR Series 5XT,,,Discontinued,,Dual SIM (Dual stand-by),
,microSDHC (dedicated slot),,144 x 72 x 10.5 mm (5.67 x 2.83 x 0.41 in),"4.0, A2DP",GSM 850 / 900 / 1800 / 1900,,,Up to 31 h 30 min (2G) / Up to 24 h (3G),GPS,,Yes,,,,,,,FM radio,,Android 4.2 (Jelly Bean),HSPA,,,TFT,-,"Accelerometer, proximity, compass",4GB 1GB RAM,"5.0 inches, 68.9 cm2(~66.4% screen-to-body ratio)","Black, White",,2 MP,"Li-Ion 4200 mAh, removable",,,,GSM / HSPA,HSDPA 900 / 2100,"Wi-Fi 802.11 b/g/n, Wi-Fi Direct, hotspot",No,Gionee M2,https://fdn2.gsmarena.com/vv/bigpic/gionee-m2.jpg,"LED flash, panorama",Up to 555 h,2014. Released 2014,,720p,,"microUSB 2.0, OTG",,,About 130 EUR,Quad-core 1.3 GHz Cortex-A7,"480 x 854 pixels, 16:9 ratio (~196 ppi density)",,Gionee,,,,Yes,8 MP,,Mali-400,,,Discontinued,,Dual SIM (Dual stand-by),
,microSDHC (dedicated slot),,157.3 x 77.6 x 7.9 mm (6.19 x 3.06 x 0.31 in),"4.0, A2DP",GSM 850 / 900 / 1800 / 1900 - SIM 1 & SIM 2,,,Up to 15 h (2G) / Up to 12 h (3G),GPS,,"Yes, dual speakers",,,,,,,FM radio,,Android 4.4.2 (KitKat),HSPA,,,IPS LCD,104.6 g (w/o battery) (3.70 oz),"Accelerometer, proximity, compass",8GB 1GB RAM,"5.5 inches, 83.4 cm2(~68.3% screen-to-body ratio)","Black, White",,2 MP,"Li-Ion 2400 mAh, removable",,1.10 W/kg (head)     1.04 W/kg (body),Asahi Dragontrail Glass,GSM / HSPA,HSDPA 900 / 2100,"Wi-Fi 802.11 b/g/n, hotspot, Wi-Fi Direct",No,Gionee Gpad G5,https://fdn2.gsmarena.com/vv/bigpic/gionee-gpad-g5.jpg,"LED flash, panorama",Up to 288 h,2014. Released 2014,,720p@30fps,,microUSB 2.0,Mediatek MT6591,,,Hexa-core 1.5 GHz Cortex-A7,"720 x 1280 pixels, 16:9 ratio (~267 ppi density)",,Gionee,,,,Yes,"8 MP, AF",,Mali-450MP4,,,Discontinued,,Dual SIM (Dual stand-by),
,No,,163.5 x 81.3 x 8 mm (6.44 x 3.20 x 0.31 in),"4.0, A2DP",GSM 850 / 900 / 1800 / 1900,,,Up to 26 h (2G) / Up to 14 h (3G),GPS,,Yes,,,,,,,FM radio,,Android 4.2 (Jelly Bean),HSPA,,,IPS LCD,-,"Accelerometer, gyro, proximity, compass",16GB 1GB RAM,"5.7 inches, 89.6 cm2(~67.4% screen-to-body ratio)","Black, White",,5 MP,"Li-Ion 3200 mAh, non-removable",,0.83 W/kg (head)     0.70 W/kg (body),,GSM / HSPA,HSDPA 900 / 2100,"Wi-Fi 802.11 b/g/n, hotspot, Wi-Fi Direct",No,Gionee Gpad G4,https://fdn2.gsmarena.com/vv/bigpic/gionee-gpad-g4.jpg,"LED flash, panorama",Up to 375 h,2014. Released 2014,,1080p@30fps,,microUSB 2.0,,,About 220 EUR,Quad-core 1.5 GHz Cortex-A7,"720 x 1280 pixels, 16:9 ratio (~258 ppi density)",,Gionee,,,,Yes,"13 MP, AF",,PowerVR Series 5XT,,,Discontinued,,Dual SIM (Dual stand-by),
,microSDHC (dedicated slot),,157.7 x 79.5 x 9.8 mm (6.21 x 3.13 x 0.39 in),"4.0, A2DP",GSM 850 / 900 / 1800 / 1900,,,,GPS,,Yes,,,,,,,FM radio,,Android 4.2 (Jelly Bean),HSPA,,,TFT,-,"Accelerometer, proximity, compass",4GB 512MB RAM,"5.5 inches, 83.4 cm2(~66.5% screen-to-body ratio)","Black, White",,VGA,"Li-Ion 2250 mAh, removable",,0.84 W/kg (head)     0.79 W/kg (body),,GSM / HSPA,HSDPA 900 / 2100,"Wi-Fi 802.11 b/g/n, hotspot",No,Gionee Gpad G3,https://fdn2.gsmarena.com/vv/bigpic/gionee-gpad-g3.jpg,"LED flash, panorama",,2013. Released 2013,,720p,,microUSB 2.0,Mediatek MT6589 (28 nm),,About 110 EUR,Quad-core 1.2 GHz Cortex-A7,"480 x 854 pixels, 16:9 ratio (~178 ppi density)",,Gionee,,,,Yes,"5 MP, AF",,PowerVR SGX544,,,Discontinued,,Dual SIM (Dual stand-by),
,microSDHC (dedicated slot),,145 x 73 x 9.9 mm (5.71 x 2.87 x 0.39 in),"4.0, A2DP",GSM 850 / 900 / 1800 / 1900,,,,GPS,,Yes,,,,,,,FM radio,,Android 4.1 (Jelly Bean),HSPA,,,IPS LCD,-,"Accelerometer, proximity, compass",4GB 1GB RAM,"5.3 inches, 77.4 cm2(~73.2% screen-to-body ratio)","Black, White",,2 MP,"Li-Ion 3000 mAh, removable",,,,GSM / HSPA,HSDPA 2100,"Wi-Fi 802.11 b/g/n, hotspot",No,Gionee Gpad G2,https://fdn2.gsmarena.com/vv/bigpic/gionee-gpad-g2.jpg,LED flash,,"2013, May. Released 2013, May",,1080p@30fps,,microUSB 2.0,,,About 160 EUR,Quad-core 1.2 GHz Cortex-A7,"540 x 960 pixels, 16:9 ratio (~208 ppi density)",,Gionee,,,,Yes,"8 MP, AF",,PowerVR SGX544,,,Discontinued,,Dual SIM (Dual stand-by),
,microSDHC (dedicated slot),,142 x 78.5 x 10 mm (5.59 x 3.09 x 0.39 in),"4.0, A2DP",GSM 850 / 900 / 1800 / 1900,,,,GPS,,Yes,,,,,,,FM radio,,Android 4.0 (Ice Cream Sandwich),HSPA,,,TFT,-,"Accelerometer, proximity, compass",4GB 512MB RAM,"5.0 inches, 71.2 cm2(~63.8% screen-to-body ratio)","Black, White",,VGA,"Li-Ion 2100 mAh, removable",,0.47 W/kg (head)     0.64 W/kg (body),,GSM / HSPA,HSDPA 900 / 2100,"Wi-Fi 802.11 b/g/n, hotspot",No,Gionee Gpad G1,https://fdn2.gsmarena.com/vv/bigpic/gionee-gpad-g1.jpg,LED flash,,2013. Released 2013,,720p,,microUSB 2.0,,,About 100 EUR,Dual-core 1.0 GHz Cortex-A9,"480 x 800 pixels, 5:3 ratio (~187 ppi density)",,Gionee,,,,Yes,"8 MP, AF",,,,,Discontinued,,Dual SIM (Dual stand-by),
,microSDHC (dedicated slot),,129.3 x 68 x 11.1 mm (5.09 x 2.68 x 0.44 in),"4.0, A2DP",GSM 850 / 900 / 1800 / 1900,,,,GPS,,Yes,,,,,,,FM radio,,Android 4.2 (Jelly Bean),HSPA,,,TFT,-,"Accelerometer, proximity, compass",4GB 512MB RAM,"4.3 inches, 52.6 cm2(~59.9% screen-to-body ratio)","Black, White",,VGA,"Li-Ion 1700 mAh, removable",,0.68 W/kg (head)     0.67 W/kg (body),,GSM / HSPA,HSDPA 900 / 2100,"Wi-Fi 802.11 b/g/n, Wi-Fi Direct, hotspot",No,Gionee Pioneer P3,https://fdn2.gsmarena.com/vv/bigpic/gionee-pioneer-p3.jpg,"LED flash, panorama",,2013. Released 2013,,720p,,microUSB 2.0,,,About 90 EUR,Quad-core 1.3 GHz Cortex-A7,"480 x 800 pixels, 5:3 ratio (~217 ppi density)",,Gionee,,,,Yes,"5 MP, AF",,Mali-400,,,Discontinued,,Dual SIM (Dual stand-by),
,microSDHC (dedicated slot),,126 x 64.4 x 11.2 mm (4.96 x 2.54 x 0.44 in),"4.0, A2DP",GSM 850 / 900 / 1800 / 1900,,,,GPS,,Yes,,,,,,,"FM radio, recording",,Android 4.2 (Jelly Bean),HSPA,,,TFT,-,"Accelerometer, proximity, compass",4GB 512MB RAM,"4.0 inches, 45.5 cm2(~56.1% screen-to-body ratio)","Black, White",,VGA,"Li-Ion 1700 mAh, removable",,1.36 W/kg (head)     0.73 W/kg (body),,GSM / HSPA,HSDPA 900 / 2100,"Wi-Fi 802.11 b/g/n, Wi-Fi Direct, hotspot",No,Gionee Pioneer P2,https://fdn2.gsmarena.com/vv/bigpic/gionee-pioneer-p2.jpg,"LED flash, panorama",,2013. Released 2013,,720p,,microUSB 2.0,,,About 70 EUR,Dual-core 1.3 GHz Cortex-A7,"480 x 800 pixels, 5:3 ratio (~233 ppi density)",,Gionee,,,,Yes,5 MP,,Mali-400,,,Discontinued,,Dual SIM,
,microSDHC (dedicated slot),,113 x 61.5 x 12 mm (4.45 x 2.42 x 0.47 in),Yes,GSM 900 / 1800,,,,No,,Yes,,,,,No,,"FM radio, recording",,Android 2.3 (Gingerbread),,,,TFT,-,"Accelerometer, proximity, compass",512MB 256MB RAM,"3.5 inches, 36.5 cm2(~52.5% screen-to-body ratio)",Black,,VGA,"Li-Ion 1500 mAh, removable",,1.44 W/kg (head)     1.35 W/kg (body),,GSM,,"Wi-Fi 802.11 b/g/n, hotspot",No,Gionee Pioneer P1,https://fdn2.gsmarena.com/vv/bigpic/gionee-pioneer-p1.jpg,,,2013. Released 2013,,Yes,,Proprietary,,,About 60 EUR,1.0 GHz Cotex-A9,"320 x 480 pixels, 3:2 ratio (~165 ppi density)",,Gionee,,,,Yes,"2 MP, AF",,,,,Discontinued,Class 12,Dual SIM (Dual stand-by),
,microSDHC (dedicated slot),,123 x 63.5 x 11.2 mm (4.84 x 2.5 x 0.44 in),"4.0, A2DP",GSM 850 / 900 / 1800 / 1900,,,,GPS,,Yes,,,,,,,FM radio,,Android 4.0 (Ice Cream Sandwich),HSPA,,,TFT,-,"Accelerometer, proximity, compass",4GB 512MB RAM,"3.95 inches, 46.5 cm2(~59.5% screen-to-body ratio)",Cofee/Black,,VGA,"Li-Ion 1700 mAh, removable",,1.29 W/kg (head)     0.83 W/kg (body),,GSM / HSPA,HSDPA 900 / 2100,"Wi-Fi 802.11 b/g/n, hotspot",No,Gionee Ctrl V1,https://fdn2.gsmarena.com/vv/bigpic/gionee-ctrl-v1.jpg,,,2013. Released 2013,,Yes,,microUSB,,,About 90 EUR,1.0 GHz Cotex-A9,"320 x 480 pixels, 3:2 ratio (~146 ppi density)",,Gionee,,,,Yes,2 MP,,,,,Discontinued,,Dual SIM (Dual stand-by),
,microSDHC (dedicated slot),,115 x 61 x 10.8 mm (4.53 x 2.40 x 0.43 in),Yes,GSM 850 / 900 / 1800 / 1900,,,,GPS,,Yes,,,,,Yes,,FM radio,,Android 4.0 (Ice Cream Sandwich),,,,IPS LCD,-,"Accelerometer, proximity, compass",4GB 512MB RAM,"3.5 inches, 36.5 cm2(~52.0% screen-to-body ratio)",White,,VGA,"Li-Ion 1500 mAh, removable",,1.25 W/kg (head)     1.04 W/kg (body),,GSM,,"Wi-Fi 802.11 b/g/n, hotspot",No,Gionee Ctrl V2,https://fdn2.gsmarena.com/vv/bigpic/gionee-ctrl-v2.jpg,,,2013. Released 2013,,Yes,,microUSB,,,About 60 EUR,1.0 GHz Cotex-A9,"320 x 480 pixels, 3:2 ratio (~165 ppi density)",,Gionee,,,,Yes,3.15 MP,,,,,Discontinued,Yes,Dual SIM (Dual stand-by),
,microSDHC (dedicated slot),,130 x 67 x 9.8 mm (5.12 x 2.64 x 0.39 in),"4.0, A2DP",GSM 850 / 900 / 1800 / 1900,,,,GPS,,Yes,,,,,,,FM radio,,Android 4.0 (Ice Cream Sandwich),HSPA,,,IPS LCD,-,"Accelerometer, proximity, compass",4GB 512MB RAM,"4.3 inches, 52.6 cm2(~60.4% screen-to-body ratio)",Black,,VGA,"Li-Ion 1800 mAh, removable",,0.70 W/kg (head)     0.96 W/kg (body),Corning Gorilla Glass,GSM / HSPA,HSDPA 900 / 2100,"Wi-Fi 802.11 b/g/n, hotspot",No,Gionee Ctrl V3,https://fdn2.gsmarena.com/vv/bigpic/gionee-ctrl-v3.jpg,LED flash,,2013. Released 2013,,Yes,,microUSB,,,About 100 EUR,Dual-core 1.0 GHz Cortex-A9,"480 x 800 pixels, 5:3 ratio (~217 ppi density)",,Gionee,,,,Yes,"5 MP, AF",,,,,Discontinued,,Dual SIM (Dual stand-by),
,microSDHC (dedicated slot),,131 x 65 x 7.8 mm (5.16 x 2.56 x 0.31 in),"4.0, A2DP",GSM 850 / 900 / 1800 / 1900 - SIM 1 & SIM 2,,,Up to 16 h (2G) / Up to 10 h (3G),GPS,,Yes,,,,,,,FM radio,,Android 4.4.2 (KitKat),HSPA,,,IPS LCD,-,"Accelerometer, proximity, compass",8GB 1GB RAM,"4.5 inches, 55.8 cm2(~65.5% screen-to-body ratio)","Black, White",,2 MP,"Li-Ion 1800 mAh, removable",,0.46 W/kg (head)     0.74 W/kg (body),,GSM / HSPA,HSDPA 900 / 2100,"Wi-Fi 802.11 b/g/n, hotspot",No,Gionee Ctrl V4s,https://fdn2.gsmarena.com/vv/bigpic/gionee-ctrl-v4s.jpg,"LED flash, panorama",Up to 230 h (2G) / Up to 230 h (3G),2014. Released 2014,,720p,,microUSB 2.0,,,,Quad-core 1.3 GHz Cortex-A7,"480 x 854 pixels, 16:9 ratio (~218 ppi density)",,Gionee,,,,Yes,"8 MP, AF",,Mali-400,,,Discontinued,,Dual SIM,
,microSDHC (dedicated slot),,136 x 67 x 9.7 mm (5.35 x 2.64 x 0.38 in),"4.0, A2DP",GSM 850 / 900 / 1800 / 1900,,,,GPS,,Yes,,,,,,,FM radio,,Android 4.2 (Jelly Bean),HSPA,,,TFT,-,"Accelerometer, proximity, compass",4GB 512MB RAM,"4.5 inches, 55.8 cm2(~61.2% screen-to-body ratio)","Black, White",,VGA,"Li-Ion 1800 mAh, removable",,0.63 W/kg (head)     0.48 W/kg (body),,GSM / HSPA,HSDPA 900 / 2100,"Wi-Fi 802.11 b/g/n, hotspot",No,Gionee Ctrl V4,https://fdn2.gsmarena.com/vv/bigpic/gionee-ctrl-v4.jpg,LED flash,,2013. Released 2013,,Yes,,microUSB,,,About 110 EUR,Quad-core 1.2 GHz Cortex-A7,"480 x 854 pixels, 16:9 ratio (~218 ppi density)",,Gionee,,,,Yes,"5 MP, AF",,PowerVR Series 5XT,,,Discontinued,,Dual SIM (Dual stand-by),
,microSDHC (dedicated slot),,130 x 67 x 8.6 mm (5.12 x 2.64 x 0.34 in),"4.0, A2DP",GSM 850 / 900 / 1800 / 1900,,,,GPS,,Yes,,,,,,,FM radio,,Android 4.1 (Jelly Bean),HSPA,,,Super AMOLED+,-,"Accelerometer, proximity, compass",4GB 1GB RAM,"4.65 inches, 59.6 cm2(~68.4% screen-to-body ratio)",Black,,1 MP,"Li-Ion 2100 mAh, removable",,0.64 W/kg (head)     1.01 W/kg (body),Corning Gorilla Glass 2,GSM / HSPA,HSDPA 900 / 2100,"Wi-Fi 802.11 b/g/n, hotspot",No,Gionee Dream D1,https://fdn2.gsmarena.com/vv/bigpic/gionee-dream-d1.jpg,LED flash,,2013. Released 2013,,1080p@30fps,,microUSB 2.0,,,About 170 EUR,Quad-core 1.2 GHz Cortex-A7,"720 x 1280 pixels, 16:9 ratio (~316 ppi density)",,Gionee,,,,Yes,"8 MP, AF",,PowerVR Series 5XT,,,Discontinued,,Dual SIM (Dual stand-by),
