Positioning,,Card slot,Java,Video,Messaging,OS,GPRS,3.5mm jack,Model Image,Single,Loudspeaker,USB,NFC,EDGE,Colors,Announced,Keyboard,CPU,Chipset,Size,Features,Talk time,GPU,2G bands,SIM,Stand-by,Single_1,_1,Type,Type_1,Model Name,_2,Bluetooth,Status,Radio,WLAN,3G bands,Internal,Call records,Brand,_3,Games,Resolution,Speed,Phonebook,Video_1,Dimensions,Sensors,Price,Weight,Technology
GPS,,microSDXC (dedicated slot),,1080p@30fps,,Android 4.4 (KitKat),,Yes,https://fdn2.gsmarena.com/vv/bigpic/niu-andy-c5.5e2i.jpg,"8 MP, AF",Yes,microUSB 2.0,No,,"Blue, Gun Metal","2015, December. Released 2016, March",,Quad-core 1.3 GHz Cortex-A7,Mediatek MT6582M (28 nm),"5.5 inches, 83.4 cm2(~68.3% screen-to-body ratio)","LED flash, panorama, HDR",Up to 22 h 10 min (2G) / Up to 18 h 30 min (3G),Mali-400,GSM 850 / 900 / 1800 / 1900,Micro-SIM,Up to 600 h (2G) / Up to 500 h (3G),1.3 MP,,IPS LCD,"Li-Po 3000 mAh, removable",NIU Andy C5.5E2I,,"4.0, LE",Discontinued,Stereo FM radio,"Wi-Fi 802.11 b/g/n, Wi-Fi Direct, hotspot",UMTS 850 / 1900 - AC55E2I043,4GB 512MB RAM,,NIU,,,"720 x 1280 pixels, 16:9 ratio (~267 ppi density)",HSPA 21.1/5.76 Mbps,,,154.5 x 79 x 9.2 mm (6.08 x 3.11 x 0.36 in),"Accelerometer, proximity",,128 g (4.52 oz),GSM / UMTS
GPS,HSDPA 900 / 2100 - AM35E2I047,microSDXC,,480p@30fps,,Android 4.4 (KitKat),,Yes,https://fdn2.gsmarena.com/vv/bigpic/NIU-35E2I.jpg,5 MP,Yes,microUSB 2.0,No,,"Black, White, Blue, Green, Orange","2015, February. Released 2015, March",,Dual-core 1.0 GHz Cortex-A7,Mediatek MT6572M (28 nm),"3.5 inches, 36.5 cm2(~50.3% screen-to-body ratio)","LED flash, panorama",Up to 18 h (2G) / Up to 8 h (3G),Mali-400,GSM 850 / 900 / 1800 / 1900 - SIM 1 & SIM 2,Dual SIM (Mini-SIM/ Micro-SIM),Up to 260 h (2G) / Up to 217 h (3G),1.3 MP,,"LCD, 256K colors","Li-Ion 1300 mAh, removable",NIU Andy 3.5E2I,,"4.0, A2DP",Discontinued,Stereo FM radio,"Wi-Fi 802.11 a/b/g/n, hotspot",UMTS 850 / 1900 - AM35E2I043,4GB 512MB RAM,,NIU,,,"320 x 480 pixels, 3:2 ratio (~165 ppi density)",HSPA 21.1/5.76 Mbps,,,115.5 x 62.8 x 10.7 mm (4.55 x 2.47 x 0.42 in),Accelerometer,,102 g (3.60 oz),GSM / UMTS / HSPA
GPS,HSDPA 850 / 1900 - AM4E2I043,microSDXC,,480p@30fps,,Android 4.4 (KitKat),,Yes,https://fdn2.gsmarena.com/vv/bigpic/NIU-4E2I.jpg,5 MP,Yes,microUSB 2.0,No,,"Black, White, Red, Blue, Yellow","2015, January. Released 2015, March",,Dual-core 1.0 GHz Cortex-A7,Mediatek MT6572M (28 nm),"4.0 inches, 45.5 cm2(~58.3% screen-to-body ratio)","LED flash, panorama",Up to 18 h (2G) / Up to 9 h (3G),Mali-400,GSM 850 / 900 / 1800 / 1900 - SIM 1 & SIM 2,Dual SIM (Mini-SIM/ Micro-SIM),Up to 280 h (2G) / Up to 232 h (3G),1.3 MP,,"TFT, 256K colors","Li-Ion 1400 mAh, removable",NIU Andy 4E2I,,"4.0, A2DP",Discontinued,Stereo FM radio,"Wi-Fi 802.11 a/b/g/n, hotspot",HSDPA 900 / 2100 - AM4E2I047,4GB 512MB RAM,,NIU,,,"480 x 800 pixels, 5:3 ratio (~233 ppi density)",HSPA 21.1/5.76 Mbps,,,121 x 64.6 x 10.7 mm (4.76 x 2.54 x 0.42 in),Accelerometer,,110 g (3.88 oz),GSM / HSPA
GPS,HSDPA 850 / 1900 - SIM 1 or SIM 2,microSDXC,,480p@30fps,,Android 4.2 (Jelly Bean),,Yes,https://fdn2.gsmarena.com/vv/bigpic/NIU-5EI.jpg,5 MP,Yes,microUSB 2.0,No,,"Black, White, Red, Blue, Green","2014, May. Released 2014, July",,Dual-core 1.0 GHz Cortex-A7,Mediatek MT6572M (28 nm),"5.0 inches, 68.9 cm2(~65.7% screen-to-body ratio)",LED flash,Up to 16 h (2G) / Up to 7 h 30 min (3G),Mali-400,GSM 850 / 900 / 1800 / 1900 - SIM 1 & SIM 2,Dual SIM (Mini-SIM/ Micro-SIM),Up to 480 h (2G) / Up to 350 h (3G),1.3 MP,HSDPA 850 / 2100 - SIM 1 or SIM 2,"TFT, 256K colors","Li-Ion 1550 mAh, removable",NIU Andy 5EI,,"3.0, A2DP",Discontinued,Stereo FM radio,"Wi-Fi 802.11 a/b/g/n, hotspot",HSDPA 900 / 2100 - SIM 1 or SIM 2,4GB 512MB RAM,,NIU,,,"480 x 854 pixels, 16:9 ratio (~196 ppi density)",HSPA 21.1/5.76 Mbps,,,142.8 x 73.4 x 9.5 mm (5.62 x 2.89 x 0.37 in),"Accelerometer, proximity",,160 g (5.64 oz),GSM / HSPA
GPS,HSDPA 900 / 2100 - SIM 1 or SIM 2,microSDXC,,1080p@30fps,,Android 4.4.2 (KitKat),,Yes,https://fdn2.gsmarena.com/vv/bigpic/niu-5t.jpg,"13 MP, AF",Yes,microUSB 2.0,No,,"White, Black, Blue, Red","2014, July. Released 2014, August",,Quad-core 1.3 GHz Cortex-A7,Mediatek MT6582 (28 nm),"5.0 inches, 68.9 cm2(~68.7% screen-to-body ratio)","LED flash, HDR",Up to 16 h (2G) / Up to 8 h 30 min (3G),Mali-400MP2,GSM 850 / 900 / 1800 / 1900 - SIM 1 & SIM 2,Dual SIM (Mini-SIM/ Micro-SIM),Up to 480 h (2G) / Up to 360 h (3G),5 MP,,IPS LCD,"Li-Po 1800 mAh, non-removable",NIU Andy 5T,,"4.0, A2DP",Discontinued,Stereo FM radio,"Wi-Fi 802.11 a/b/g/n, hotspot",HSDPA 850 / 1900 - SIM 1 or SIM 2,4GB 1GB RAM,,NIU,,,"720 x 1280 pixels, 16:9 ratio (~294 ppi density)",HSPA 21.1/5.76 Mbps,,,144 x 69.7 x 6.9 mm (5.67 x 2.74 x 0.27 in),"Accelerometer, proximity, compass",,123 g (4.34 oz),GSM / HSPA
No,No,microSDHC,No,No,"SMS, IM",,Up to 48 kbps,No,https://fdn2.gsmarena.com/vv/bigpic/NIU--C21A.jpg,VGA,Yes,microUSB,No,No,"Black, White, Blue, Green, Purple, Red, Fuchsia","2013, March. Released 2013, April",,,,"1.8 inches, 10.2 cm2(~21.4% screen-to-body ratio)",,Up to 4 h,,GSM 850 / 900 / 1800 / 1900 - SIM 1 & SIM 2 - CM21A003,Dual SIM (Mini-SIM),Up to 200 h,,Video PlayerMusic PlayerOrganizerWhatsapp,"TFT, 256K colors","Li-Ion 600 mAh, removable",NIU C21A,,2.0,Discontinued,Stereo FM radio,No,,32Mb 32Mb RAM,Yes,NIU,,No,128 x 160 pixels (~114 ppi density),,Yes,,106 x 45 x 14.5 mm (4.17 x 1.77 x 0.57 in),,,73 g without battery (2.57 oz),GSM
No,Flashlight,microSDHC (dedicated slot),No,Yes,SMS,,Up to 48 kbps,Yes,https://fdn2.gsmarena.com/vv/bigpic/NIU-F10.jpg,1.3 MP,Yes,microUSB,No,No,"Black, Blue, Red, White","2012, November. Released 2013, April",QWERTY,,,"2.2 inches, 15.2 cm2(~25.3% screen-to-body ratio)",,Up to 5 h 30 min,,GSM 850 / 900 / 1800 / 1900 - SIM 1 & SIM 2 & SIM 3,Triple SIM (Mini-SIM),Up to 400 h,,No,"TFT, 65K colors","Li-Ion 600 mAh, removable",NIU F10,Analog TVVideo PlayerMusic PlayerOrganizer,"2.1, A2DP",Discontinued,Stereo FM radio,No,,64Mb 32Mb RAM,Yes,NIU,,Yes,220 x 176 pixels (~128 ppi density),,Yes,,102 x 59 x 13.7 mm (4.02 x 2.32 x 0.54 in),,,72 g without battery (2.54 oz),GSM
No,GSM 850 / 900 / 1800 / 1900 - SIM 2,microSDHC,No,Yes,"SMS, MMS",,Up to 48 kbps,No,https://fdn2.gsmarena.com/vv/bigpic/NIU-Z10.jpg,VGA,Yes,microUSB,No,No,"Black, White, Blue","2013, November. Released 2014, January",,,,"2.0 inches, 12.6 cm2(~20.1% screen-to-body ratio)",,Up to 7 h,,GSM 850 / 900 / 1800 / 1900 - SIM 1,Dual SIM (Mini-SIM),Up to 290 h,,FlashlightSOS button,"TFT, 65K colors","Li-Ion 1000 mAh, removable",NIU Z10,No,2.1,Discontinued,Stereo FM radio; buit-in antenna,No,,32Mb 32Mb RAM,Yes,NIU,Music/Video playerOrganizerCalendarCalculatorVoice memo,Yes,144 x 176 pixels (~114 ppi density),,Yes,,113.2 x 55.5 x 14.5 mm (4.46 x 2.19 x 0.57 in),,,90 g without battery (3.17 oz),GSM
GPS,,microSDXC,,480p@30fps,,Android 4.4.2 (KitKat),,Yes,https://fdn2.gsmarena.com/vv/bigpic/niu-5d.jpg,5 MP,Yes,microUSB 2.0,No,,Black,"2015, January. Released 2015, February",,Dual-core 1.0 GHz Cortex-A7,Mediatek MT6572M (28 nm),"5.0 inches, 44.1 cm2(~38.0% screen-to-body ratio)",LED flash,Up to 15 h (2G) / Up to 12 h (3G),Mali-400,GSM 850 / 900 / 1800 / 1900 - SIM 1 & SIM 2,Dual SIM (Mini-SIM/ Micro-SIM),Up to 400 h (2G) / Up to 332 h (3G),1.3 MP,,"TFT, 256K colors","Li-Ion 2000 mAh, removable",NIU Tek 5D,,"3.0, A2DP",Discontinued,Stereo FM radio,"Wi-Fi 802.11 b/g/n, hotspot",HSDPA 850 / 1900 -  SIM 1 & SIM 2 - TM5DI043,4GB 512MB RAM,,NIU,,,"480 x 854 pixels, 16:9 ratio (~245 ppi density)",HSPA 21.1/5.76 Mbps,,,156.3 x 74.2 x 9.3 mm (6.15 x 2.92 x 0.37 in),"Accelerometer, proximity",,150 g (5.29 oz),GSM / HSPA
GPS,,microSDXC,,480p@30fps,,Android 4.4.2 (KitKat),,Yes,https://fdn2.gsmarena.com/vv/bigpic/niutek-4d2.jpg,3.15 MP,Yes,microUSB 2.0,No,,"Black, Gray, White, Blue, Orange","2014, August. Released 2014, November",,Dual-core 1.0 GHz Cortex-A7,Mediatek MT6572M (28 nm),"4.0 inches, 45.5 cm2(~58.8% screen-to-body ratio)","LED flash, panorama",Up to 8 h (2G) / Up to 6 h (3G),Mali-400,GSM 850 / 900 / 1800 / 1900 - SIM 1 & SIM 2,Dual SIM (Mini-SIM/ Micro-SIM),Up to 400 h (2G) / Up to 320 h (3G),1.3 MP,,TFT,"Li-Ion 1200 mAh, removable",NIU Tek 4D2,,"4.0, A2DP",Discontinued,Stereo FM radio,"Wi-Fi 802.11 a/b/g/n, dual-band, hotspot",HSDPA 850 / 1900 -  SIM 1 & SIM 2 - TM4D2I043,4GB 512MB RAM,,NIU,,,"480 x 800 pixels, 5:3 ratio (~233 ppi density)",HSPA 21.1/5.76 Mbps,,,123 x 63 x 10.3 mm (4.84 x 2.48 x 0.41 in),Accelerometer,,152 g (5.36 oz),GSM / HSPA
GPS,,microSDXC,,480p@30fps,,Android 4.2 (Jelly Bean),,Yes,https://fdn2.gsmarena.com/vv/bigpic/niutek-35d2.jpg,2 MP,Yes,microUSB 2.0,No,,"Black, White, Blue, Green, Red","2014, August. Released 2014, October",,Dual-core 1.0 GHz Cortex-A7,Mediatek MT6572M (28 nm),"3.5 inches, 36.5 cm2(~51.5% screen-to-body ratio)","LED flash, panorama",Up to 8 h (2G) / Up to 6 h (3G),Mali-400,GSM 850 / 900 / 1800 / 1900 - SIM 1 & SIM 2,Dual SIM (Mini-SIM/ Micro-SIM),Up to 400 h (2G) / Up to 320 h (3G),VGA,,"TFT, 256K colors","Li-Ion 1200 mAh, removable",NIU Niutek 3.5D2,,"3.0, A2DP",Discontinued,Stereo FM radio,"Wi-Fi 802.11 a/b/g/n, dual-band, hotspot",HSDPA 850 / 1900 -  SIM 1 & SIM 2 - TM35D2H043,2GB 256MB RAM,,NIU,,,"320 x 480 pixels, 3:2 ratio (~165 ppi density)",HSPA 21.1/5.76 Mbps,,,116 x 61 x 11.5 mm (4.57 x 2.40 x 0.45 in),Accelerometer,,98 g (3.46 oz),GSM / HSPA
No,No,microSDHC,No,,"SMS, MMS, IM",,Up to 48 kbps,Yes,https://fdn2.gsmarena.com/vv/bigpic/niu-go-21.jpg,VGA,Yes,microUSB 2.0,No,No,"Black, Orange, Gray, Red, Green, Blue","2014, May. Released 2014, June",,,,"1.8 inches, 10.2 cm2(~21.6% screen-to-body ratio)",,Up to 6 h,,GSM 850 / 900 / 1800 / 1900 - SIM 1 & SIM 2,Dual SIM (Mini-SIM),Up to 200 h,,Whatsapp messengerVideo/music playerOrganizerPredictive text input,"TFT, 65K colors","Li-Ion 650 mAh, removable",NIU GO 21,,"2.1, EDR",Discontinued,Stereo FM radio,No,,32Mb 32Mb RAM,Yes,NIU,,Yes,128 x 160 pixels (~114 ppi density),,Yes,,105 x 44.9 x 14.2 mm (4.13 x 1.77 x 0.56 in),,,66 g (2.33 oz),GSM
GPS,,microSDHC (dedicated slot),,720p@30fps,,Android 4.2 (Jelly Bean),,Yes,https://fdn2.gsmarena.com/vv/bigpic/niu-tek-45d.jpg,5 MP,Yes,microUSB 2.0,No,,Black,"2013, December. Released 2014, January",,Dual-core 1.2 GHz Cortex-A7,Mediatek MT6572 (28 nm),"4.5 inches, 55.8 cm2(~59.6% screen-to-body ratio)","LED flash, panorama",Up to 16 h (2G) / Up to 9 h (3G),Mali-400,GSM 850 / 900 / 1800 / 1900 - SIM 1 & SIM 2,Dual SIM (Mini-SIM),Up to 640 h (2G) / Up to 420 h (3G),1.3 MP,,"TFT, 256K colors","Li-Ion 1650 mAh, removable",NIU Niutek 4.5D,,"3.0, A2DP",Discontinued,Stereo FM radio,"Wi-Fi 802.11 a/b/g/n, dual-band, hotspot",HSDPA 850 / 1900 - SIM 1 or SIM 2,512MB 256MB RAM,,NIU,,,"480 x 854 pixels, 16:9 ratio (~218 ppi density)",HSPA 21.1/5.76 Mbps,,,137.6 x 68 x 10.4 mm (5.42 x 2.68 x 0.41 in),"Accelerometer, proximity",,139 g (4.90 oz),GSM / HSPA
GPS,,microSDHC (dedicated slot),,720p@30fps,,Android 4.2 (Jelly Bean),,Yes,https://fdn2.gsmarena.com/vv/bigpic/niu-tek-4d-.jpg,3.15 MP,Yes,microUSB 2.0,No,,"Black, Blue, Green, White, Yellow","2013, December. Released 2014, January",,Dual-core 1.2 GHz Cortex-A7,Mediatek MT6572 (28 nm),"4.0 inches, 45.5 cm2(~57.0% screen-to-body ratio)",LED flash,Up to 15 h (2G) / Up to 8 h 30 min (3G),Mali-400,GSM 850 / 900 / 1800 / 1900 - SIM 1 & SIM 2,Dual SIM (Mini-SIM),Up to 630 h (2G) / Up to 415 h (3G),1.3 MP,,"TFT, 256K colors","Li-Ion 1500 mAh, removable",NIU Niutek 4.0D,,"3.0, A2DP",Discontinued,Stereo FM radio,"Wi-Fi 802.11 a/b/g/n, dual-band, hotspot",HSDPA 850 / 1900 - SIM 1 or SIM 2,512MB 256MB RAM,,NIU,,,"480 x 800 pixels, 5:3 ratio (~233 ppi density)",HSPA 21.1/5.76 Mbps,,,127 x 62.9 x 9.9 mm (5.0 x 2.48 x 0.39 in),"Accelerometer, proximity",,131 g (4.62 oz),GSM / HSPA
GPS,,microSDHC (dedicated slot),,480p@30fps,,Android 4.2 (Jelly Bean),,Yes,https://fdn2.gsmarena.com/vv/bigpic/niu-tek-35d.jpg,2 MP,Yes,microUSB 2.0,No,,"Black, Blue, Green, White, Yellow","2013, December. Released 2014, January",,Dual-core 1.0 GHz Cortex-A7,Mediatek MT6572 (28 nm),"3.5 inches, 36.5 cm2(~49.5% screen-to-body ratio)","LED flash, panorama, HDR",Up to 15 h (2G) / Up to 8 h (3G),Mali-400,GSM 850 / 900 / 1800 / 1900 - SIM 1 & SIM 2,Dual SIM (Mini-SIM),Up to 620 h (2G) / Up to 410 h (3G),VGA,,"TFT, 256K colors","Li-Ion 1400 mAh, removable",NIU Niutek 3.5D,,"3.0, A2DP",Discontinued,Stereo FM radio,"Wi-Fi 802.11 a/b/g/n, dual-band, hotspot",HSDPA 850 / 1900 - SIM 1 or SIM 2,512MB 256MB RAM,,NIU,,,"320 x 480 pixels, 3:2 ratio (~165 ppi density)",HSPA 21.1/5.76 Mbps,,,118 x 62.5 x 13.5 mm (4.65 x 2.46 x 0.53 in),"Accelerometer, proximity",,108 g (3.81 oz),GSM / HSPA
No,Flashlight,microSDHC (dedicated slot),No,,"SMS, MMS, IM",,Up to 48 kbps,No,https://fdn2.gsmarena.com/vv/bigpic/niu-go-20.jpg,VGA,Yes,Proprietary,No,No,"Black, White, Silver, Purple, Blue, Red","2013, November. Released 2013, November",,,,"1.8 inches, 10.2 cm2(~23.0% screen-to-body ratio)",,Up to 6 h,,GSM 850 / 900 / 1800 / 1900 - SIM 1 & SIM 2,Dual SIM (Mini-SIM),Up to 200 h,,No,"TFT, 65K colors","Li-Ion 500 mAh, removable",NIU GO 20,Whatsapp messengerVideo/music playerOrganizerPredictive text input,2.1,Discontinued,Stereo FM radio,No,,32Mb 32Mb RAM,Yes,NIU,,Yes,128 x 160 pixels (~114 ppi density),,Yes,,101 x 43.8 x 14 mm (3.98 x 1.72 x 0.55 in),,,60 g (2.12 oz),GSM
A-GPS only,No,microSDHC (dedicated slot),,@30fps,,Android 2.3 (Gingerbread),Up to 48 kbps,Yes,https://fdn2.gsmarena.com/vv/bigpic/niu-tek-3.jpg,3.15 MP,Yes,microUSB 2.0,No,Class 10,"Black, White","2013, March. Released 2013, July",,1.0 GHz Cortex-A5,Spreadtrum SC6820,"3.5 inches, 36.5 cm2(~51.8% screen-to-body ratio)",,Up to 17 h,Mali-400,GSM 850 / 900 / 1800 / 1900 - SIM 1 & SIM 2,Dual SIM (Mini-SIM),Up to 850 h,,Analog TV,TFT,"Li-Ion 1300 mAh, removable",NIU Niutek 3.5B,,3.0,Discontinued,"Stereo FM radio, recording","Wi-Fi 802.11 a/b/g/n, dual-band, hotspot",,512MB 256MB RAM,,NIU,,,"320 x 480 pixels, 3:2 ratio (~165 ppi density)",,,,113.6 x 62 x 13.8 mm (4.47 x 2.44 x 0.54 in),Accelerometer,,92 g without battery (3.25 oz),GSM
No,Flashlight,microSDHC (dedicated slot),No,Yes,SMS,,Up to 48 kbps,Yes,https://fdn2.gsmarena.com/vv/bigpic/niu-liv-10.jpg,VGA,Yes,microUSB,No,No,"Black, White, Blue, red","2013, March. Released 2013, May",QWERTY,,,"1.8 inches, 10.2 cm2(~17.2% screen-to-body ratio)",LED flash,Up to 7 h,,GSM 850 / 900 / 1800 / 1900 - SIM 1 & SIM 2 & SIM 3,Triple SIM (Mini-SIM),Up to 660 h,,No,"TFT, 65K colors","Li-Ion 860 mAh, removable",NIU LIV 10,Whatsapp messengerVideo/music playerOrganizer,"2.1, A2DP",Discontinued,Stereo FM radio,No,,32Mb 16Mb RAM,Yes,NIU,,Yes,160 x 128 pixels (~114 ppi density),,Yes,,102 x 58 x 13.3 mm (4.02 x 2.28 x 0.52 in),,,73 g without battery (2.57 oz),GSM
No,Flashlight,microSDHC (dedicated slot),No,Yes,SMS,,Up to 48 kbps,Yes,https://fdn2.gsmarena.com/vv/bigpic/niu-go-50.jpg,VGA,Yes,microUSB,No,No,"Blue, Black, White, Red, Silver, Dark Grey","2013, March. Released 2013, June",,,,"2.0 inches, 12.6 cm2(~25.3% screen-to-body ratio)",,Up to 6 h,,GSM 850 / 900 / 1800 / 1900 - SIM 1 & SIM 2,Dual SIM (Mini-SIM),Up to 200 h,,No,"TFT, 65K colors","Li-Ion 800 mAh, removable",NIU GO 50,Whatsapp messengerVideo/music playerOrganizer,2.1,Discontinued,Stereo FM radio,No,,32Mb 32Mb RAM,Yes,NIU,,Yes,176 x 220 pixels (~141 ppi density),,Yes,,108 x 46 x 13.7 mm (4.25 x 1.81 x 0.54 in),,,57 g without battery (2.01 oz),GSM
GPS,Analog TVMP4/WMV/H.264 playerMP3/WAV/eAAC+ playerPhoto/video editorDocument viewer,microSDHC (dedicated slot),,Yes,,Android 4.0 (Ice Cream Sandwich),,Yes,https://fdn2.gsmarena.com/vv/bigpic/niu-tek-3g-35.jpg,3.2 MP,Yes,microUSB,No,,"Black, White","2012, June. Released 2012, November",,1.0 GHz Cortex-A9,Mediatek MT6575 (40 nm),"3.5 inches, 36.5 cm2(~49.5% screen-to-body ratio)",LED flash,Up to 15 h (2G) / Up to 6 h 30 min (3G),PowerVR SGX531,GSM 850 / 900 / 1800 / 1900 - SIM 1 & SIM 2,Dual SIM (Mini-SIM),Up to 713 h (2G) / Up to 428 h (3G),VGA,,TFT,"Li-Ion 1200 mAh, removable",NIU Niutek 3G 3.5 N209,,2.1,Discontinued,Stereo FM radio,"Wi-Fi 802.11 b/g, hotspot",HSDPA 850 / 1900 - SIM 1 only,256MB 512MB RAM,,NIU,,,"320 x 480 pixels, 3:2 ratio (~165 ppi density)",HSPA 14.4/5.76 Mbps,,,117 x 63 x 12 mm (4.61 x 2.48 x 0.47 in),"Accelerometer, proximity",About 100 EUR,71 g without battery (2.50 oz),GSM / HSPA
GPS,MP4/WMV/H.264 playerMP3/WAV/eAAC+ playerOrganizerPhoto/video editorDocument viewerVoice memo/dialPredictive text input,microSDHC (dedicated slot),,Yes,,Android 2.3 (Gingerbread),,Yes,https://fdn2.gsmarena.com/vv/bigpic/niu-niutek-3g-4.jpg,"5 MP, AF",Yes,microUSB,,,"Black, White","2012, June. Released 2012, August",,1.0 GHz Cortex-A9,Mediatek MT6575 (40 nm),"4.0 inches, 45.5 cm2(~56.7% screen-to-body ratio)",LED flash,Up to 16 h (2G) / Up to 7 h (3G),PowerVR SGX531,GSM 850 / 900 / 1800 / 1900 - SIM 1 & SIM 2,Dual SIM (Mini-SIM),Up to 713 h (2G) / Up to 428 h (3G),VGA,,TFT,Removable Li-Ion 1650 mAh battery,NIU Niutek 3G 4.0 N309,,2.1,Discontinued,Stereo FM radio,"Wi-Fi 802.11 b/g, hotspot",HSDPA 850 / 1900 - SIM 1 only,512MB 512MB RAM,,NIU,,,"480 x 800 pixels, 5:3 ratio (~233 ppi density)",HSPA 14.4/5.76 Mbps,,,123.5 x 65 x 10.5 mm (4.86 x 2.56 x 0.41 in),"Accelerometer, proximity",About 150 EUR,71 g without battery (2.50 oz),GSM / HSPA
No,"Analog TVFacebook, MSN, Twitter, YahooVideo playerMusic playerOrganizerVoice memoPredictive text input",microSDHC (dedicated slot),Yes,Yes,"SMS, MMS, Email, IM",,,Yes,https://fdn2.gsmarena.com/vv/bigpic/niu-panna-3g-tv.jpg,2 MP,Yes,microUSB,,,"Blue, Red, Silver, White","2012, June. Released 2012, September",QWERTY,,,"2.0 inches, 12.6 cm2(~21.7% screen-to-body ratio)",LED flash,Up to 6 h 30 min (2G) / Up to 4 h 30 min (3G),,GSM 850 / 900 / 1800 / 1900 - SIM 1 & SIM 2,Dual SIM (Mini-SIM),Up to 312 h (2G) / Up to 211 h (3G),VGA,,"TFT, 256K colors",Removable Li-Ion 800 mAh battery,NIU Pana 3G TV N206,,2.1,Discontinued,Stereo FM radio,No,HSDPA 850 / 1900 - SIM 1 only,128MB 32MB,Yes,NIU,,Yes,220 x 176 pixels (~141 ppi density),HSPA 14.4/5.76 Mbps,Yes,,103.5 x 56.1 x 14 mm (4.07 x 2.21 x 0.55 in),,,71 g without battery (2.50 oz),GSM / HSPA
No,GSM 850 / 900 / 1800 / 1900 - SIM 2,microSD (dedicated slot),No,No,"SMS, MMS",,Yes,No,https://fdn2.gsmarena.com/vv/bigpic/verykool-domo2.jpg,1.3 MP,Yes,miniUSB,,No,"Black, White","2012, March. Released 2012, Q3",,,,"1.8 inches, 10.2 cm2(~15.6% screen-to-body ratio)",,Up to 6 h,,GSM 850 / 900 / 1800 / 1900 - SIM 1,Dual SIM (Mini-SIM),Up to 250 h,,Flashlight,"TFT, 65K colors",Removable Li-Ion 1200 mAh battery,NIU GO 80,No,2.0,Discontinued,Stereo FM radio,No,,64MB,Yes,NIU,"Video PlayerMusic PlayerOrganizerCalendarCalculatorSound RecorderFacebook, MSN, Twitter, YahooRadio Antenna",Yes,128 x 160 pixels (~114 ppi density),,Yes,,113 x 58 x 15.9 mm (4.45 x 2.28 x 0.63 in),,,90 g without battery (3.17 oz),GSM
No,GSM 850 / 900 / 1800 / 1900 - SIM 2,microSD (dedicated slot),No,No,SMS,,No,No,https://fdn2.gsmarena.com/vv/bigpic/niu-domo.jpg,VGA,Yes,Proprietary,,No,"Black, White","2012, January. Released 2012, January",,,,"2.0 inches, 12.6 cm2(~17.6% screen-to-body ratio)",,Up to 4 h,,GSM 850 / 900 / 1800 / 1900 - SIM 1,Dual SIM (Mini-SIM),Up to 200 h,,Flashlight,"TFT, 65K colors",Removable Li-Ion 1000 mAh battery,NIU Domo N102,No,No,Discontinued,Stereo FM radio; built-in antenna,No,,64MB 32MB,Yes,NIU,Music playerOrganizer,No,128 x 160 pixels (~102 ppi density),,Yes,,123 x 58 x 15.9 mm (4.84 x 2.28 x 0.63 in),,About 40 EUR,90 g without battery (3.17 oz),GSM
No,GSM 850 / 900 / 1800 / 1900 - SIM 2,microSD (dedicated slot),No,,SMS,,No,Yes,https://fdn2.gsmarena.com/vv/bigpic/niu-bingo.jpg,,Yes,microUSB,,No,"Blue, Purple, Red, Silver, White","2012, January. Released 2012, January",,,,"1.8 inches, 10.2 cm2(~23.3% screen-to-body ratio)",,Up to 4 h,,GSM 850 / 900 / 1800 / 1900 - SIM 1,Dual SIM (Mini-SIM),Up to 96 h,,No,"TFT, 65K colors",Removable Li-Ion 500 mAh battery,NIU Bingo N103,Music player,No,Discontinued,Stereo FM radio,No,,32MB 3MB,Yes,NIU,,Yes,128 x 160 pixels (~114 ppi density),,Yes,,100 x 43.8 x 14.5 mm (3.94 x 1.72 x 0.57 in),,,45 g without battery (1.59 oz),GSM
No,GSM 850 / 900 / 1800 / 1900 - SIM 2,microSDHC (dedicated slot),No,No,"SMS, MMS, IM",,Up to 48 kbps,Yes,https://fdn2.gsmarena.com/vv/bigpic/niu-lotto.jpg,1.3 MP,Yes,microUSB,,No,"Blue, Purple, Red, Silver, White","2012, January. Released 2012, January",,,,"2.0 inches, 12.6 cm2(~24.0% screen-to-body ratio)",,Up to 4 h,,GSM 850 / 900 / 1800 / 1900 - SIM 1,Dual SIM (Mini-SIM),Up to 96 h,,Flashlight,"TFT, 65K colors",Removable Li-Ion 750 mAh battery,NIU Lotto N104,No,2.0,Discontinued,"Stereo FM radio, recording",No,,64MB,Yes,NIU,"Facebook, MSN, Twitter, YahooVideo PlayerMusic PlayerOrganizer",Yes,176 x 220 pixels (~141 ppi density),,Yes,,111.5 x 47 x 13.2 mm (4.39 x 1.85 x 0.52 in),,About 30 EUR,55 g without battery (1.94 oz),GSM
No,GSM 850 / 900 / 1800 / 1900 - SIM 2,microSDHC (dedicated slot),No,No,"SMS, MMS, IM",,Up to 48 kbps,Yes,https://fdn2.gsmarena.com/vv/bigpic/niu-pana.jpg,1.3 MP,Yes,microUSB,,No,"Blue, Red, Silver, White","2012, January. Released 2012, January",QWERTY,,,"2.2 inches, 15.0 cm2(~23.1% screen-to-body ratio)",,Up to 4 h,,GSM 850 / 900 / 1800 / 1900 - SIM 1,Dual SIM (Mini-SIM),Up to 140 h,,No,"TFT, 256K colors",Removable Li-Ion 850 mAh battery,NIU Pana N105,"Facebook, MSN, TwitterVideo PlayerMusic PlayerOrganizer",2.0,Discontinued,"Stereo FM radio, recording",No,,64MB,Yes,NIU,,Yes,"240 x 320 pixels, 4:3 ratio (~182 ppi density)",,Yes,,111 x 58.5 x 11.8 mm (4.37 x 2.30 x 0.46 in),,About 40 EUR,68 g without battery (2.40 oz),GSM
No,GSM 850 / 900 / 1800 / 1900 - SIM2 & SIM 3,microSDHC (dedicated slot),Yes,No,"SMS, MMS, IM",,Up to 48 kbps,Yes,https://fdn2.gsmarena.com/vv/bigpic/niu-panatv.jpg,1.3 MP,Yes,microUSB,,No,"Blue, Red, Silver, White","2012, January. Released 2012, January",QWERTY,,,"2.0 inches, 12.6 cm2(~19.4% screen-to-body ratio)",,Up to 4 h,,GSM 850 / 900 / 1800 / 1900 - SIM 1,Triple SIM (Mini-SIM),Up to 150 h,,Flashlight,"TFT, 256K colors",Removable Li-Ion 1000 mAh battery,NIU Pana TV N106,No,2.0,Discontinued,"Stereo FM radio, recording",No,,128MB 32MB,Yes,NIU,"Analog TVFacebook, MSN, TwitterVideo playerMusic playerOrganizerPredictive text input",Yes,220 x 176 pixels (~141 ppi density),,Yes,,111 x 58.5 x 13.5 mm (4.37 x 2.30 x 0.53 in),,,70 g without battery (2.47 oz),GSM
"GPS, A-GPS",GSM 850 / 900 / 1800 / 1900 - SIM 2,microSDHC (dedicated slot),,Yes,,Android 2.2 (Froyo),Up to 48 kbps,Yes,https://fdn2.gsmarena.com/vv/bigpic/niu-tekq.jpg,2 MP,Yes,microUSB,,No,"Black, White","2012, January. Released 2012, January",QWERTY,416 MHz,Mediatek MT6516,"2.3 inches, 15.8 cm2(~24.6% screen-to-body ratio)",LED flash,Up to 3 h,,GSM 850 / 900 / 1800 / 1900 - SIM 1,Dual SIM (Mini-SIM),Up to 48 h,,No,"TFT resistive touchscreen, 256K colors",Removable Li-Ion 1000 mAh battery,NIU NiutekQ N108,MP4/WMV/H.264 playerMP3/WAV/eAAC+ playerOrganizerPhoto/video editorDocument viewerVoice memo/dialPredictive text input,2.0,Discontinued,"Stereo FM radio, recording",Wi-Fi 802.11 b/g,,256MB 128MB RAM,,NIU,,,"480 x 320 pixels, 3:2 ratio (~251 ppi density)",,,,107.9 x 59.4 x 13.7 mm (4.25 x 2.34 x 0.54 in),"Accelerometer, compass",About 70 EUR,73 g without battery (2.57 oz),GSM
"GPS, A-GPS",GSM 850 / 900 / 1800 / 1900 - SIM 2,microSDHC (dedicated slot),,Yes,,Android 2.2 (Froyo),Up to 48 kbps,Yes,https://fdn2.gsmarena.com/vv/bigpic/niu-tek.jpg,2 MP,Yes,microUSB,,No,"Black, White","2012, January. Released 2012, January",,416 MHz,Mediatek MT6516,"2.8 inches, 23.3 cm2(~37.2% screen-to-body ratio)",LED flash,Up to 3 h,,GSM 850 / 900 / 1800 / 1900 - SIM 1,Dual SIM (Mini-SIM),Up to 48 h,,No,"TFT resistive touchscreen, 256K colors",Removable Li-Ion 1000 mAh battery,NIU Niutek N109,MP4/WMV/H.264 playerMP3/WAV/eAAC+ playerOrganizerPhoto/video editorDocument viewerVoice memo/dialPredictive text input,2.0,Discontinued,"Stereo FM radio, recording",Wi-Fi 802.11 b/g,,256MB 128MB RAM,,NIU,,,"320 x 480 pixels, 3:2 ratio (~206 ppi density)",,,,107.8 x 58.2 x 13.7 mm (4.24 x 2.29 x 0.54 in),"Accelerometer, compass",About 60 EUR,71 g without battery (2.50 oz),GSM
