Features,CPU,,4G bands,Single_1,Stand-by,Alert types,OS,Loudspeaker,Bluetooth,SAR EU,Games,Stand-by_1,_2,Price,_3,3.5mm jack,SIM,Dual,Single,Weight,Chipset,Call records,Status,WLAN,Infrared port,Talk time_1,2G bands,Features_1,Browser,Resolution,Talk time,Card slot,Alarm,Speed,NFC,Build,Announced,Video_1,Technology,_1,Clock,Brand,Protection,GPU,Model Image,Size,Model Name,Messaging,Colors,Type,Phonebook,GPRS,Dimensions,Internal,USB,EDGE,Positioning,Radio,3G bands,Charging,Models,Video,Type_1,_4,Sensors,Java
"LED flash, HDR, panorama",Quad-core 1.5 GHz,,"1, 3, 5, 8, 40, 41","8 MP, f/2.0, 1/4.0"", 1.12µm",,,Android 9.0 (Pie),Yes,"4.2, A2DP, LE",,,,,About 9990 INR,,Yes,Nano-SIM + Micro-SIM,,"8 MP, f/2.0, 1.12 µm, AF",168 g (5.93 oz),,,"Available. Released 2019, July","Wi-Fi 802.11 b/g/n, Wi-Fi Direct",,,GSM 850 / 900 / 1800 / 1900,LED flash,,"720 x 1440 pixels, 18:9 ratio (~295 ppi density)",,microSDXC (dedicated slot),,"HSPA 42.2/11.5 Mbps, LTE Cat4 150/50 Mbps",No,,"2019, June",,GSM / HSPA / LTE,,,Panasonic,,,https://fdn2.gsmarena.com/vv/bigpic/panasonic-eluga-i7-2019-enterprise-edition.jpg,"5.45 inches, 76.7 cm2(~72.7% screen-to-body ratio)",Panasonic Eluga I7 (2019),,"Black, Gold, Blue",IPS LCD,,,148.8 x 70.9 x 9.3 mm (5.86 x 2.79 x 0.37 in),16GB 2GB RAM,"microUSB 2.0, OTG",,GPS,FM radio with RDS,HSDPA 900 / 2100,,,1080p@30fps,"Li-Ion 4000 mAh, non-removable",,"Fingerprint (rear-mounted), accelerometer, proximity, compass",
"Dual-LED flash, HDR, panorama",Octa-core 1.8 GHz,,"1, 3, 5, 7, 8, 20, 38, 40, 41",8 MP,,,Android 7.0 (Nougat),Yes,"4.2, A2DP, LE",,,,,About 10000 INR,,Yes,Nano-SIM + Nano-SIM,,"13 MP, f/2.0, PDAF",162 g (5.71 oz),,,"Available. Released 2019, March","Wi-Fi 802.11 b/g/n, Wi-Fi Direct",Yes,,GSM 850 / 900 / 1800 / 1900,LED flash,,"1080 x 1920 pixels, 16:9 ratio (~401 ppi density)",,microSDXC (dedicated slot),,"HSPA, LTE",No,,"2019, March",1080p@30fps,GSM / HSPA / LTE,,,Panasonic,Corning Gorilla Glass 3,,https://fdn2.gsmarena.com/vv/bigpic/panasonic-ray-800.jpg,"5.5 inches, 83.4 cm2(~72.5% screen-to-body ratio)",Panasonic Eluga Ray 800,,Gold,IPS LCD,,,152.8 x 75.3 x 8.6 mm (6.02 x 2.96 x 0.34 in),64GB 4GB RAM,"microUSB 2.0, OTG",,GPS,FM radio,HSDPA 900 / 2100,,,1080p@30fps,"Li-Ion 4000 mAh, non-removable",,"Fingerprint (rear-mounted), accelerometer, proximity, compass",
LED flash,Quad-core 1.3 GHz Cortex-A7,eMMC 4.5,"1, 3, 5, 40, 41","5 MP, AF",,,Android 7.1.2 (Nougat),Yes,"4.0, A2DP",,,,,About 7000 INR,,Yes,Dual SIM,,"8 MP, AF",173.8 g (6.14 oz),Qualcomm MSM8909 Snapdragon 210 (28 nm),,"Available. Released 2018, November","Wi-Fi 802.11 b/g/n, Wi-Fi Direct",,,GSM 850 / 900 / 1800 / 1900,,,"720 x 1280 pixels, 16:9 ratio (~294 ppi density)",,microSDXC,,"HSPA, LTE",No,,"2018, October",,GSM / HSPA / LTE,,,Panasonic,Corning Gorilla Glass,Adreno 304,https://fdn2.gsmarena.com/vv/bigpic/panasonic-p85-.jpg,"5.0 inches, 68.9 cm2(~68.7% screen-to-body ratio)",Panasonic P85 Nxt,,"Blue, Gold, Black",IPS LCD,,,141.7 x 70.8 x 9.3 mm (5.58 x 2.79 x 0.37 in),16GB 2GB RAM,"microUSB 2.0, OTG",,GPS,FM radio with RDS; recording,HSDPA 900 / 2100,,,720p@30fps,"Li-Ion 4000 mAh, non-removable",,"Fingerprint (rear-mounted), accelerometer, proximity",
"LED flash, HDR, panorama",Octa-core 2.0 GHz Cortex-A53,eMMC 5.1,"1, 2, 3, 5, 7, 8, 20, 28, 38, 39, 40, 41",,,,Android 8.1 (Oreo),Yes,"5.0, A2DP, LE",,,,,About 200 EUR,,Yes,Nano-SIM + Micro-SIM,"13 MP, f/2.0, 27mm (wide), 1/3.1"", 1.12µm, PDAF2 MP, f/2.8, (depth)","8 MP, f/2.2",169 g (5.96 oz),Mediatek MT6762 Helio P22 (12 nm),,"Available. Released 2018, October","Wi-Fi 802.11 а/b/g/n/ac, Wi-Fi Direct",,,GSM 850 / 900 / 1800 / 1900,LED flash,,720 x 1500 pixels (~269 ppi density),,microSDXC (uses shared SIM slot),,"HSPA, LTE",No,,"2018, October",1080p@30fps,GSM / HSPA / LTE,,,Panasonic,Asahi Dragontrail Pro Glass,PowerVR GE8320,https://fdn2.gsmarena.com/vv/bigpic/panasonic-eluga-z1-pro.jpg,"6.19 inches, 96.4 cm2(~80.4% screen-to-body ratio)",Panasonic Eluga Z1 Pro,,"Black, Gold, Blue",IPS LCD,,,157.2 x 76.3 x 8.1 mm (6.19 x 3.00 x 0.32 in),"32GB 3GB RAM, 64GB 4GB RAM","microUSB 2.0, OTG",,"GPS, GLONASS","FM radio, RDS, recording",HSDPA 850 / 900 / 1900 / 2100,,,1080p@30fps,"Li-Po 4000 mAh, non-removable",,"Fingerprint (rear-mounted), accelerometer, proximity, compass",
"LED flash, HDR, panorama",Quad-core 1.3 GHz,,"1, 3, 5, 40, 41",5 MP,,,Android 8.0 (Oreo),Yes,"4.1, A2DP, LE",,,,,About 9000 INR,,Yes,Nano-SIM + Nano-SIM,,"13 MP, AF",141 g (4.97 oz),,,"Available. Released 2018, October",Wi-Fi 802.11 b/g/n,,,GSM 850 / 900 / 1800 / 1900,LED flash,,"720 x 1440 pixels, 18:9 ratio (~282 ppi density)",,microSDXC (dedicated slot),,"HSPA, LTE",No,,"2018, October",,GSM / HSPA / LTE,,,Panasonic,,,https://fdn2.gsmarena.com/vv/bigpic/panasonic-eluga-ray-530.jpg,"5.7 inches, 83.8 cm2(~76.2% screen-to-body ratio)",Panasonic Eluga Ray 530,,"Black, Blue",IPS LCD,,,152.4 x 72.2 x 8.3 mm (6.00 x 2.84 x 0.33 in),32GB 3GB RAM,"microUSB 2.0, OTG",,GPS,FM radio,HSDPA 900 / 2100,,,1080p@30fps,"Li-Ion 3000 mAh, non-removable",,"Fingerprint (rear-mounted), accelerometer, proximity",
"LED flash, HDR, panorama",Quad-core 1.3 GHz Cortex-A53,eMMC 5.0,"1, 3, 5, 40, 41",8 MP,,,Android 8.1 (Oreo),Yes,"4.1, A2DP, LE",,,,,About 8000 INR,,Yes,Nano-SIM + Nano-SIM,,"13 MP, AF",158 g (5.57 oz),Mediatek MT6737H,,"Available. Released 2018, October",Wi-Fi 802.11 b/g/n,Yes,,GSM 850 / 900 / 1800 / 1900,LED flash,,"720 x 1440 pixels, 18:9 ratio (~269 ppi density)",,microSDXC (dedicated slot),,"HSPA, LTE",No,,"2018, October",,GSM / HSPA / LTE,,,Panasonic,,Mali-T720MP2,https://fdn2.gsmarena.com/vv/bigpic/panasonic-eluga-ray-600.jpg,"5.99 inches, 92.6 cm2(~77.4% screen-to-body ratio)",Panasonic Eluga Ray 600,,"Black, Blue, Gold",IPS LCD,,,158.5 x 75.5 x 7.9 mm (6.24 x 2.97 x 0.31 in),32GB 3GB RAM,"microUSB 2.0, OTG",,GPS,FM radio,HSDPA 900 / 2100,,,1080p@30fps,"Li-Ion 4000 mAh, non-removable",,"Fingerprint (rear-mounted), accelerometer, proximity",
"LED flash, panorama",Octa-core (4x2.0 GHz Cortex-A73 & 4x2.0 GHz Cortex-A53),eMMC 5.1,"1, 2, 3, 5, 7, 8, 20, 38, 39, 40, 41",,,,Android 8.1 (Oreo),Yes,"4.2, A2DP, LE",,,,,About 350 EUR,,No,Nano-SIM + Micro-SIM,"16 MP, PDAF5 MP, f/2.4, (depth)","16 MP, f/2.2, 1/3.06"", 1.0µm",195 g (6.88 oz),Mediatek MT6771 Helio P60 (12 nm),,"Available. Released 2018, October","Wi-Fi 802.11 а/b/g/n, dual-band, Wi-Fi Direct",Yes,,GSM 850 / 900 / 1800 / 1900,1080p@30fps,,"1080 x 2246 pixels, 18.7:9 ratio (~403 ppi density)",,microSDXC (uses shared SIM slot),,"HSPA 42.2/5.76 Mbps, LTE (2CA) Cat13 600/50 Mbps",No,"Glass front (Gorilla Glass 3), glass back, stainless steel frame","2018, October",,GSM / HSPA / LTE,,,Panasonic,Corning Gorilla Glass 3,Mali-G72 MP3,https://fdn2.gsmarena.com/vv/bigpic/panasonic-eluga-x1-pro.jpg,"6.18 inches, 96.2 cm2(~82.2% screen-to-body ratio)",Panasonic Eluga X1 Pro,,"Dark Grey, Silver",IPS LCD,,,155 x 75.5 x 7.9 mm (6.10 x 2.97 x 0.31 in),"64GB 4GB RAM, 128GB 6GB RAM","USB Type-C 2.0, OTG",,GPS,FM radio,HSDPA 850 / 900 / 1900 / 2100,10W wiredWireless,,1080p@30fps,"Li-Ion 3000 mAh, non-removable",,"Infrared Face ID, fingerprint (rear-mounted), accelerometer, gyro, proximity, compass",
"LED flash, panorama",Quad-core 1.3 GHz Cortex-A53,eMMC 5.0,"1, 3, 5, 40, 41",5 MP,,,Android 7.0 (Nougat),Yes,"4.0, A2DP, LE",,,,,About 6000 INR,,Yes,Dual SIM,,"5 MP, AF",151.7 g (5.36 oz),Mediatek MT6737 (28 nm),,"Available. Released 2018, June",Wi-Fi 802.11 b/g/n,Yes,,GSM 850 / 900 / 1800 / 1900,LED flash,,"720 x 1280 pixels, 16:9 ratio (~294 ppi density)",,microSDXC,,"HSPA 42.2/5.76 Mbps, LTE Cat4 150/50 Mbps",No,,"2018, June",,GSM / HSPA / LTE,,,Panasonic,Corning Gorilla Glass (unspecified version),Mali-T720,https://fdn2.gsmarena.com/vv/bigpic/panasonic-p90-.jpg,"5.0 inches, 68.9 cm2(~67.1% screen-to-body ratio)",Panasonic P90,,"Blue, Gold, Black",IPS LCD,,,143 x 71.8 x 9.3 mm (5.63 x 2.83 x 0.37 in),16GB 1GB RAM,"microUSB 2.0, OTG",,GPS,FM radio,HSDPA 900 / 2100,,,720p@30fps,Li-Ion 2400 mAh battery,,"Accelerometer, proximity",
"LED flash, HDR, panorama",Quad-core 1.3 GHz Cortex-A7,eMMC 4.5,"1, 3, 5, 40, 41",5 MP,,,Android 7.1.2 (Nougat),Yes,"4.1, A2DP, LE",,,,,About 5000 INR,,Yes,"Dual SIM (Micro-SIM, dual stand-by)",,"8 MP, AF",164 g (5.78 oz),Qualcomm MSM8909 Snapdragon 210 (28 nm),,"Available. Released 2018, May",Wi-Fi 802.11 b/g/n,Yes,,GSM 850 / 900 / 1800 / 1900,,,"720 x 1280 pixels, 16:9 ratio (~294 ppi density)",,microSDXC (dedicated slot),,"HSPA 42.2/5.76 Mbps, LTE Cat4 150/50 Mbps",No,,"2018, May",,GSM / HSPA / LTE,,,Panasonic,,Adreno 304,https://fdn2.gsmarena.com/vv/bigpic/panasonic-p95-.jpg,"5.0 inches, 68.9 cm2(~69.3% screen-to-body ratio)",Panasonic P95,,"Blue, Gold, Dark Grey",IPS LCD,,,141 x 70.5 x 8 mm (5.55 x 2.78 x 0.31 in),16GB 1GB RAM,"microUSB 2.0, OTG",,GPS,FM radio,HSDPA 900 / 2100,,,720p@30fps,Li-Ion 2300 mAh battery,,"Accelerometer, proximity",
"LED flash, HDR, panorama",Quad-core 1.25 GHz Cortex-A53,eMMC 5.0,"1, 3, 5, 8, 40, 41","8 MP, f/2.0, 1/4.0"", 1.12µm",,,Android 7.0 (Nougat),Yes,"4.1, A2DP, LE",,,,,About 6500 INR,,Yes,Nano-SIM + Nano-SIM,,"8 MP, f/2.0, 1.12 µm, AF",168 g (5.93 oz),Mediatek MT6737H,,"Available. Released 2018, April","Wi-Fi 802.11 b/g/n, Wi-Fi Direct",,,GSM 850 / 900 / 1800 / 1900,LED flash,,"720 x 1440 pixels, 18:9 ratio (~295 ppi density)",,microSDXC (dedicated slot),,"HSPA 42.2/11.5 Mbps, LTE Cat4 150/50 Mbps",No,"Glass front, plastic back, plastic frame","2018, April",480p,GSM / HSPA / LTE,,,Panasonic,,Mali-T720MP2,https://fdn2.gsmarena.com/vv/bigpic/panasonic-eluga-l7-.jpg,"5.45 inches, 76.7 cm2(~72.7% screen-to-body ratio)",Panasonic Eluga I7,,"Black, Gold, Blue",IPS LCD,,,148.8 x 70.9 x 9.3 mm (5.86 x 2.79 x 0.37 in),16GB 2GB RAM,"microUSB 2.0, OTG",,GPS,FM radio with RDS,HSDPA 900 / 2100,,ELUGA I7,1080p@30fps,"Li-Ion 4000 mAh, non-removable",,"Fingerprint (rear-mounted), accelerometer, proximity, compass",
"LED flash, HDR, panorama",Quad-core 1.3 GHz Cortex-A53,eMMC 5.0,"1, 3, 5, 8, 40, 41",8 MP,,,Android 7.0 (Nougat),Yes,"4.1, A2DP",,,,,About 9000 INR,,Yes,Nano-SIM + Nano-SIM,,"13 MP, AF",152 g (5.36 oz),Mediatek MT6737H,,"Available. Released 2018, April",Wi-Fi 802.11 b/g/n,Yes,,GSM 850 / 900 / 1800 / 1900,LED flash,,"720 x 1440 pixels, 18:9 ratio (~282 ppi density)",,microSDXC (dedicated slot),,"HSPA, LTE",No,,"2018, April",,GSM / HSPA / LTE,,,Panasonic,Asahi Glass,Mali-T720MP2,https://fdn2.gsmarena.com/vv/bigpic/panasonic-eluga-ray-550-new.jpg,"5.7 inches, 83.8 cm2(~75.0% screen-to-body ratio)",Panasonic Eluga Ray 550,,"Black, Blue, Gold",IPS LCD,,,152.5 x 73.3 x 8.5 mm (6.00 x 2.89 x 0.33 in),32GB 3GB RAM,"microUSB 2.0, OTG",,GPS,FM radio,HSDPA 900 / 2100,,,1080p@30fps,"Li-Ion 3250 mAh, non-removable",,"Fingerprint (rear-mounted), accelerometer, proximity, compass",
"LED flash, HDR, panorama",Quad-core 1.3 GHz Cortex-A53,eMMC 5.1,"1, 3, 5, 40, 41",5 MP,,,Android 7.1 (Nougat),Yes,"4.1, A2DP",,,,,About 7000 INR,,Yes,"Dual SIM (Micro-SIM, dual stand-by)",,"8 MP, AF",145 g (5.11 oz),Mediatek MT6739WA (28 nm),,"Available. Released 2018, April","Wi-Fi 802.11 b/g/n, Wi-Fi Direct",,,GSM 850 / 900 / 1800 / 1900,LED flash,,"480 x 960 pixels, 18:9 ratio (~197 ppi density)",,microSDXC (dedicated slot),,"HSPA 42.2/5.76 Mbps, LTE Cat4 150/50 Mbps",No,,"2018, April",1080p@30fps,GSM / HSPA / LTE,,,Panasonic,,PowerVR GE8100,https://fdn2.gsmarena.com/vv/bigpic/panasonic-p101.jpg,"5.45 inches, 76.7 cm2(~71.5% screen-to-body ratio)",Panasonic P101,,"Dark Blue, Black",IPS LCD,,,148.8 x 72 x 9.1 mm (5.86 x 2.83 x 0.36 in),16GB 2GB RAM,"microUSB 2.0, OTG",,GPS,FM radio,HSDPA 900 / 2100,,,1080p@30fps,"Li-Ion 2500 mAh, non-removable",,"Fingerprint (rear-mounted), accelerometer, proximity, compass",
LED flash,Quad-core 1.25 GHz Cortex-A53,eMMC 5.0,"1, 3, 5, 8, 40, 41",5 MP,,,Android 7.0 (Nougat),Yes,"4.0, A2DP",,,,,About 5300 INR,,Yes,Dual SIM,,8 MP,174.8 g (6.17 oz),Mediatek MT6737 (28 nm),,"Available. Released 2018, February","Wi-Fi 802.11 b/g/n, Wi-Fi Direct",,,GSM 850 / 900 / 1800 / 1900,LED flash,,"720 x 1280 pixels, 16:9 ratio (~294 ppi density)",,microSDXC,,"HSPA 42.2/5.76 Mbps, LTE Cat4 150/50 Mbps",No,,"2018, February",,GSM / HSPA / LTE,,,Panasonic,Corning Gorilla Glass (unspecified version),Mali-T720,https://fdn2.gsmarena.com/vv/bigpic/panasonic-p100-.jpg,"5.0 inches, 68.9 cm2(~65.1% screen-to-body ratio)",Panasonic P100,,Gold,IPS LCD,,,145 x 73 x 9.9 mm (5.71 x 2.87 x 0.39 in),"16GB 1GB RAM, 16GB 2GB RAM","microUSB 2.0, OTG",,GPS,FM radio,HSDPA 900 / 2100,,P100,720p@30fps,"Li-Ion 2200 mAh, non-removable",,"Fingerprint (rear-mounted), accelerometer, proximity",
"LED flash, HDR, panorama",Quad-core 1.25 GHz Cortex-A53,eMMC 5.0,"1, 3, 5, 40, 41","5 MP, f/2.4",,,Android 7.0 (Nougat),Yes,"4.0, A2DP",,,,,About 100 EUR,,Yes,Nano-SIM + Micro-SIM,,"13 MP, f/2.2, AF",143 g (5.04 oz),Mediatek MT6737 (28 nm),,"Available. Released 2017, December","Wi-Fi 802.11 b/g/n, Wi-Fi Direct",,,GSM 850 / 900 / 1800 / 1900 - SIM 1 & SIM 2,,,"720 x 1280 pixels, 16:9 ratio (~294 ppi density)",,microSDXC (uses shared SIM slot),,"HSPA 42.2/5.76 Mbps, LTE Cat4 150/50 Mbps",No,"Glass front, aluminum back, aluminum frame","2017, December",,GSM / HSPA / LTE,,,Panasonic,,Mali-T720,https://fdn2.gsmarena.com/vv/bigpic/panasonic-eluga-I9.jpg,"5.0 inches, 68.9 cm2(~68.6% screen-to-body ratio)",Panasonic Eluga I9,,"Space grey, Champagne Gold, Blue",IPS LCD,,,142.5 x 70.5 x 7.8 mm (5.61 x 2.78 x 0.31 in),32GB 3GB RAM,"microUSB 2.0, OTG",,GPS,FM radio with RDS,HSDPA 900 / 2100,,,1080p@30fps,"Li-Ion 2500 mAh, non-removable",,"Fingerprint (rear-mounted), accelerometer, proximity",
LED flash,Octa-core (4x1.5 GHz Cortex-A53 & 4x1.0 GHz Cortex-A53),eMMC 5.1,"1, 3, 7, 8, 28",,,,Android 7.0 (Nougat),Yes,"4.0, A2DP",,,,,About 200 EUR,,Yes,Dual SIM,"13 MP, f/2.2, AF5 MP, f/2.4, (depth)",5 MP,-,Mediatek MT6750T (28 nm),,"Available. Released 2017, December","Wi-Fi 802.11 b/g/n, Wi-Fi Direct",,,GSM 850 / 900 / 1800 / 1900 - SIM 1 & SIM 2,,,"720 x 1280 pixels, 16:9 ratio (~267 ppi density)",,microSDXC,,"HSPA 42.2/5.76 Mbps, LTE Cat4 150/50 Mbps",No,"Glass front, plastic back, plastic frame","2017, November",,GSM / HSPA / LTE,,,Panasonic,,Mali-T860MP2,https://fdn2.gsmarena.com/vv/bigpic/panasonic-eluga-c.jpg,"5.5 inches, 83.4 cm2(~80.5% screen-to-body ratio)",Panasonic Eluga C,,"Blue, Soft Pink",S-IPS LCD,,,141 x 73.5 x 8.7 mm (5.55 x 2.89 x 0.34 in),64GB 4GB RAM,"microUSB 2.0, OTG",,GPS,FM radio,HSDPA 850 / 900 / 1900 / 2100,,,1080p@30fps,"Li-Ion 3000 mAh, non-removable",,"Fingerprint (front-mounted), accelerometer, proximity",
"LED flash, HDR, panorama",Quad-core 1.1 GHz Cortex-A7,eMMC 5.0,"1, 3, 5, 40",5 MP,,,Android 7.0 (Nougat),Yes,"4.0, A2DP",,,,,About 6500 INR,,Yes,"Dual SIM (Micro-SIM, dual stand-by)",,"8 MP, AF",161 g (5.68 oz),Mediatek MT6737M (28 nm),,"Available. Released 2017, November","Wi-Fi 802.11 b/g/n, Wi-Fi Direct",Yes,,GSM 850 / 900 / 1800 / 1900 - SIM 1 & SIM 2,,,"480 x 854 pixels, 16:9 ratio (~196 ppi density)",,microSDXC (dedicated slot),,"HSPA 42.2/5.76 Mbps, LTE Cat4 150/50 Mbps",No,,"2017, November",,GSM / HSPA / LTE,,,Panasonic,Asahi Dragontrail Glass,Mali-T720,https://fdn2.gsmarena.com/vv/bigpic/panasonic-p91.jpg,"5.0 inches, 68.9 cm2(~65.8% screen-to-body ratio)",Panasonic P91,,"Gold, Black, Blue",IPS LCD,,,144.7 x 72.4 x 10.1 mm (5.70 x 2.85 x 0.40 in),16GB 1GB RAM,"microUSB 2.0, OTG",,GPS,FM radio,HSDPA 900 / 2100,,,720p@30fps,"Li-Ion 2500 mAh, non-removable",,"Accelerometer, proximity",
"LED flash, HDR, panorama",Quad-core 1.25 GHz Cortex-A53,eMMC 5.0,"3, 5, 40","5 MP, f/2.2",,,Android 7.0 (Nougat),Yes,"4.0, A2DP",,,,,About 6500 INR,,Yes,Nano-SIM + Micro-SIM,,"13 MP, f/2.2, AF",145.5 g (5.15 oz),Mediatek MT6737 (28 nm),,"Available. Released 2017, November","Wi-Fi 802.11 b/g/n, Wi-Fi Direct, DLNA",,,GSM 850 / 900 / 1800 / 1900 - SIM 1 & SIM 2,,,"720 x 1280 pixels, 16:9 ratio (~294 ppi density)",,microSDXC (uses shared SIM slot),,"HSPA 21.1/5.76 Mbps, LTE Cat4 150/50 Mbps",No,,"2017, November",,GSM / HSPA / LTE,,,Panasonic,Asahi Dragontrail Glass,Mali-T720MP1,https://fdn2.gsmarena.com/vv/bigpic/panasonic-eluga-l5.jpg,"5.0 inches, 68.9 cm2(~67.9% screen-to-body ratio)",Panasonic Eluga I5,,"Black, Gold",IPS LCD,,,143 x 71 x 7.5 mm (5.63 x 2.80 x 0.30 in),16GB 2GB RAM,microUSB 2.0,,GPS,FM radio,HSDPA 900 / 2100,,,1080p@30fps,"Li-Ion 2500 mAh, non-removable",,"Fingerprint (rear-mounted), accelerometer, proximity",
LED flash,Quad-core 1.25 GHz Cortex-A53,eMMC 5.0,"3, 5, 40",5 MP,,,Android 7.0 (Nougat),Yes,"4.0, A2DP",,,,,About 12500 INR,,Yes,Dual SIM,,"13 MP, PDAF",162 g (5.71 oz),Mediatek MT6737 (28 nm),,"Available. Released 2017, November","Wi-Fi 802.11 b/g/n, Wi-Fi Direct",,,GSM 850 / 900 / 1800 / 1900 - SIM 1 & SIM 2,,,"720 x 1280 pixels, 16:9 ratio (~282 ppi density)",,microSDXC,,"HSPA 42.2/5.76 Mbps, LTE Cat4 150/50 Mbps",No,,"2017, November",,GSM / HSPA / LTE,,,Panasonic,,Mali-T720MP1,https://fdn2.gsmarena.com/vv/bigpic/panasonic-eluga-a4.jpg,"5.2 inches, 74.5 cm2(~67.4% screen-to-body ratio)",Panasonic Eluga A4,,"Champagne Gold, Mocha Gold, and Marine Blue",IPS LCD,,,149.5 x 74 x 9 mm (5.89 x 2.91 x 0.35 in),32GB 3GB RAM,"microUSB 2.0, OTG",,GPS,FM radio,HSDPA 900 / 2100,,ELUGA A4,1080p@30fps,"Li-Po 5000 mAh, non-removable",,"Fingerprint (rear-mounted), accelerometer, proximity",
"LED flash, HDR, panorama",Quad-core 1.25 GHz,,"3, 5, 40",5 MP,,,Android 7.0 (Nougat),Yes,"4.0, A2DP",,,,,About 7450 INR,,Yes,Dual SIM,,"8 MP, AF",145 g (5.11 oz),,,"Available. Released 2017, September","Wi-Fi 802.11 b/g/n, Wi-Fi Direct",Yes,,GSM 850 / 900 / 1800 / 1900 - SIM 1 & SIM 2,,,"720 x 1280 pixels, 16:9 ratio (~294 ppi density)",,microSDXC,,"HSPA 42.2/5.76 Mbps, LTE Cat4 150/50 Mbps",No,,"2017, September",,GSM / HSPA / LTE,,,Panasonic,,,https://fdn2.gsmarena.com/vv/bigpic/panasonic-p99.jpg,"5.0 inches, 68.9 cm2(~66.4% screen-to-body ratio)",Panasonic P99,,"Champagne Gold, Black, Blue",IPS LCD,,,144.6 x 71.8 x 8.6 mm (5.69 x 2.83 x 0.34 in),16GB 2GB RAM,microUSB 2.0,,GPS,FM radio,HSDPA 900 / 2100,,,720p@30fps,"Li-Ion 2000 mAh, non-removable",,"Accelerometer, proximity",
LED flash,Quad-core 1.25 GHz Cortex-A53,eMMC 5.0,"3, 5, 40",5 MP,,,Android 7.0 (Nougat),Yes,"4.0, A2DP",,,,,About 8300 INR,,Yes,Dual SIM,,"8 MP, AF",150.7 g (5.33 oz),Mediatek MT6737 (28 nm),,"Available. Released 2017, September","Wi-Fi 802.11 b/g/n, Wi-Fi Direct",,,GSM 850 / 900 / 1800 / 1900 - SIM 1 & SIM 2,,,"720 x 1280 pixels, 16:9 ratio (~294 ppi density)",,microSDXC (dedicated slot),,"HSPA 42.2/5.76 Mbps, LTE Cat4 150/50 Mbps",No,,"2017, September",,GSM / HSPA / LTE,,,Panasonic,,Mali-T720,https://fdn2.gsmarena.com/vv/bigpic/panasonic-eluga-i4.jpg,"5.0 inches, 68.9 cm2(~65.9% screen-to-body ratio)",Panasonic Eluga I4,,"Black, Blue, Gold",IPS LCD,,,146.7 x 71.3 x 8.3 mm (5.78 x 2.81 x 0.33 in),16GB 2GB RAM,"microUSB 2.0, OTG",,GPS,FM radio,HSDPA 900 / 2100,,,Yes,"Li-Ion 3000 mAh, non-removable",,"Fingerprint (front-mounted), accelerometer, proximity",
"LED flash, HDR, panorama",Quad-core 1.25 GHz Cortex-A53,eMMC 5.0,"3, 5, 40",,,,Android 7 (Nougat),Yes,"4.0, A2DP",,,,,About 110 EUR,,Yes,Nano-SIM + Nano-SIM,"13 MP, f/2.0, AF8 MP, f/2.4","5 MP, f/2.4",163 g (5.75 oz),Mediatek MT6737 (28 nm),,"Available. Released 2017, September","Wi-Fi 802.11 b/g/n, Wi-Fi Direct",Yes,,GSM 850 / 900 / 1800 / 1900 - SIM 1 & SIM 2,HDR,,"720 x 1280 pixels, 16:9 ratio (~294 ppi density)",,microSDXC (uses shared SIM slot),,"HSPA, LTE",No,,"2017, September",,GSM / HSPA / LTE,,,Panasonic,,Mali-T720MP1,https://fdn2.gsmarena.com/vv/bigpic/panasonic-eluga-ray-500.jpg,"5.0 inches, 68.9 cm2(~67.0% screen-to-body ratio)",Panasonic Eluga Ray 500,,"Champagne gold, Mocha gold, Marine Blue",IPS LCD,,,144.3 x 71.3 x 9.2 mm (5.68 x 2.81 x 0.36 in),32GB 3GB RAM,"microUSB 2.0, OTG",,GPS,FM radio,HSDPA 900 / 2100,,,1080p@30fps,"Li-Ion 4000 mAh, non-removable",,"Fingerprint (front-mounted), accelerometer, proximity",
"Dual-LED flash, HDR, panorama",Octa-core 1.3 GHz Cortex-A53,,"3, 5, 40","13 MP, f/2.2",,,Android 7.0 (Nougat),Yes,"4.0, A2DP",,,,,About 130 EUR,,Yes,Nano-SIM + Nano-SIM,,"13 MP, f/2.0, PDAF",182 g (6.42 oz),Mediatek MT6753 (28 nm),,"Available. Released 2017, September","Wi-Fi 802.11 b/g/n, Wi-Fi Direct",Yes,,GSM 850 / 900 / 1800 / 1900 - SIM 1 & SIM 2,HDR,,"1080 x 1920 pixels, 16:9 ratio (~401 ppi density)",,microSDXC (dedicated slot),,"HSPA, LTE",No,,"2017, September",1080p@30fps,GSM / HSPA / LTE,,,Panasonic,Corning Gorilla Glass 3,Mali-T720MP3,https://fdn2.gsmarena.com/vv/bigpic/panasonic-eluga-ray-700.jpg,"5.5 inches, 83.4 cm2(~71.9% screen-to-body ratio)",Panasonic Eluga Ray 700,,"Champagne gold, Mocha gold, Marine Blue",IPS LCD,,,153.8 x 75.4 x 8.9 mm (6.06 x 2.97 x 0.35 in),32GB 3GB RAM,"microUSB 2.0, OTG",,GPS,FM radio,HSDPA 900 / 2100,,Eluga_Ray_700,1080p@30fps,"Li-Ion 5000 mAh, non-removable",,"Fingerprint (front-mounted), accelerometer, proximity, compass",
LED flash,Quad-core 1.1 GHz Cortex-A53,eMMC 5.0,"3, 5, 40",5 MP,,,Android 7.0 (Nougat),Yes,"4.0, A2DP",,,,,About 100 EUR,,Yes,Dual SIM,,8 MP,144 g (5.08 oz),Mediatek MT6737M (28 nm),,"Available. Released 2017, September",Wi-Fi 802.11 b/g/n,,,GSM 850 / 900 / 1800 / 1900 - SIM 1 & SIM 2,,,"480 x 854 pixels, 16:9 ratio (~196 ppi density)",,microSDHC (dedicated slot),,"HSPA 21.1/5.76 Mbps, LTE Cat4 150/50 Mbps",No,,"2017, September",,GSM / HSPA / LTE,,,Panasonic,Asahi Dragontrail Glass,Mali-T720MP2,https://fdn2.gsmarena.com/vv/bigpic/panasonic-p9.jpg,"5.0 inches, 68.9 cm2(~65.3% screen-to-body ratio)",Panasonic P9,,"Champagne Gold, Black",IPS LCD,,,144.5 x 73 x 8.6 mm (5.69 x 2.87 x 0.34 in),16GB 1GB RAM,"microUSB 2.0, OTG",,GPS,FM radio,HSDPA 900 / 2100,,,720p@30fps,"Li-Ion 2210 mAh, non-removable",,"Accelerometer, proximity",
LED flash,Quad-core 1.3 GHz Cortex-A53,eMMC 5.0,"3, 5, 40",5 MP,,,Android 7.0 (Nougat),Yes,"4.0, A2DP",,,,,About 7200 INR,,Yes,Hybrid Dual SIM,,"8 MP, AF",133 g (4.69 oz),Mediatek MT6737 (28 nm),,"Available. Released 2017, August","Wi-Fi 802.11 b/g/n, Wi-Fi Direct",,,GSM 850 / 900 / 1800 / 1900 - SIM 1 & SIM 2,,,"720 x 1280 pixels, 16:9 ratio (~294 ppi density)",,microSDXC (uses shared SIM slot),,"HSPA 42.2/5.76 Mbps, LTE Cat4 150/50 Mbps",No,,"2017, August",,GSM / HSPA / LTE,,,Panasonic,,Mali-T720,https://fdn2.gsmarena.com/vv/bigpic/panasonic-l2-activ.jpg,"5.0 inches, 68.9 cm2(~67.7% screen-to-body ratio)",Panasonic Eluga I2 Activ,,"Gold, Rose Gold, Gray",IPS LCD,,,143 x 71.2 x 8 mm (5.63 x 2.80 x 0.31 in),"16GB 1GB RAM, 16GB 2GB RAM",microUSB 2.0,,GPS,FM radio,HSDPA 900 / 2100,,,720p@30fps,"Li-Ion 2200 mAh, non-removable",,"Accelerometer, proximity",
LED flash,Octa-core 1.3 GHz Cortex-A53,,"3, 5, 40",8 MP,,,"Android 7.0 (Nougat), FitHome UI",Yes,"4.0, A2DP",,,,,About 12800 INR,,Yes,Dual SIM,,"13 MP, PDAF",161 g (5.68 oz),Mediatek MT6753 (28 nm),,"Available. Released 2017, August","Wi-Fi 802.11 b/g/n, Wi-Fi Direct",,,GSM 850 / 900 / 1800 / 1900 - SIM 1 & SIM 2,,,"720 x 1280 pixels, 16:9 ratio (~282 ppi density)",,microSDXC (dedicated slot),,"HSPA 42.2/5.76 Mbps, LTE Cat4 150/50 Mbps",No,,"2017, August",,GSM / HSPA / LTE,,,Panasonic,,Mali-T720MP3,https://fdn2.gsmarena.com/vv/bigpic/panasonic-eluga-a3-pro.jpg,"5.2 inches, 74.5 cm2(~69.2% screen-to-body ratio)",Panasonic Eluga A3 Pro,,"Gold, Silver",IPS LCD,,,148.7 x 72.4 x 9.1 mm (5.85 x 2.85 x 0.36 in),32GB 3GB RAM,microUSB 2.0,,GPS,FM radio,HSDPA 900 / 2100,,A3_Pro,1080p@30fps,"Li-Ion 4000 mAh, non-removable",,"Accelerometer, proximity",
LED flash,Quad-core 1.25 GHz Cortex-A53,eMMC 5.0,"3, 5, 40",8 MP,,,"Android 7.0 (Nougat), FitHome UI",Yes,"4.0, A2DP",,,,,About 11300 INR,,Yes,Dual SIM,,"13 MP, PDAF",161 g (5.68 oz),Mediatek MT6737 (28 nm),,"Available. Released 2017, August","Wi-Fi 802.11 b/g/n, Wi-Fi Direct",,,GSM 850 / 900 / 1800 / 1900 - SIM 1 & SIM 2,,,"720 x 1280 pixels, 16:9 ratio (~282 ppi density)",,microSDXC (dedicated slot),,"HSPA 42.2/5.76 Mbps, LTE Cat4 150/50 Mbps",No,,"2017, August",,GSM / HSPA / LTE,,,Panasonic,,Mali-T720MP1,https://fdn2.gsmarena.com/vv/bigpic/panasonic-eluga-a3-2.jpg,"5.2 inches, 74.5 cm2(~69.2% screen-to-body ratio)",Panasonic Eluga A3,,"Gold, Silver",IPS LCD,,,148.7 x 72.4 x 9.1 mm (5.85 x 2.85 x 0.36 in),16GB 3GB RAM,microUSB 2.0,,GPS,FM radio,HSDPA 900 / 2100,,,1080p@30fps,"Li-Ion 4000 mAh, non-removable",,"Accelerometer, proximity",
quad-LED flash,Quad-core 1.3 GHz Cortex-A53,eMMC 5.0,"3, 5, 40",5 MP,,,Android 7.0 (Nougat),Yes,"4.0, A2DP",,,,,About 8500 INR,,Yes,Nano-SIM + Micro-SIM,,"13 MP, AF",180 g (6.35 oz),Mediatek MT6737 (28 nm),,"Available. Released 2017, July","Wi-Fi 802.11 b/g/n, Wi-Fi Direct",Yes,,GSM 900 / 1800 / 1900 - SIM 1 & SIM 2,,,"720 x 1280 pixels, 16:9 ratio (~267 ppi density)",,microSDXC (dedicated slot),,"HSPA, LTE",No,,"2017, July",,GSM / HSPA / LTE,,,Panasonic,Asahi Dragontrail Glass,Mali-T720,https://fdn2.gsmarena.com/vv/bigpic/panasonic-p55-max.jpg,"5.5 inches, 83.4 cm2(~70.7% screen-to-body ratio)",Panasonic P55 Max,,"Champagne Gold, Matte Black",IPS LCD,,,152 x 77.6 x 8.7 mm (5.98 x 3.06 x 0.34 in),16GB 3GB RAM,"microUSB 2.0, OTG",,GPS,FM radio,HSDPA 900 / 2100,,,1080p@30fps,"Li-Ion 5000 mAh, removable",,"Accelerometer, proximity",
LED flash,Quad-core 1.3 GHz Cortex-A53,,"3, 5, 40",5 MP,,,Android 6.0 (Marshmallow),Yes,"4.0, A2DP",,,,,About 11500 INR,,Yes,Nano-SIM + Micro-SIM,,"13 MP, 1/3.1"", 1.12µm, AF",180 g (6.35 oz),Mediatek MT6735 (28 nm),,"Available. Released 2017, June","Wi-Fi 802.11 b/g/n, Wi-Fi Direct",,,GSM 900 / 1800 / 1900 - SIM 1 & SIM 2,,,"720 x 1280 pixels, 16:9 ratio (~267 ppi density)",,microSDXC,,"HSPA, LTE",No,,"2017, May",,GSM / HSPA / LTE,,,Panasonic,,Mali-T720,https://fdn2.gsmarena.com/vv/bigpic/panasonic-eluga-I3.jpg,"5.5 inches, 83.4 cm2(~70.1% screen-to-body ratio)",Panasonic Eluga i3 Mega,,"Champagne Gold, Silver",IPS LCD,,,154.6 x 77 x 9.4 mm (6.09 x 3.03 x 0.37 in),16GB 3GB RAM,"microUSB 2.0, OTG",,GPS,FM radio,HSDPA 900 / 2100,,,1080p@30fps,"Li-Ion 4000 mAh, non-removable",,"Accelerometer, proximity",
LED flash,Quad-core 1.0 GHz,,"3, 5, 40",2 MP,,,Android 6.0 (Marshmallow),Yes,"4.0, A2DP",,,,,About 90 EUR,,Yes,Dual SIM,,"8 MP, AF",146.7 g (5.19 oz),,,"Available. Released 2017, May","Wi-Fi 802.11 b/g/n, Wi-Fi Direct",,,GSM 850 / 900 / 1800 / 1900 - SIM 1 & SIM 2,,,"720 x 1280 pixels, 16:9 ratio (~294 ppi density)",,microSDXC,,"HSPA, LTE",No,,"2017, May",,GSM / HSPA / LTE,,,Panasonic,,,https://fdn2.gsmarena.com/vv/bigpic/panasonic-p85.jpg,"5.0 inches, 68.9 cm2(~65.8% screen-to-body ratio)",Panasonic P85,,"Grey, Gold",IPS LCD,,,145 x 72.2 x 9.4 mm (5.71 x 2.84 x 0.37 in),16GB 2GB RAM,"microUSB 2.0, OTG",,GPS,FM radio with RDS; recording,HSDPA 900 / 2100,,P85,720p@30fps,"Li-Ion 4000 mAh, non-removable",,"Accelerometer, gyro, proximity",
LED flash,Quad-core 1.3 GHz Cortex-A53,eMMC 5.0,"3, 5, 40",5 MP,,,Android 6.0 (Marshmallow),Yes,"4.0, A2DP",,,,,About 110 EUR,,Yes,Dual SIM,,"13 MP, AF",169 g (5.96 oz),Mediatek MT6737 (28 nm),,"Available. Released 2017, May","Wi-Fi 802.11 b/g/n, Wi-Fi Direct",,,GSM 850 / 900 / 1800 / 1900 - SIM 1 & SIM 2,LED flash,,"720 x 1280 pixels, 16:9 ratio (~294 ppi density)",,microSDXC,,"HSPA, LTE",No,,"2017, May",,GSM / HSPA / LTE,,,Panasonic,,Mali-T720,https://fdn2.gsmarena.com/vv/bigpic/panasonic-eluga-ray.jpg,"5.0 inches, 68.9 cm2(~66.7% screen-to-body ratio)",Panasonic Eluga Ray,,"Rose Gold, Space Grey, Gold",IPS LCD,,,144.4 x 71.6 x 9.7 mm (5.69 x 2.82 x 0.38 in),16GB 3GB RAM,"microUSB 2.0, OTG",,GPS,FM radio with RDS; recording,HSDPA 900 / 2100,,,720p@30fps,"Li-Ion 4000 mAh, non-removable",,"Fingerprint (front-mounted), accelerometer, proximity, compass",
"LED flash, HDR",Octa-core 1.3 GHz Cortex-A53,,"3, 5, 40","5 MP, f/2.4",,,Android 6.0 (Marshmallow),Yes,"4.0, A2DP",,,,,About 150 EUR,,Yes,Nano-SIM + Micro-SIM,,"13 MP, f/2.2, AF",163 g (5.75 oz),Mediatek MT6753 (28 nm),,"Available. Released 2016, November","Wi-Fi 802.11 b/g/n, Wi-Fi Direct",Yes,,GSM 850 / 900 / 1800 / 1900 - SIM 1 & SIM 2,LED flash,,"720 x 1280 pixels, 16:9 ratio (~267 ppi density)",,microSDXC (uses shared SIM slot),,"HSPA 42.2/5.76 Mbps, LTE Cat4 150/50 Mbps",No,,"2016, November",,GSM / HSPA / LTE,,,Panasonic,Asahi Dragontrail Glass,Mali-T720MP3,https://fdn2.gsmarena.com/vv/bigpic/panasonic-eluga-mark2.jpg,"5.5 inches, 83.4 cm2(~72.7% screen-to-body ratio)",Panasonic Eluga Mark 2,,Gold,IPS LCD,,,151 x 76 x 7.7 mm (5.94 x 2.99 x 0.30 in),32GB 3GB RAM,"microUSB 2.0, OTG",,GPS,No,HSDPA 900 / 2100,,,1080p@30fps,"Li-Ion 3000 mAh, non-removable",,"Fingerprint (rear-mounted), accelerometer, proximity, compass",
LED flash,Quad-core 1.3 GHz Cortex-A53,eMMC 5.0,"3, 5, 40",5 MP,,,Android 6.0 (Marshmallow),Yes,"4.0, A2DP",,,,,About 130 EUR,,Yes,Dual SIM,,"13 MP, AF",193 g (6.81 oz),Mediatek MT6737 (28 nm),,"Available. Released 2017, April","Wi-Fi 802.11 b/g/n, Wi-Fi Direct",Yes,,GSM 850 / 900 / 1800 / 1900 - SIM 1 & SIM 2,LED flash,,"720 x 1280 pixels, 16:9 ratio (~267 ppi density)",,microSDXC,,"HSPA, LTE",No,,"2017, April",,GSM / HSPA / LTE,,,Panasonic,Corning Gorilla Glass,Mali-T720,https://fdn2.gsmarena.com/vv/bigpic/panasonic-eluga-ray-x.jpg,"5.5 inches, 83.4 cm2(~70.6% screen-to-body ratio)",Panasonic Eluga Ray X,,"Rose Gold, Space Grey, Gold",IPS LCD,,,153.4 x 77 x 10.5 mm (6.04 x 3.03 x 0.41 in),32GB 3GB RAM,"microUSB 2.0, OTG",,GPS,FM radio with RDS; recording,HSDPA 900 / 2100,,ELUGA Ray X,720p@30fps,"Li-Ion 4000 mAh, non-removable",,"Fingerprint (front-mounted), accelerometer, proximity, compass",
"LED flash, panorama",Octa-core 1.4 GHz Cortex-A53,eMMC 5.1,"3, 5, 40",8 MP,,,Android 6.0 (Marshmallow),Yes,"4.0, A2DP",,,,,About 170 EUR,,Yes,Dual SIM,,"16 MP, AF",165 g (5.82 oz),Qualcomm MSM8937 Snapdragon 430 (28 nm),,"Available. Released 2017, April","Wi-Fi 802.11 b/g/n, Wi-Fi Direct",Yes,,GSM 850 / 900 / 1800 / 1900 - SIM 1 & SIM 2,LED flash,,"1080 x 1920 pixels, 16:9 ratio (~424 ppi density)",,microSDXC,,"HSPA, LTE",No,,"2017, April",,GSM / HSPA / LTE,,,Panasonic,Corning Gorilla Glass 3,Adreno 505,https://fdn2.gsmarena.com/vv/bigpic/panasonic-eluga-ray-max.jpg,"5.2 inches, 74.5 cm2(~69.0% screen-to-body ratio)",Panasonic Eluga Ray Max,,"Rose Gold, Space Grey, Gold",IPS LCD,,,148 x 73 x 9.5 mm (5.83 x 2.87 x 0.37 in),"32GB 4GB RAM, 64GB 4GB RAM","microUSB 2.0, OTG",,GPS,FM radio with RDS; recording,HSDPA 900 / 2100,"18W wired, QC3",ELUGA Ray Max,1080p@30fps,"Li-Ion 3000 mAh, non-removable",,"Fingerprint (front-mounted), accelerometer, proximity, compass",
LED flash,Quad-core 1.25 GHz Cortex-A53,,"3, 5, 40",5 MP,,,Android 6.0 (Marshmallow),Yes,"4.0, A2DP",,,,,About 160 EUR,,Yes,Dual SIM,,"13 MP, AF",145 g (5.11 oz),,,"Available. Released 2017, March","Wi-Fi 802.11 b/g/n, Wi-Fi Direct",Yes,,GSM 900 / 1800 / 1900 - SIM 1 & SIM 2,,,"720 x 1280 pixels, 16:9 ratio (~267 ppi density)",,microSDXC,,"HSPA, LTE",No,,"2017, March",,GSM / HSPA / LTE,,,Panasonic,Asahi Dragontrail Glass,,https://fdn2.gsmarena.com/vv/bigpic/panasonic-eluga-pulse-x.jpg,"5.5 inches, 83.4 cm2(~71.3% screen-to-body ratio)",Panasonic Eluga Pulse X,,"Rose Gold, Dark Grey, Gold",IPS LCD,,,152 x 77 x 8.1 mm (5.98 x 3.03 x 0.32 in),16GB 3GB RAM,microUSB 2.0,,GPS,FM radio,HSDPA 900 / 2100,,,1080p@30fps,"Li-Ion 3000 mAh, non-removable",,"Fingerprint (rear-mounted), accelerometer, proximity, compass",
LED flash,Quad-core 1.25 GHz Cortex-A53,,"3, 5, 40",5 MP,,,Android 6.0 (Marshmallow),Yes,"4.0, A2DP",,,,,About 130 EUR,,Yes,Nano-SIM + Micro-SIM,,"13 MP, AF",133 g (4.69 oz),,,"Available. Released 2017, March","Wi-Fi 802.11 b/g/n, Wi-Fi Direct",Yes,,GSM 900 / 1800 / 1900 - SIM 1 & SIM 2,,,"720 x 1280 pixels, 16:9 ratio (~294 ppi density)",,microSDXC (uses shared SIM slot),,"HSPA, LTE",No,,"2017, March",,GSM / HSPA / LTE,,,Panasonic,Asahi Dragontrail Glass,,https://fdn2.gsmarena.com/vv/bigpic/panasonic-eluga-pulse.jpg,"5.0 inches, 68.9 cm2(~67.7% screen-to-body ratio)",Panasonic Eluga Pulse,,"Rose Gold, Dark Grey, Gold",IPS LCD,,,143 x 71.2 x 8 mm (5.63 x 2.80 x 0.31 in),16GB 2GB RAM,"microUSB 2.0, OTG",,GPS,FM radio,HSDPA 900 / 2100,,,1080p@30fps,"Li-Ion 2200 mAh, non-removable",,"Fingerprint (rear-mounted), accelerometer, proximity",
Tripple-LED flash,Quad-core 1.25 GHz Cortex-A53,eMMC 5.0,"3, 5, 40",5 MP,,,Android 6.0 (Marshmallow),Yes,"4.0, A2DP",,,,,About 160 EUR,,Yes,Dual SIM,,"13 MP, AF",156 g (5.50 oz),Mediatek MT6737M (28 nm),,Discontinued,"Wi-Fi 802.11 b/g/n, Wi-Fi Direct",Yes,,GSM 850 / 900 / 1800 / 1900 - SIM 1 & SIM 2,LED flash,,"720 x 1280 pixels, 16:9 ratio (~277 ppi density)",,microSDHC (dedicated slot),,"HSPA 42.2/5.76 Mbps, LTE Cat4 150/50 Mbps",No,,"2016, December. Released 2016, December",,GSM / HSPA / LTE,,,Panasonic,Asahi Dragontrail Glass,Mali-T720MP2,https://fdn2.gsmarena.com/vv/bigpic/panasonic-p88.jpg,"5.3 inches, 77.4 cm2",Panasonic P88,,"Gold, Charcoal Grey",IPS LCD,,,8.4 mm thickness,16GB 2GB RAM,microUSB 2.0,,GPS,FM radio,HSDPA 900 / 2100,,P88,1080p@30fps,"Li-Ion 2600 mAh, removable",,"Accelerometer, proximity",
Tripple-LED flash,Octa-core 1.3 GHz,,"3, 5, 40",5 MP,,,Android 6.0 (Marshmallow),Yes,"4.0, A2DP",,,,,About 100 EUR,,Yes,Dual SIM,,"13 MP, AF",155 g (5.47 oz),,,Discontinued,"Wi-Fi 802.11 b/g/n, Wi-Fi Direct",Yes,,GSM 900 / 1800 / 1900 - SIM 1 & SIM 2,LED flash,,"720 x 1280 pixels, 16:9 ratio (~267 ppi density)",,microSDHC (dedicated slot),,"HSPA, LTE",No,,"2016, November. Released 2016, November",,GSM / HSPA / LTE,,,Panasonic,,,https://fdn2.gsmarena.com/vv/bigpic/panasonic-p55-novo.jpg,"5.5 inches, 83.4 cm2(~76.4% screen-to-body ratio)",Panasonic P55 Novo,,"Champagne Gold, Smoke Grey/Midnight Blue",IPS LCD,,,147.9 x 73.8 x 8.2 mm (5.82 x 2.91 x 0.32 in),16GB 3GB RAM,microUSB 2.0,,GPS,"FM radio, RDS",HSDPA 2100,,"P55 Novo, P55 Novo 4G",1080p@30fps,"Li-Ion 2500 mAh, removable",,"Accelerometer, proximity",
LED flash,Quad-core 1.0 GHz Cortex-A53,,"3, 5, 40",2 MP,,,Android 5.1 (Lollipop),Yes,"4.0, A2DP",,,,,About 100 EUR,,Yes,Hybrid Dual SIM,,"8 MP, AF",126 g (4.44 oz),Mediatek MT6735P (28 nm),,Discontinued,"Wi-Fi 802.11 b/g/n, Wi-Fi Direct, hotspot",Yes,,GSM 850 / 900 / 1800 / 1900 - SIM 1 & SIM 2,,,"720 x 1280 pixels, 16:9 ratio (~294 ppi density)",,microSDHC (uses shared SIM slot),,"HSPA 42.2/5.76 Mbps, LTE Cat4 150/50 Mbps",No,,"2016, September. Released 2016, September",,GSM / HSPA / LTE,,,Panasonic,,Mali-T720MP2,https://fdn2.gsmarena.com/vv/bigpic/panasonic-p77.jpg,"5.0 inches, 68.9 cm2(~66.9% screen-to-body ratio)",Panasonic P77,,"White, Gray",IPS LCD,,,143 x 72 x 7.6 mm (5.63 x 2.83 x 0.30 in),"8GB 1GB RAM, 16GB 1GB RAM",microUSB 2.0,,GPS,FM radio,HSDPA 900 / 2100,,,1080p@30fps,"Li-Po 2000 mAh, removable",,"Accelerometer, proximity",
LED flash,Quad-core 1.25 GHz,,"3, 5, 40",5 MP,,,Android 6.0 (Marshmallow),Yes,"4.0, A2DP",,,,,About 150 EUR,,Yes,Dual SIM,,"8 MP, AF",138 g (4.87 oz),,,Discontinued,"Wi-Fi 802.11 b/g/n, Wi-Fi Direct",Yes,,GSM 850 / 900 / 1800 / 1900 - SIM 1 & SIM 2,,,"720 x 1280 pixels, 16:9 ratio (~294 ppi density)",,microSDHC,,"HSPA 42.2/5.76 Mbps, LTE Cat4 150/50 Mbps",No,,"2016, October. Released 2016, October",,GSM / HSPA / LTE,,,Panasonic,,,https://fdn2.gsmarena.com/vv/bigpic/panasonic-eluga-tapp.jpg,"5.0 inches, 68.9 cm2(~67.9% screen-to-body ratio)",Panasonic Eluga Tapp,,"Champagne Gold, Silver Gray",IPS LCD,,,143 x 71 x 8.2 mm (5.63 x 2.80 x 0.32 in),16GB 2GB RAM,microUSB 2.0,,GPS,FM radio,HSDPA 900 / 2100,,,1080p@30fps,"Li-Ion 2800 mAh, non-removable",,"Fingerprint (front-mounted), accelerometer, proximity",
LED flash,Quad-core 1.3 GHz,,"3, 5, 40",5 MP,,,Android 6.0 (Marshmallow),Yes,"4.0, A2DP",,,,,About 200 EUR,,Yes,Hybrid Dual SIM,,"8 MP, AF",147 g (5.19 oz),,,Discontinued,"Wi-Fi 802.11 b/g/n, Wi-Fi Direct",Yes,,GSM 850 / 900 / 1800 / 1900 - SIM 1 & SIM 2,,,"720 x 1280 pixels, 16:9 ratio (~294 ppi density)",,microSDXC (uses shared SIM slot),,"HSPA 42.2/5.76 Mbps, LTE Cat4 150/50 Mbps",No,,"2016, August. Released 2016, August",,GSM / HSPA / LTE,,,Panasonic,Asahi Dragontrail Glass,,https://fdn2.gsmarena.com/vv/bigpic/panasonic-eluga-arc2.jpg,"5.0 inches, 68.9 cm2(~66.5% screen-to-body ratio)",Panasonic Eluga Arc 2,,"Gold, Rose Gold",IPS LCD,,,144 x 72 x 7.6 mm (5.67 x 2.83 x 0.30 in),32GB 3GB RAM,microUSB 2.0,,GPS,"FM radio, RDS",HSDPA 900 / 2100,,Eluga_Arc_2,1080p@30fps,"Li-Ion 2450 mAh, non-removable",,"Accelerometer, proximity",
Triple-LED flash,Octa-core 1.3 GHz,,"3, 5, 40",5 MP,,,"Android 6.0.1 (Marshmallow), FitHome UI",Yes,"4.0, A2DP",,,,,About 170 EUR,,Yes,Dual SIM,,"16 MP, f/1.9, AF",142 g (5.01 oz),,,Discontinued,"Wi-Fi 802.11 b/g/n, Wi-Fi Direct, DLNA",Yes,,GSM 850 / 900 / 1800 / 1900 - SIM 1 & SIM 2,,,"1080 x 1920 pixels, 16:9 ratio (~401 ppi density)",,microSDHC (dedicated slot),,"HSPA, LTE",No,,"2016, July. Released 2016, July",,GSM / HSPA / LTE,,,Panasonic,,,https://fdn2.gsmarena.com/vv/bigpic/panasonic-eluga-note.jpg,"5.5 inches, 83.4 cm2(~76.7% screen-to-body ratio)",Panasonic Eluga Note,,Champagne Gold,IPS LCD,,,146 x 74.5 x 8.2 mm (5.75 x 2.93 x 0.32 in),32GB 3GB RAM,microUSB 2.0,,GPS,"FM radio, RDS",HSDPA 900 / 2100,,,1080p@30fps,"Li-Po 3000 mAh, removable",,"Accelerometer, proximity",
LED flash,Quad-core 1.0 GHz Cortex-A53,,"3, 40",5 MP,,,"Android 5.1 (Lollipop), FitHome UI",Yes,"4.0, A2DP",,,,,About 150 EUR,,Yes,Dual SIM,,"8 MP, AF",167.5 g (5.93 oz),Mediatek MT6735M (28 nm),,Discontinued,"Wi-Fi 802.11 a/b/g/n, Wi-Fi Direct, hotspot",,,GSM 850 / 900 / 1800 / 1900 - SIM 1 & SIM 2,,,"720 x 1280 pixels, 16:9 ratio (~294 ppi density)",,microSDXC (dedicated slot),,"HSPA 42.2/5.76 Mbps, LTE Cat4 150/50 Mbps",No,,"2016, April. Released 2016, April",,GSM / HSPA / LTE,,,Panasonic,,Mali-T720MP2,https://fdn2.gsmarena.com/vv/bigpic/panasonic-eluga-a2.jpg,"5.0 inches, 68.9 cm2(~66.6% screen-to-body ratio)",Panasonic Eluga A2,,"Gold, Silver",IPS LCD,,,143.8 x 72 x 8.9 mm (5.66 x 2.83 x 0.35 in),16GB 3GB RAM,microUSB 2.0,,GPS,FM radio,HSDPA 900 / 2100,,Eluga_A2,1080p@30fps,"Li-Ion 4000 mAh, non-removable",,"Accelerometer, proximity",
LED flash,Quad-core 1.3 GHz,,"3, 5, 40",5 MP,,,"Android 5.1 (Lollipop), FitHome UI",Yes,"4.0, A2DP",,,,,About 150 EUR,,Yes,Dual SIM,,"13 MP, AF",-,,,Discontinued,"Wi-Fi 802.11 a/b/g/n, Wi-Fi Direct, hotspot",,,GSM 850 / 900 / 1800 / 1900 - SIM 1 & SIM 2,,,"720 x 1280 pixels, 16:9 ratio (~267 ppi density)",,microSDHC (dedicated slot),,"HSPA 42.2/5.76 Mbps, LTE Cat4 150/50 Mbps",No,,"2016, April. Released 2016, May",,GSM / HSPA / LTE,,,Panasonic,,,https://fdn2.gsmarena.com/vv/bigpic/panasonic-eluga-i3.jpg,"5.5 inches, 83.4 cm2(~71.7% screen-to-body ratio)",Panasonic Eluga I3,,"Rose Gold, Champagne Gold, Marine Blue",IPS LCD,,,151 x 77 x 8.2 mm (5.94 x 3.03 x 0.32 in),16GB 2GB RAM,microUSB 2.0,,GPS,"FM radio, RDS",HSDPA 900 / 2100,,Eluga_I3,1080p@30fps,"Li-Ion 2700 mAh, removable",,"Accelerometer, proximity",
LED flash,Quad-core 1.0 GHz,,"3, 5, 40",5 MP,,,"Android 5.1 (Lollipop), FitHome UI",Yes,"4.0, A2DP",,,,,About 130 EUR,,Yes,Dual SIM,,"8 MP, AF",-,,,Discontinued,"Wi-Fi 802.11 b/g/n, Wi-Fi Direct, hotspot",,,GSM 850 / 900 / 1800 / 1900 - SIM 1 & SIM 2,,,"720 x 1280 pixels, 16:9 ratio (~294 ppi density)",,microSDHC (dedicated slot),,"HSPA 42.2/5.76 Mbps, LTE Cat4 150/50 Mbps",No,,"2016, May. Released 2016, May",,GSM / HSPA / LTE,,,Panasonic,,,https://fdn2.gsmarena.com/vv/bigpic/panasonic-eluga-i2-2016.jpg,"5.0 inches, 68.9 cm2(~67.1% screen-to-body ratio)",Panasonic Eluga I2 (2016),,"Metallic Silver, Metallic Gold, Metallic Grey",IPS LCD,,,144.2 x 71.2 x 8.8 mm (5.68 x 2.80 x 0.35 in),"16GB 2GB RAM, 16GB 3GB RAM",microUSB 2.0,,GPS,FM radio,HSDPA 900 / 2100,,,1080p@30fps,"Li-Ion 2000 mAh, removable",,"Accelerometer, proximity",
LED flash,Quad-core 1.2 GHz Cortex-A53,eMMC 4.5,"3, 40",5 MP,,,Android 5.1 (Lollipop),Yes,"4.0, A2DP",,,,,,,Yes,Dual SIM,,"8 MP, AF",-,Qualcomm MSM8916 Snapdragon 410 (28 nm),,Discontinued,"Wi-Fi 802.11 b/g/n, Wi-Fi Direct, hotspot",Yes,,GSM 900 / 1800 / 1900 - SIM 1 & SIM 2,LED flash,,"720 x 1280 pixels, 16:9 ratio (~312 ppi density)",,microSDHC (dedicated slot),,"HSPA 42.2/5.76 Mbps, LTE Cat4 150/50 Mbps",No,,"2016, April. Released 2016, May",,GSM / HSPA / LTE,,,Panasonic,,Adreno 306,https://fdn2.gsmarena.com/vv/bigpic/panasonic-eluga-arc.jpg,"4.7 inches, 60.9 cm2(~65.4% screen-to-body ratio)",Panasonic Eluga Arc,,Gold,IPS LCD,,,139 x 67 x 8.1 mm (5.47 x 2.64 x 0.32 in),16GB 2GB RAM,microUSB 2.0,,GPS,FM radio,HSDPA 900 / 2100,10W wired,,1080p@30fps,"Li-Ion 1800 mAh, non-removable",,"Fingerprint (rear-mounted), accelerometer, proximity",
LED flash,Quad-core 1.3 GHz,,,5 MP,,,Android 5.1 (Lollipop),Yes,"2.1, A2DP",,,,,About 110 EUR,,Yes,Dual SIM,,"8 MP, AF",155 g (5.47 oz),,,Discontinued,"Wi-Fi 802.11 b/g/n, Wi-Fi Direct, hotspot",,,GSM 850 / 900 / 1800 / 1900 - SIM 1 & SIM 2,LED flash,,"720 x 1280 pixels, 16:9 ratio (~294 ppi density)",,microSDHC (dedicated slot),,HSPA,No,,"2016, February. Released 2016, February",,GSM / HSPA,,,Panasonic,,,https://fdn2.gsmarena.com/vv/bigpic/panasonic-p66.jpg,"5.0 inches, 68.9 cm2(~68.3% screen-to-body ratio)",Panasonic P66,,"Rose Gold, Russet Brown & Electric Blue",IPS LCD,,,142.4 x 70.9 x 8.4 mm (5.61 x 2.79 x 0.33 in),16GB 2GB RAM,microUSB 2.0,,GPS,"FM radio, RDS",HSDPA 850 / 900 / 2100,,,1080p@30fps,"Li-Ion 3200 mAh, non-removable",,"Accelerometer, proximity",
"LED flash, HDR, panorama",Octa-core 1.5 GHz Cortex-A53,,"3, 5, 40",5 MP,,,"Android 5.1 (Lollipop), FitHome UI",Yes,"4.0, A2DP",,,,,About 140 EUR,,Yes,Nano-SIM + Micro-SIM,,"13 MP, AF",145 g (5.11 oz),Mediatek MT6753 (28 nm),,Discontinued,"Wi-Fi 802.11 a/b/g/n, Wi-Fi Direct, hotspot",,,GSM 900 / 1800 / 1900 - SIM 1 & SIM 2,,,"720 x 1280 pixels, 16:9 ratio (~294 ppi density)",,microSDHC (uses shared SIM slot),,"HSPA, LTE Cat4 150/50 Mbps",No,,"2016, January. Released 2016, January",,GSM / HSPA / LTE,,,Panasonic,,Mali-T720MP3,https://fdn2.gsmarena.com/vv/bigpic/panasonic-eluga-turbo.jpg,"5.0 inches, 68.9 cm2(~68.0% screen-to-body ratio)",Panasonic Eluga Turbo,,"Marine Blue, Champagne Gold, Rose Gold",IPS LCD,,,142.4 x 71.2 x 6.9 mm (5.61 x 2.80 x 0.27 in),32GB 3GB RAM,microUSB 2.0,,GPS,"FM radio, RDS",HSDPA 850 / 900 / 1900 / 2100,,ELUGA Turbo,1080p@30fps,"Li-Ion 2350 mAh, non-removable",,"Accelerometer, proximity",
LED flash,Quad-core 1.3 GHz,,,2 MP,,,"Android 5.1 (Lollipop), Sail UI",Yes,"4.0, A2DP",,,,,About 70 EUR,,Yes,Dual SIM,,"5 MP, AF",-,,,Discontinued,"Wi-Fi 802.11 b/g/n, hotspot",,,GSM 850 / 900 / 1800 / 1900 - SIM 1 & SIM 2,,,"480 x 854 pixels, 16:9 ratio (~218 ppi density)",,microSDHC (dedicated slot),,HSPA,No,,"2016, March. Released 2016, March",,GSM / HSPA,,,Panasonic,,,https://fdn2.gsmarena.com/vv/bigpic/panasonic-t50.jpg,"4.5 inches, 55.8 cm2(~63.9% screen-to-body ratio)",Panasonic T50,,"Midnight Blue, Rose Gold, Champagne Gold",IPS LCD,,,131.7 x 66.3 x 8.8 mm (5.19 x 2.61 x 0.35 in),8GB 1GB RAM,microUSB 2.0,,GPS,FM radio,HSDPA 900 / 2100,,,720p@30fps,"Li-Ion 1600 mAh, non-removable",,"Accelerometer, proximity",
LED flash,Octa-core (4x1.5 GHz Cortex-A53 & 4x1.0 GHz Cortex-A53),HSDPA 900 / 2100,"1, 3, 7, 8, 20, 40",5 MP,Up to 900 h,,Android 5.1 (Lollipop),Yes,"4.1, A2DP",,,,,About 200 EUR,,Yes,"Dual SIM (Micro-SIM, dual stand-by)",,"13 MP, AF",145 g (5.11 oz),Qualcomm MSM8939 Snapdragon 615 (28 nm),,Discontinued,"Wi-Fi 802.11 b/g/n, hotspot",,,GSM 850 / 900 / 1800 / 1900 - SIM 1 & SIM 2,,,"720 x 1280 pixels, 16:9 ratio (~267 ppi density)",Up to 19 h,microSDHC (dedicated slot),,"HSPA, LTE Cat4 150/50 Mbps",No,,"2015, December. Released 2015, December",,GSM / HSPA / LTE,eMMC 4.5,,Panasonic,,Adreno 405,https://fdn2.gsmarena.com/vv/bigpic/panasonic-eluga-mark.jpg,"5.5 inches, 83.4 cm2(~71.3% screen-to-body ratio)",Panasonic Eluga Mark,,"Royal Gold, Metallic Grey",IPS LCD,,,152 x 77 x 8.2 mm (5.98 x 3.03 x 0.32 in),16GB 2GB RAM,microUSB 2.0,,GPS,FM radio,HSDPA 850 / 900 / 1900 / 2100,,,1080p@30fps,"Li-Ion 2500 mAh, non-removable",,"Fingerprint (rear-mounted), accelerometer, gyro, proximity",
LED flash,,24-bit/192kHz audio,"1, 3, 7, 8, 20",8 MP,,,Android 5.0 (Lollipop),"Yes, dual speakers","4.1, A2DP",,,,,About 270 EUR,,Yes,Dual SIM,,"13 MP, AF",141 g (4.97 oz),Qualcomm MSM8936 Snapdragon 610 (28 nm),,Discontinued,"Wi-Fi 802.11 b/g/n, hotspot",,,GSM 850 / 900 / 1800 / 1900 - SIM 1 & SIM 2,,,"1080 x 1920 pixels, 16:9 ratio (~401 ppi density)",,No,,"HSPA, LTE",No,,"2015, September. Released 2015, October",,GSM / HSPA / LTE,,,Panasonic,,Adreno 405,https://fdn2.gsmarena.com/vv/bigpic/panasonic-eluga-switch.jpg,"5.5 inches, 83.4 cm2(~72.7% screen-to-body ratio)",Panasonic Eluga Switch,,Gunmetal Grey,IPS LCD,,,152.7 x 75.1 x 7.4 mm (6.01 x 2.96 x 0.29 in),32GB 2GB RAM,microUSB 2.0,,GPS,"FM radio, RDS",HSDPA 850 / 900 / 1900 / 2100,,,1080p@30fps,"Li-Ion 2910 mAh, non-removable",,"Accelerometer, gyro, proximity, compass",
LED flash,Quad-core 1.0 GHz,,LTE,2 MP,,,Android 5.1 (Lollipop),Yes,"4.0, A2DP",,,,,About 140 EUR,,Yes,Dual SIM,,"8 MP, AF",158 g (5.57 oz),,,Discontinued,"Wi-Fi 802.11 b/g/n, hotspot",,,GSM 900 / 1800 / 1900 - SIM 1 & SIM 2,,,"540 x 960 pixels, 16:9 ratio (~200 ppi density)",,microSDHC (dedicated slot),,"HSPA, LTE",No,,"2015, August. Released 2015, August",,GSM / HSPA / LTE,,,Panasonic,,,https://fdn2.gsmarena.com/vv/bigpic/panasonic-eluga-l2.jpg,"5.5 inches, 83.4 cm2(~70.3% screen-to-body ratio)",Panasonic Eluga L2,,"Black, Gray",IPS LCD,,,153 x 77.5 x 8.6 mm (6.02 x 3.05 x 0.34 in),8GB 1GB RAM,microUSB 2.0,,GPS,FM radio,HSDPA 850 / 900 / 1900 / 2100,,,1080p@30fps,"Li-Ion 2500 mAh, non-removable",,"Accelerometer, proximity",
LED flash,Quad-core 1.0 GHz,,LTE,2 MP,,,Android 5.1 (Lollipop),Yes,"4.0, A2DP",,,,,About 120 EUR,,Yes,Dual SIM,,"8 MP, AF",135 g (4.76 oz),,,Discontinued,"Wi-Fi 802.11 b/g/n, hotspot",,,GSM 900 / 1800 / 1900 - SIM 1 & SIM 2,,,"720 x 1280 pixels, 16:9 ratio (~294 ppi density)",,microSDHC (dedicated slot),,"HSPA, LTE",No,,"2015, August. Released 2015, August",,GSM / HSPA / LTE,,,Panasonic,,,https://fdn2.gsmarena.com/vv/bigpic/panasonic-eluga-i2.jpg,"5.0 inches, 68.9 cm2(~67.1% screen-to-body ratio)",Panasonic Eluga I2,,"Gold, Silver, Gray",IPS LCD,,,144.2 x 71.2 x 8.8 mm (5.68 x 2.80 x 0.35 in),8GB 1GB RAM,microUSB 2.0,,GPS,FM radio,HSDPA 850 / 900 / 1900 / 2100,,ELUGA_I2,1080p@30fps,"Li-Ion 2000 mAh, removable",,"Accelerometer, proximity",
LED flash,Quad-core 1.0 GHz Cortex-A53,,LTE 700 / 800 / 900 / 1700 / 1900 / 2300 / 2600,VGA,,,Android 5.1 (Lollipop),Yes,"4.0, A2DP",,,,,About 100 EUR,,Yes,Dual SIM,,"5 MP, AF",-,Mediatek MT6735M (28 nm),,Discontinued,"Wi-Fi 802.11 b/g/n, hotspot",,,GSM 850 / 900 / 1800 / 1900 - SIM 1 & SIM 2,,,"480 x 854 pixels, 16:9 ratio (~218 ppi density)",,microSDHC (dedicated slot),,"HSPA, LTE",No,,"2015, August. Released 2015, August",,GSM / HSPA / LTE,,,Panasonic,,Mali-T720MP2,https://fdn2.gsmarena.com/vv/bigpic/panasonic-t45.jpg,"4.5 inches, 55.8 cm2(~65.4% screen-to-body ratio)",Panasonic T45,,"White, Black",IPS LCD,,,130.6 x 65.3 x 9.5 mm (5.14 x 2.57 x 0.37 in),8GB 1GB RAM,microUSB 2.0,,GPS,FM radio,HSDPA 850 / 900 / 1900 / 2100,,,Yes,"Li-Po 1800 mAh, removable",,"Accelerometer, proximity",
LED flash,Octa-core 1.5 GHz,,LTE,8 MP,Up to 900 h (3G),,Android 4.4.2 (KitKat),Yes,"4.0, A2DP",,,,,About 160 EUR,,Yes,Dual SIM,,"13 MP, AF",147 g (5.19 oz),,,Discontinued,"Wi-Fi 802.11 b/g/n, Wi-Fi Direct, hotspot",,,GSM 900 / 1800 / 1900 - SIM 1 & SIM 2,,,"720 x 1280 pixels, 16:9 ratio (~267 ppi density)",Up to 19 h (3G),microSDHC (dedicated slot),,"HSPA, LTE",No,,"2015, August. Released 2015, August",,GSM / HSPA / LTE,,,Panasonic,,,https://fdn2.gsmarena.com/vv/bigpic/panasonic-eluga-icon.jpg,"5.5 inches, 83.4 cm2(~71.7% screen-to-body ratio)",Panasonic Eluga Icon,,Black,IPS LCD,,,152.3 x 76.4 x 8 mm (6.00 x 3.01 x 0.31 in),16GB 2GB RAM,"microUSB 2.0, OTG",,GPS,FM radio,HSDPA 900 / 2100,,,1080p@30fps,"Li-Ion 3500 mAh, non-removable",,"Accelerometer, proximity",
LED flash,Octa-core 1.4 GHz,,,5 MP,Up to 375 h (3G),,"Android 4.4.2 (KitKat), upgradable to 5.0 (Lollipop)",Yes,"4.0, A2DP",,,,,,,Yes,Dual SIM,,"13 MP, AF",-,,,Discontinued,"Wi-Fi 802.11 b/g/n, Wi-Fi Direct, hotspot",,,GSM 900 / 1800 / 1900 - SIM 1 & SIM 2,,,"720 x 1280 pixels, 16:9 ratio (~294 ppi density)",Up to 15 h 18 min (3G),microSDHC (dedicated slot),,HSPA,No,,"2015, July. Released 2015, July",,GSM / HSPA,,,Panasonic,,Mali-450MP4,https://fdn2.gsmarena.com/vv/bigpic/panasonic-eluga-z.jpg,"5.0 inches, 68.9 cm2(~69.1% screen-to-body ratio)",Panasonic Eluga Z,,"Black, White",AMOLED,,,141.3 x 70.6 x 6.9 mm (5.56 x 2.78 x 0.27 in),16GB 2GB RAM,"microUSB 2.0, OTG",,GPS,FM radio,HSDPA 2100,,,1080p@30fps,"Li-Po 2050 mAh, removable",,"Accelerometer, proximity",
LED flash,Quad-core 1.2 GHz Cortex-A53,eMMC 4.5,"3, 40",5 MP,,,Android 4.4.4 (KitKat),Yes,"4.0, A2DP",,,,,About 190 EUR,,Yes,Dual SIM,,"8 MP, AF",110 g (3.88 oz),Qualcomm MSM8916 Snapdragon 410 (28 nm),,Discontinued,"Wi-Fi 802.11 b/g/n, hotspot",,,GSM 900 / 1800 / 1900 - SIM 1 & SIM 2,,,"720 x 1280 pixels, 16:9 ratio (~294 ppi density)",,microSDHC (dedicated slot),,"HSPA, LTE",No,,"2015, May. Released 2015, May",,GSM / HSPA / LTE,,,Panasonic,,Adreno 306,https://fdn2.gsmarena.com/vv/bigpic/panasonic-eluga-l-4g.jpg,"5.0 inches, 68.9 cm2(~68.4% screen-to-body ratio)",Panasonic Eluga L 4G,,Blue,IPS LCD,,,142 x 71 x 6.1 mm (5.59 x 2.80 x 0.24 in),8GB 1GB RAM,microUSB 2.0,,GPS,"FM radio, RDS",HSDPA 900 / 2100,,,1080p@30fps,"Li-Ion 2000 mAh, non-removable",,"Accelerometer, proximity",
LED flash,Octa-core 1.4 GHz Cortex-A7,,,5 MP,,,Android 4.4.2 (KitKat),Yes,"4.0, A2DP",,,,,About 130 EUR,,Yes,Dual SIM,,"8 MP, AF",135 g (4.76 oz),,,Discontinued,"Wi-Fi 802.11 b/g/n, Wi-Fi Direct, hotspot",,,GSM 900 / 1800 - SIM 1 & SIM 2,,,"720 x 1280 pixels, 16:9 ratio (~312 ppi density)",,microSDHC (dedicated slot),,HSPA,No,,"2015, June. Released 2015, June",,GSM / HSPA,,,Panasonic,,,https://fdn2.gsmarena.com/vv/bigpic/panasonic-eluga-s-mini.jpg,"4.7 inches, 60.9 cm2(~64.7% screen-to-body ratio)",Panasonic Eluga S mini,,"Black, White",IPS LCD,,,137.5 x 68.4 x 9.5 mm (5.41 x 2.69 x 0.37 in),8GB 1GB RAM,microUSB 2.0,,GPS,FM radio,HSDPA 900 / 2100,,,Yes,"Li-Po 1980 mAh, non-removable",,Accelerometer,
LED flash,Quad-core 1.2 GHz Cortex-A53,eMMC 4.5,LTE 700 / 900 / 1800 / 2600,5 MP,,,Android 5.0 (Lollipop),Yes,"4.0, A2DP",,,,,About 220 EUR,,Yes,Micro-SIM,,"13 MP, AF",131 g (4.62 oz),Qualcomm MSM8916 Snapdragon 410 (28 nm),,Discontinued,"Wi-Fi 802.11 b/g/n, hotspot",,,GSM 850 / 900 / 1800 / 1900,,,"1080 x 1920 pixels, 16:9 ratio (~441 ppi density)",,microSDHC (dedicated slot),,"HSPA, LTE",No,,"2015, February. Released 2015, February",,GSM / HSPA / LTE,,,Panasonic,To be confirmed,Adreno 306,https://fdn2.gsmarena.com/vv/bigpic/panasonic-eluga-u2.jpg,"5.0 inches, 68.9 cm2(~68.3% screen-to-body ratio)",Panasonic Eluga U2,,"Black, White",IPS LCD,,,141.5 x 71.3 x 8 mm (5.57 x 2.81 x 0.31 in),16GB 2GB RAM,microUSB 2.0,,GPS,FM radio,HSDPA 850 / 900 / 1900 / 2100,,,1080p@30fps,"Li-Ion 2500 mAh, non-removable",,"Accelerometer, proximity, compass",
LED flash,Octa-core 1.4 GHz,,,5 MP,,,Android 4.4.2 (KitKat),Yes,"4.0, A2DP",,,,,About 150 EUR,,Yes,Dual SIM,,"8 MP, AF",135 g (4.76 oz),,,Discontinued,"Wi-Fi 802.11 b/g/n, Wi-Fi Direct, hotspot",,,GSM 900 / 1800 / 1900 - SIM 1 & SIM 2,,,"720 x 1280 pixels, 16:9 ratio (~294 ppi density)",,microSDHC (dedicated slot),,HSPA,No,,"2014, November. Released 2014, November",,GSM / HSPA,,,Panasonic,,,https://fdn2.gsmarena.com/vv/bigpic/panasonic-eluga-s.jpg,"5.0 inches, 68.9 cm2(~68.8% screen-to-body ratio)",Panasonic Eluga S,,"Black, White",IPS LCD,,,141 x 71 x 7.9 mm (5.55 x 2.80 x 0.31 in),8GB 1GB RAM,microUSB 2.0,,GPS,"FM radio, RDS",HSDPA 900 / 2100,,,1080p@30fps,"Li-Ion 2100 mAh, non-removable",,"Accelerometer, proximity",
Dual-LED flash,Quad-core 1.3 GHz,,,2 MP,,,Android 4.4.2 (KitKat),Yes,"4.0, A2DP",,,,,About 190 EUR,,Yes,Dual SIM,,"8 MP, AF",173.8 g (6.14 oz),,,Discontinued,"Wi-Fi 802.11 b/g/n, Wi-Fi Direct, hotspot",,,GSM 900 / 1800 - SIM 1 & SIM 2,,,"720 x 1280 pixels, 16:9 ratio (~245 ppi density)",,microSDHC (dedicated slot),,HSPA,No,,"2014, July. Released 2014, July",,GSM / HSPA,,,Panasonic,,,https://fdn2.gsmarena.com/vv/bigpic/panasonic-p61.jpg,"6.0 inches, 99.2 cm2(~72.8% screen-to-body ratio)",Panasonic P61,,"Pearl White, Black",IPS LCD,,,162.7 x 83.8 x 8.2 mm (6.41 x 3.30 x 0.32 in),16GB 1GB RAM,microUSB 2.0,,GPS,"FM radio, RDS",HSDPA 2100,,,Yes,"Li-Ion 2800 mAh, non-removable",,"Accelerometer, proximity",
LED flash,Quad-core 1.3 GHz Cortex-A7,,,VGA,,,Android 4.4.2 (KitKat),Yes,"4.0, A2DP",,,,,,,Yes,Dual SIM,,"5 MP, AF",120.6 g (4.27 oz),,,Discontinued,"Wi-Fi 802.11 b/g/n, Wi-Fi Direct, hotspot",,,GSM 900 / 1800 - SIM 1 & SIM 2,,,"480 x 854 pixels, 16:9 ratio (~218 ppi density)",,microSDHC (dedicated slot),,HSPA,No,,"2014, July. Released 2014, July",,GSM / HSPA,,,Panasonic,,,https://fdn2.gsmarena.com/vv/bigpic/panasonic-t41.jpg,"4.5 inches, 55.8 cm2(~64.6% screen-to-body ratio)",Panasonic T41,,"White, Black, Red",IPS LCD,,,131 x 65.9 x 8.3 mm (5.16 x 2.59 x 0.33 in),4GB 512MB RAM,microUSB 2.0,,GPS,"FM radio, RDS",HSDPA 2100,,,Yes,"Li-Po 1650 mAh, non-removable",,"Accelerometer, proximity",
LED flash,Quad-core 1.3 GHz Cortex-A7,,,2 MP,,,Android 4.4.2 (KitKat),Yes,"4.0, A2DP",,,,,About 90 EUR,,Yes,Dual SIM,,"5 MP, AF",117 g (4.13 oz),,,Discontinued,"Wi-Fi 802.11 b/g/n, Wi-Fi Direct, hotspot",,,GSM 900 / 1800 - SIM 1 & SIM 2,,,"480 x 800 pixels, 5:3 ratio (~233 ppi density)",,microSDHC (dedicated slot),,HSPA,No,,"2014, October. Released 2014, October",,GSM / HSPA,,,Panasonic,,,https://fdn2.gsmarena.com/vv/bigpic/panasonic-t40.jpg,"4.0 inches, 45.5 cm2(~57.8% screen-to-body ratio)",Panasonic T40,,"White, Dark Grey, Bright Red",IPS LCD,,,126 x 62.5 x 9 mm (4.96 x 2.46 x 0.35 in),8GB 1GB RAM,microUSB 2.0,,GPS,"FM radio, RDS",HSDPA 2100,,,Yes,"Li-Ion 1500 mAh, removable",,"Accelerometer, proximity",
LED flash,Quad-core 1.2 GHz,,,2 MP,,,Android 4.4.2 (KitKat),Yes,"4.0, A2DP",,,,,About 120 EUR,,Yes,Dual SIM,,"8 MP, AF",148 g (5.22 oz),,,Discontinued,"Wi-Fi 802.11 b/g/n, Wi-Fi Direct, hotspot",,,GSM 900 / 1800 / 1900 - SIM 1 & SIM 2,,,"720 x 1280 pixels, 16:9 ratio (~267 ppi density)",,microSDHC (dedicated slot),,HSPA,No,,"2014, November. Released 2014, November",,GSM / HSPA,,,Panasonic,,,https://fdn2.gsmarena.com/vv/bigpic/panasonic-p55.jpg,"5.5 inches, 83.4 cm2(~72.3% screen-to-body ratio)",Panasonic P55,,"Pearl White, Deep Blue",IPS LCD,,,149.7 x 77 x 7.9 mm (5.89 x 3.03 x 0.31 in),4GB 1GB RAM,microUSB 2.0,,GPS,"FM radio, RDS",HSDPA 900 / 2100,,,1080p@30fps,"Li-Ion 2500 mAh, removable",,"Accelerometer, proximity",
LED flash,Quad-core 1.3 GHz,,,2 MP,,,Android 4.4.2 (KitKat),Yes,"4.0, A2DP",,,,,About 140 EUR,,Yes,Dual SIM,,"8 MP, AF",155 g (5.47 oz),,,Discontinued,"Wi-Fi 802.11 b/g/n, Wi-Fi Direct, hotspot",,,GSM 850 / 900 / 1800 / 1900 - SIM 1 & SIM 2,,,"720 x 1280 pixels, 16:9 ratio (~294 ppi density)",,microSDHC (dedicated slot),,HSPA,No,,"2014, November. Released 2014, November",,GSM / HSPA,,,Panasonic,,,https://fdn2.gsmarena.com/vv/bigpic/Panasonic-Eluga-I.jpg,"5.0 inches, 68.9 cm2(~63.7% screen-to-body ratio)",Panasonic Eluga I,,Silver,IPS LCD,,,147.1 x 73.6 x 9 mm (5.79 x 2.90 x 0.35 in),8GB 1GB RAM,microUSB 2.0,,GPS,FM radio,HSDPA 900 / 2100,,,1080p@30fps,"Li-Po 2000 mAh, removable",,"Accelerometer, proximity",
"Leica optics, LED flash",Quad-core 2.3 GHz Krait 400,eMMC 5.0,LTE,1.1 MP,,,"Android 4.4.2 (KitKat), upgradable to 5.0 (Lollipop)",Yes,"4.0, A2DP, LE",,,,,About 830 EUR,,Yes,Micro-SIM,,"20.1 MP, f/2.8, 28mm (wide), 1.0"", 2.4µm, AF",204 g (7.20 oz),Qualcomm MSM8974AB Snapdragon 801 (28 nm),,Discontinued,"Wi-Fi 802.11 a/b/g/n/ac, dual-band, Wi-Fi Direct, hotspot",,,GSM 850 / 900 / 1800 / 1900 - SIM 1 & SIM 2,,,"1080 x 1920 pixels, 16:9 ratio (~469 ppi density)",,microSDXC (dedicated slot),,"HSPA, LTE Cat4 150/50 Mbps",Yes,,"2014, September. Released 2014, December",720p@30fps,GSM / HSPA / LTE,,,Panasonic,,Adreno 330,https://fdn2.gsmarena.com/vv/bigpic/panasonic-lumix.jpg,"4.7 inches, 60.9 cm2(~66.1% screen-to-body ratio)",Panasonic Lumix Smart Camera CM1,,Black,IPS LCD,,Yes,135.4 x 68 x 21.1 mm (5.33 x 2.68 x 0.83 in),16GB 2GB RAM,microUSB 2.0,Yes,"GPS, GLONASS",No,HSDPA,"18W wired, QC2",DMC-CM1,"4K@15fps, 1080p@30fps","Li-Ion 2600 mAh, non-removable",,"Accelerometer, gyro, proximity, compass",
LED flash,Quad-core 1.2 GHz Cortex-A7,eMMC 4.5,,1.3 MP,,,Android 4.3 (Jelly Bean),Yes,"3.0, A2DP",,,,,About 120 EUR,,Yes,Dual SIM,,"8 MP, AF",115 g (4.06 oz),Qualcomm Snapdragon 200 (28 nm),,Discontinued,"Wi-Fi 802.11 b/g/n, hotspot",,,GSM 850 / 900 / 1800 / 1900 - SIM 1 & SIM 2,,,"480 x 854 pixels, 16:9 ratio (~196 ppi density)",,microSDHC (dedicated slot),,HSPA,No,,"2014, August. Released 2014, August",,GSM / HSPA,,,Panasonic,,Adreno 302,https://fdn2.gsmarena.com/vv/bigpic/Panasonic-Eluga-A.jpg,"5.0 inches, 68.9 cm2(~66.5% screen-to-body ratio)",Panasonic Eluga A,,"Black, White",IPS LCD,,,143.8 x 72 x 9.2 mm (5.66 x 2.83 x 0.36 in),4GB 1GB RAM,microUSB 2.0,,GPS,FM radio,HSDPA 900 / 2100,,,1080p@30fps,"Li-Ion 2000 mAh, removable",,"Accelerometer, proximity",
LED flash,Quad-core 1.2 GHz Cortex-A7,eMMC 4.5,,2 MP,,,Android 4.4.2 (KitKat),Yes,"4.0, A2DP",,,,,About 240 EUR,,Yes,Dual SIM,,"13 MP, AF",141 g (4.97 oz),Qualcomm Snapdragon 400 (28 nm),,Discontinued,"Wi-Fi 802.11 b/g/n, hotspot",,,GSM 850 / 900 / 1800 / 1900 - SIM 1 & SIM 2,,,"720 x 1280 pixels, 16:9 ratio (~294 ppi density)",,microSDHC (dedicated slot),,HSPA,No,,"2014, July. Released 2014, August",,GSM / HSPA,,,Panasonic,Corning Gorilla Glass 3,Adreno 305,https://fdn2.gsmarena.com/vv/bigpic/panasonic-eluga-u.jpg,"5.0 inches, 68.9 cm2",Panasonic Eluga U,,"Black, White",IPS LCD,,,8 mm thickness,16GB 2GB RAM,microUSB 2.0,,GPS,"FM radio, RDS",HSDPA 900 / 2100,,,1080p@30fps,"Li-Ion 2500 mAh, non-removable",,"Accelerometer, proximity, compass",
LED flash,Octa-core 1.7 GHz Cortex-A7,,,2 MP,,,Android 4.2.2 (Jelly Bean),Yes,"3.0, A2DP",,,,,About 220 EUR,,Yes,"Dual SIM (Micro-SIM, dual stand-by)",,"13 MP, AF",-,Mediatek MT6592 (28 nm),,Discontinued,"Wi-Fi 802.11 b/g/n, Wi-Fi Direct, hotspot",,,GSM 900 / 1800 / 1900 - SIM 1 & SIM 2,,,"720 x 1280 pixels, 16:9 ratio (~267 ppi density)",,microSDHC (dedicated slot),,HSPA 21.1/5.76 Mbps,No,,"2014, June. Released 2014, June",,GSM / HSPA,,,Panasonic,,Mali-450MP4,https://fdn2.gsmarena.com/vv/bigpic/panasonic-p81.jpg,"5.5 inches, 83.4 cm2",Panasonic P81,,Black,IPS LCD,,,7.9 mm thickness,8GB 1GB RAM,microUSB 2.0,,GPS,"FM radio, RDS",HSDPA 900 / 2100,,,1080p@30fps,"Li-Ion 2500 mAh, non-removable",,"Accelerometer, proximity",
HDR,Dual-core 1.3 GHz Cortex-A7,,,VGA,Up to 510 h (2G) / Up to 400 h (3G),,Android 4.2.2 (Jelly Bean),Yes,"4.0, A2DP",0.85 W/kg (head)     1.18 W/kg (body),,,,About 70 EUR,,Yes,"Dual SIM (Mini-SIM, dual stand-by)",,3.15 MP,120 g (4.23 oz),Mediatek MT6572M (28 nm),,Discontinued,"Wi-Fi 802.11 b/g/n, Wi-Fi Direct, hotspot",,,GSM 850 / 900 / 1800 / 1900 - SIM 1 & SIM 2,,,"480 x 800 pixels, 5:3 ratio (~233 ppi density)",Up to 3 h 30 min (2G) / Up to 9 h 30 min (3G),microSDHC (dedicated slot),,HSPA 21.1/5.76 Mbps,No,,"2013, October. Released 2013, October",,GSM / HSPA,,,Panasonic,,Mali-400,https://fdn2.gsmarena.com/vv/bigpic/panasonic-t31.jpg,"4.0 inches, 45.5 cm2(~58.0% screen-to-body ratio)",Panasonic T31,,"Pure White, Bluish Black",TFT,,,122 x 64.4 x 11.2 mm (4.80 x 2.54 x 0.44 in),4GB 512MB RAM,microUSB 2.0,,GPS,FM radio,HSDPA 850 / 1900 / 2100,,,720p@24fps,"Li-Ion 1300 mAh, removable",,"Accelerometer, proximity",
LED flash,Dual-core 1.2 GHz,,,2 MP,,,Android 4.1 (Jelly Bean),Yes,"2.1, A2DP",,,,,About 170 EUR,,Yes,Dual SIM,,"8 MP, AF",140 g (4.94 oz),,,Discontinued,"Wi-Fi 802.11 b/g/n, hotspot",,,GSM 850 / 900 / 1800 / 1900 - SIM 1 & SIM 2,,,"720 x 1280 pixels, 16:9 ratio (~326 ppi density)",,microSDHC (dedicated slot),,HSPA,No,,"2013, Q3. Released 2013, Q3",,GSM / HSPA,,,Panasonic,,,https://fdn2.gsmarena.com/vv/bigpic/panasonic-t21.jpg,"4.5 inches, 55.8 cm2(~64.1% screen-to-body ratio)",Panasonic T21,,"Black, White",IPS LCD,,,132 x 66 x 9.8 mm (5.20 x 2.60 x 0.39 in),4GB 1GB RAM,microUSB 2.0,,GPS,FM radio,HSDPA 900 / 2100,,,1080p@30fps,"Li-Ion 1700 mAh, removable",,"Accelerometer, proximity, compass",
LED flash,Quad-core 1.2 GHz Cortex-A7,eMMC 4.5,,2 MP,,,Android 4.1.2 (Jelly Bean),Yes,"2.1, A2DP",,,,,About 200 EUR,,Yes,Dual SIM,,"8 MP, AF",160 g (5.64 oz),Qualcomm Snapdragon 200 (28 nm),,Discontinued,"Wi-Fi 802.11 b/g/n, hotspot",,,GSM 850 / 900 / 1800 / 1900 - SIM 1 & SIM 2,,,"720 x 1280 pixels, 16:9 ratio (~294 ppi density)",,microSDHC (dedicated slot),,HSPA 7.2/5.76 Mbps,No,,"2013, Q3. Released 2013, Q3",,GSM / HSPA,,,Panasonic,,Adreno 203,https://fdn2.gsmarena.com/vv/bigpic/panasonic-p11.jpg,"5.0 inches, 68.9 cm2(~65.3% screen-to-body ratio)",Panasonic P11,,"Black, White, Fluorescent Green",IPS LCD,,,143.9 x 73.3 x 9.7 mm (5.67 x 2.89 x 0.38 in),4GB 1GB RAM,microUSB 2.0,,GPS,No,HSDPA 900 / 2100,,,720p,"Li-Ion 2000 mAh, removable",,"Accelerometer, proximity, compass",
LED flash,Quad-core 1.2 GHz Cortex-A7,,,VGA,,,Android 4.1 (Jelly Bean),Yes,"2.1, A2DP",,,,,About 120 EUR,,Yes,Dual SIM,,"5 MP, AF",120 g (4.23 oz),Mediatek MT6589 (28 nm),,Discontinued,"Wi-Fi 802.11 b/g/n, hotspot",,,GSM 850 / 900 / 1800 / 1900 - SIM 1 & SIM 2,,,"480 x 800 pixels, 5:3 ratio (~233 ppi density)",,microSDHC (dedicated slot),,HSPA,No,,"2013, Q3. Released 2013, Q3",,GSM / HSPA,,,Panasonic,,PowerVR SGX544,https://fdn2.gsmarena.com/vv/bigpic/panasonic-t11.jpg,"4.0 inches, 45.5 cm2(~63.7% screen-to-body ratio)",Panasonic T11,,"Black, White",IPS LCD,,,112.6 x 63.5 x 9.2 mm (4.43 x 2.5 x 0.36 in),4GB 1GB RAM,microUSB 2.0,,GPS,No,HSDPA 900 / 2100,,,Yes,"Li-Ion 1500 mAh, removable",,"Accelerometer, proximity, compass",
LED flash,Quad-core 1.2 GHz Cortex-A7,,,1.3 MP,,,Android 4.2 (Jelly Bean),Yes,"4.0, A2DP, EDR",,,,,About 440 EUR,,Yes,Dual SIM (Micro-SIM),,"8 MP, AF",135 g (4.76 oz),Mediatek MT6589 (28 nm),,Discontinued,"Wi-Fi 802.11 b/g/n, hotspot",,,GSM 850 / 900 / 1800 / 1900 - SIM 1 & SIM 2,,,"720 x 1280 pixels, 16:9 ratio (~294 ppi density)",,microSDHC (dedicated slot),,HSPA 42.2/5.76 Mbps,No,,"2013, May. Released 2013, October",720p,GSM / HSPA,,,Panasonic,,PowerVR SGX544,https://fdn2.gsmarena.com/vv/bigpic/panasonic-p51.jpg,"5.0 inches, 68.9 cm2(~63.8% screen-to-body ratio)",Panasonic P51,,"Black, White",IPS LCD,,,144 x 75 x 8.5 mm (5.67 x 2.95 x 0.33 in),4GB 1GB RAM,microUSB 2.0,,GPS,No,HSDPA 900 / 2100,,,1080p@30fps,"Li-Ion 2500 mAh, non-removable",,"Accelerometer, proximity, compass",
LED flash,Quad-core 1.3 GHz Cortex-A7,,,2 MP,,,Android 4.4.2 (KitKat),Yes,"4.0, A2DP, EDR",,,,,About 170 EUR,,Yes,Dual SIM,,"8 MP, AF",133 g (4.69 oz),Mediatek MT6582 (28 nm),,Discontinued,"Wi-Fi 802.11 b/g/n, Wi-Fi Direct, hotspot",,,GSM 900 / 1800 - SIM 1 & SIM 2,,,"540 x 960 pixels, 16:9 ratio (~220 ppi density)",,microSDHC (dedicated slot),,HSPA,No,,"2014, August. Released 2014, August",,GSM / HSPA,,,Panasonic,,Mali-400MP2,https://fdn2.gsmarena.com/vv/bigpic/panasonic-p41.jpg,"5.0 inches, 68.9 cm2(~67.3% screen-to-body ratio)",Panasonic P41,,"Black, White",IPS LCD,,,142.4 x 71.9 x 8.2 mm (5.61 x 2.83 x 0.32 in),8GB 1GB RAM,microUSB 2.0,,GPS,No,HSDPA 2100,,,1080p@30fps,"Li-Ion 2000 mAh, removable",,"Accelerometer, proximity",
,Dual-core 1.5 GHz Krait,IP57 dust/water resistant (up to 1m for 30 min),,Yes,,,Android 4.0 (Ice Cream Sandwich),Yes,"3.0, A2DP, EDR",,,,,About 500 EUR,,Yes,Micro-SIM,,"8 MP, AF",133 g (4.69 oz),Qualcomm MSM8270,,Discontinued,"Wi-Fi 802.11 b/g/n, DLNA, hotspot",,,GSM 850 / 900 / 1800 / 1900,,,"720 x 1280 pixels, 16:9 ratio (~294 ppi density)",,microSDHC (dedicated slot),,HSPA 14.4/5.76 Mbps,Yes,,"2012, February. Released 2012, May",,GSM / HSPA,DivX/MP4/H.264 playerMP3/WAV/eAAC+ playerOrganizerPhoto/video editorDocument viewerVoice memo/dialPredictive text input,,Panasonic,,Adreno 225,https://fdn2.gsmarena.com/vv/bigpic/panasonic-eluga-power.jpg,"5.0 inches, 68.9 cm2(~72.4% screen-to-body ratio)",Panasonic Eluga Power,,"Black, Silver",LCD,,,136 x 70 x 9.6 mm (5.35 x 2.76 x 0.38 in),8GB 1GB RAM,microUSB 2.0,,"GPS, A-GPS",No,HSDPA 900 / 2100,,,1080p@30fps,Non-removable Li-Ion 1800 mAh battery,,"Accelerometer, proximity, compass",
,Dual-core 1.0 GHz,IP57 dust/water resistant (up to 1m for 30 min),,,Up to 300 h,,"Android 2.3.5 (Gingerbread), upgradable to 4.0 (Ice Cream Sandwich)",Yes,"2.1, A2DP, EDR",,,,DivX/MP4/H.264 playerMP3/WAV/eAAC+ playerOrganizerPhoto/video editorDocument viewerVoice memo/dialPredictive text input,About 360 EUR,,Yes,Micro-SIM,,"8 MP, AF",103 g (3.63 oz),TI OMAP 4430,,Discontinued,"Wi-Fi 802.11 b/g/n, DLNA, hotspot",,,GSM 850 / 900 / 1800 / 1900,,,"540 x 960 pixels, 16:9 ratio (~256 ppi density)",Up to 4 h,No,,HSPA 21.1/5.76 Mbps,Yes,,"2012, February. Released 2012, April",,GSM / HSPA,,,Panasonic,,,https://fdn2.gsmarena.com/vv/bigpic/panasonic-eluga.jpg,"4.3 inches, 51.0 cm2(~66.8% screen-to-body ratio)",Panasonic Eluga DL1,,"Black, Silver",OLED,,,123 x 62 x 7.8 mm (4.84 x 2.44 x 0.31 in),8GB 1GB RAM,microUSB 2.0,,"GPS, A-GPS",No,HSDPA 900 / 2100,,,Yes,Non-removable Li-Ion 1150 mAh battery,,"Accelerometer, proximity, compass",
LED flash,Dual-core 1.2 GHz Marvell,Anti-reflective and anti-glare display,,2 MP,,,Android 3.2 (Honeycomb),Yes,"2.1, A2DP, EDR",,,,,About 900 EUR,,Yes,No,,"5 MP, AF",952.5 g (2.10 lb),,,Discontinued,"Wi-Fi 802.11 а/b/g/n, hotspot",,,N/A,,,"768 x 1024 pixels, 4:3 ratio (~127 ppi density)",Up to 10 h,microSDHC (dedicated slot),,,,,"2011, October. Released 2012, Q4",,No cellular connectivity,MIL-STD-810G and IP65 certified sealed all-weather designMagnesium alloy chassis encased with ABS and elastomerFIPS 140-2 (HIPPA compliance)micro HDMI portMP3/WAV/WMA/AAC playerMP4/H.264 playerOrganizerPredictive text input,,Panasonic,,,https://fdn2.gsmarena.com/vv/bigpic/panasonic-toughpad-fz-a1.jpg,"10.1 inches, 315.9 cm2(~55.5% screen-to-body ratio)",Panasonic Toughpad FZ-A1,,White,LCD,,No,266.7 x 213.4 x 17.8 mm (10.5 x 8.40 x 0.70 in),16GB 1GB RAM,microUSB 2.0,No,GPS,No,,,,Yes,Non-removable Li-Ion 4590 mAh battery (33.9Wh),,"Accelerometer, compass",
,,Anti-reflective and anti-glare display,,Yes,,,Android 3.2 (Honeycomb),Yes,"2.1, A2DP, EDR",,,,,About 1470 EUR,,Yes,No,,Yes,952.5 g (2.10 lb),,,Discontinued,"Wi-Fi 802.11 а/b/g/n, hotspot",,,N/A,,,"600 x 1024 pixels, 16:9 ratio",,microSDHC (dedicated slot),,,,,"2011, October. Released 2012, January",,No cellular connectivity,MIL-STD-810G and IP65 certified sealed all-weather designMagnesium alloy chassis encased with ABS and elastomermicro HDMI portMP3/WAV/WMA/AAC playerMP4/H.264 playerOrganizerPredictive text input,,Panasonic,,,https://fdn2.gsmarena.com/vv/bigpic/panasonic-toughpad-jt-b1.jpg,"7.0 inches, 137.9 cm2",Panasonic Toughpad JT-B1,,White,LCD,,No,-,16GB 1GB RAM,microUSB 2.0,No,GPS,No,,,,Yes,Non-removable Li-Ion battery,,"Accelerometer, compass",
,,FlashlightMIL-STD-810E compliant shock resistantPriority Call Key,,,Up to 280 h,,,Yes,2.0,,No,,2.5 mm audio jackHearing aid compatible (M3)Audible Dialling,,,No,Mini-SIM,,,110 g (3.88 oz),,"50 dialed, 50 received, 20 missed calls",Discontinued,No,,,GSM 900 / 1800,,,220 x 176 pixels (~148 ppi density),Up to 4 h,No,,,,,"2011, October",,GSM,No,,Panasonic,,,https://fdn2.gsmarena.com/vv/bigpic/panasonic-kx-tu311.jpg,"1.9 inches, 11.4 cm2(~16.5% screen-to-body ratio)",Panasonic KX-TU311,SMS,Black,"TFT, 65K colors",100 entries,No,121 x 57 x 19 mm (4.76 x 2.24 x 0.75 in),,No,No,No,No,,,,,Removable Li-Ion 940 mAh battery,,,No
,,FlashlightShock resistantPriority Call Key,,,Up to 280 h,,,Yes,No,,No,,2.5 mm audio jackHearing aid compatible (M3)Audible Dialling,,,No,Mini-SIM,,,128 g (4.52 oz),,"50 dialed, 50 received, 20 missed calls",Discontinued,No,,,GSM 900 / 1800,,,160 x 128 pixels (~114 ppi density),Up to 4 h,No,,,,,"2011, October",,GSM,No,,Panasonic,,,https://fdn2.gsmarena.com/vv/bigpic/panasonic-kx-tu301.jpg,"1.8 inches, 10.2 cm2(~16.3% screen-to-body ratio)",Panasonic KX-TU301,No,Black,"TFT, 65K colors",100 entries,No,"128 x 49 x 20 mm, 89 cc (5.04 x 1.93 x 0.79 in)",,No,No,No,No,,,,,Removable Li-Ion 940 mAh battery,,,No
,,"Second external CSTN display, 4096 colors, 96 x 64 pixelsDownloadable logos",,,Up to 430 h,"Vibration; Downloadable polyphonic, MP3 ringtones",,No,1.2,,"Sonic the Hedgehog, Soccer",,No,,MP3/AAC playerPredictive text inputOrganizerChangeable coversVoice memo,No,Mini-SIM,,2 MP,113 g (3.99 oz),,"50 dialed, 50 received, 20 missed calls",Discontinued,No,Yes,,GSM 900 / 1800 / 1900,,WAP 2.0/xHTML,"320 x 240 pixels, 4:3 ratio",Up to 8 h,No,,,,,"2005, Q1",,GSM,2 MB for MMS,,Panasonic,,,https://fdn2.gsmarena.com/vv/bigpic/panasonic-vs7.gif,,Panasonic VS7,"SMS, EMS, MMS, Email",,"TFT, 16M colors",500 entries,Class 10,"102 x 51 x 18.8 mm, 89 cc (4.02 x 2.01 x 0.74 in)",30MB,Proprietary,No,No,No,,,,QCIF,Removable Li-Ion 830 mAh battery (EB-BS001),,,Yes
,,Downloadable logos,,,Up to 430 h,"Vibration; Downloadable polyphonic, MP3 ringtones",,No,1.2,,Yes,,Push-to-open mechanismMP3 playerPredictive text inputOrganizerChangeable covers,,,No,Mini-SIM,,2 MP,101 g (3.56 oz),,"10 dialed, 10 received, 10 missed calls",Discontinued,No,Yes,,GSM 900 / 1800 / 1900,,WAP 2.0/xHTML,"240 x 320 pixels, 4:3 ratio",Up to 8 h,No,,,,,"2005, Q3",,GSM,No,,Panasonic,,,https://fdn2.gsmarena.com/vv/bigpic/panasonic-vs6.gif,,Panasonic VS6,"SMS, MMS","Red, Black","TFT, 16M colors",Yes,Class 10,"96 x 46 x 21 mm, 80 cc (3.78 x 1.81 x 0.83 in)",32MB,Proprietary,No,No,No,,,,Yes,Removable Li-Ion 830 mAh battery,,,"Yes, MIDP 2.0"
,,Incoming call LEDDownloadable logos,,,Up to 210 h,"Vibration; Downloadable polyphonic, MP3 ringtones",,No,No,,"Sonic the Hedgehog, Soccer",,Push-to-open mechanismMP3/AAC playerPredictive text inputOrganizerChangeable coversSyncMLVoice memo,,,No,Mini-SIM,,1.3 MP,102 g (3.60 oz),,"50 dialed, 50 received, 20 missed calls",Discontinued,No,Yes,,GSM 900 / 1800 / 1900,,WAP 2.0/xHTML,"240 x 320 pixels, 4:3 ratio",Up to 4 h 30 min,No,,,,,"2005, Q1",,GSM,No,,Panasonic,,,https://fdn2.gsmarena.com/vv/bigpic/panasonic-vs3.gif,,Panasonic VS3,"SMS, EMS, MMS, Email",,"TFT, 16M colors",500 entries,Class 10,"96 x 46 x 17.6 mm, 79 cc (3.78 x 1.81 x 0.69 in)",32MB,Proprietary,No,No,No,,,,QCIF,Removable Li-Ion 830 mAh battery,,,"Yes, MIDP 2.0"
,,Incoming call LEDDownloadable logos,,,Up to 370 h,"Vibration; Downloadable polyphonic, MP3 ringtones",,No,No,,"Sonic The Hedgehog, 3D Soccer Game",,MP3/AAC playerPredictive text inputOrganizerVoice memoSyncML,,,No,Mini-SIM,,1.3 MP,98 g (3.46 oz),,"50 dialed, 50 received, 20 missed calls",Discontinued,No,Yes,,GSM 900 / 1800 / 1900,,WAP 2.0/xHTML,"240 x 320 pixels, 4:3 ratio",Up to 6 h,No,,,,,"2005, Q2",,GSM,No,,Panasonic,,,https://fdn2.gsmarena.com/vv/bigpic/panasonic-vs2.gif,,Panasonic VS2,"SMS, EMS, MMS, Email","3 - pink, copper, brown","TFT, 16M colors",500 entries,Class 10,"96 x 46 x 18.2 mm, 77 cc (3.78 x 1.81 x 0.72 in)",32MB,Proprietary,No,No,No,,,,Yes,Removable Li-Ion 830 mAh battery,,,"Yes, MIDP 2.0"
,,"Second external CSTN display, 4096 colors, 96 x 64 pixelsDownloadable logos",,,Up to 860 h,"Vibration; Downloadable polyphonic, MP3 ringtones",,No,1.2,,Yes,,No,,MP3 playerPredictive text inputOrganizer,No,Mini-SIM,,2 MP,144 g (5.08 oz),,"20 dialed, 20 received, 10 missed calls",Discontinued,No,Yes,,GSM 900 / 1800 / 1900,,WAP 2.0/xHTML,"240 x 320 pixels, 4:3 ratio",Up to 16 h,No,,,,,"2005, Q1",,GSM,2 MB for MMS,,Panasonic,,,https://fdn2.gsmarena.com/vv/bigpic/pamx7.gif,,Panasonic MX7,"SMS, MMS",,"TFT, 16M colors",Yes,Class 10,"102 x 51 x 26 mm, 118 cc (4.02 x 2.01 x 1.02 in)",30MB,,No,No,No,,,,Yes,Removable Li-Ion 1660 mAh battery,,,"Yes, MIDP 2.0"
,,Downloadable logos,,,300 h - 860 h,"Vibration; Downloadable polyphonic, MP3 ringtones",,No,No,,Yes,,One push auto open,,MP3 capabilityPredictive text inputOrganizer,No,Mini-SIM,,1.3 MP,130 g (4.59 oz),,"10 dialed, 10 received, 10 missed calls",Discontinued,No,Yes,,GSM 900 / 1800 / 1900,,WAP 2.0/xHTML,"320 x 240 pixels, 4:3 ratio",4 h - 16 h,No,,,,,"2005, Q1",,GSM,No,,Panasonic,,,https://fdn2.gsmarena.com/vv/bigpic/pamx6.gif,,Panasonic MX6,"SMS, MMS",Blue,"TFT, 16M colors",500 entries,Class 10,"96 x 46 x 26 mm, 105 cc (3.78 x 1.81 x 1.02 in)",30MB,Proprietary,No,No,No,,,,Yes,Removable Li-Ion 1620 mAh battery (EB-BS002),,,"Yes, MIDP 2.0"
,,"Second external CSTN display, 4096 colors, 96 x 64 pixelsDownloadable logos",,,300 h - 860 h,"Vibration; Downloadable polyphonic, MP3 ringtones",,No,1.2,,"Sonic the Hedgehog, Soccer",,No,,MP3 playerPredictive text inputOrganizerSyncMLVoice memo,No,Mini-SIM,,2 MP,140 g (4.94 oz),,"50 dialed, 50 received, 20 missed calls",Discontinued,No,Yes,,GSM 900 / 1800 / 1900,,WAP 2.0/xHTML,"240 x 320 pixels, 4:3 ratio",4 h - 16 h,No,,,,,"2005, Q1",,GSM,2 MB for MMS,,Panasonic,,,https://fdn2.gsmarena.com/vv/bigpic/pasa7.gif,,Panasonic SA7,"SMS, EMS, MMS, Email",,"TFT, 16M colors",500 entries,Class 10,"102 x 53 x 26 mm, 116 cc (4.02 x 2.09 x 1.02 in)",30MB,Proprietary,No,No,No,,,,QCIF,Removable Li-Ion 1660 mAh battery (EB-BS002),,,"Yes, MIDP 2.0"
,,Downloadable logos,,,300 h - 740 h,"Vibration; Downloadable polyphonic, MP3 ringtones",,No,No,,"Sonic the Hedgehog, Soccer",,One push auto open,,MP3 capabilityPredictive text inputVoice memoOrganizerSyncML,No,Mini-SIM,,1.3 MP,127 g (4.48 oz),,"50 dialed, 50 received, 20 missed calls",Discontinued,No,Yes,,GSM 900 / 1800 / 1900,,WAP 2.0/xHTML,"240 x 320 pixels, 4:3 ratio",4 h - 12 h,No,,,,,"2005, Q1",,GSM,No,,Panasonic,,,https://fdn2.gsmarena.com/vv/bigpic/pasa6.gif,,Panasonic SA6,"SMS, EMS, MMS, Email",Red,"TFT, 16M colors",500 entries,Class 10,"96 x 47 x 25 mm, 106 cc (3.78 x 1.85 x 0.98 in)",32MB,Proprietary,No,No,No,,,,QCIF,Removable Li-Ion 1620 mAh battery,,,"Yes, MIDP 2.0"
,,"Wallpapers, themesDownloadable wallpapers",,,Up to 230 h,Vibration; Polyphonic(16) ringtones,,No,No,,Yes,,Predictive text inputOrganizerVoice memo,,,No,Mini-SIM,,VGA,76 g (2.68 oz),,"50 dialed, 50 received, 20 missed calls",Discontinued,No,Yes,,GSM 900 / 1800,,WAP 2.0/xHTML,"128 x 128 pixels, 1:1 ratio",Up to 9 h,No,,,,,"2005, Q1",,GSM,No,,Panasonic,,,https://fdn2.gsmarena.com/vv/bigpic/pasc3.gif,,Panasonic SC3,"SMS, EMS, MMS","Black, Silver","TFT, 65K colors",Yes,Class 8,"91.5 x 45 x 16.8 mm, 77 cc (3.60 x 1.77 x 0.66 in)",,,No,No,No,,,,No,Removable Li-Ion 730 mAh battery,,,Yes
,,"Wallpapers, themesDownloadable wallpapers7 colours LED",,,Up to 230 h,Vibration; Polyphonic(16) ringtones,,No,No,,Yes,,Predictive text inputOrganizerWorld clock,,,No,Mini-SIM,,,71 g (2.50 oz),,"50 dialed, 50 received, 20 missed calls",Discontinued,No,,,GSM 900 / 1800,,WAP 2.0/xHTML,"128 x 128 pixels, 1:1 ratio",Up to 9 h,No,,,,,"2005, Q1",,GSM,No,,Panasonic,,,https://fdn2.gsmarena.com/vv/bigpic/paa210.gif,,Panasonic A210,"SMS, EMS","White Red, White Champagne-Gold, Silver","CSTN, 65K colors",400 entries,Class 8,"91 x 44 x 16.5 mm, 51 cc (3.58 x 1.73 x 0.65 in)",512 KB,,No,No,No,,,,,Removable Li-Ion 730 mAh battery,,,No
LED flash,104 MHz ARM 920T,Second external 65K colors display (96 x 64 pixels)Downloadable logos,,,Up to 230  h,Vibration; Downloadable polyphonic ringtones,"Symbian OS 7.0s, Series 60 v2.0 UI",No,1.1,,,,"Predictive text inputDocument viewer (Word, Excel, PowerPoint, PDF)OrganizerPhoto editorX-changeable coversVoice recognition",,,No,Mini-SIM,,VGA,99 g (3.49 oz),,,Discontinued,No,Yes,,GSM 900 / 1800 / 1900,,WAP 2.0/xHTML,176 x 208 pixels (~124 ppi density),Up to 5 h,"miniSD, 16 MB included",,,,,"2005, Q1",,GSM,No,,Panasonic,,,https://fdn2.gsmarena.com/vv/bigpic/pax800.gif,"2.2 inches, 36 x 43 mm, 15.4 cm2(~32.1% screen-to-body ratio)",Panasonic X800,,,"TFT, 65K colors",,Class 10,"100 x 48 x 17 mm, 79 cc (3.94 x 1.89 x 0.67 in)",8MB,Proprietary,No,No,No,,,,Yes,Removable Li-Ion 720 mAh battery,,,
,,"Second external STN display 96 x 64 pixels, 56K colorsWallpapers, themesDownloadable logos",,Yes,,Vibration; Downloadable polyphonic ringtones,,No,Yes,,Yes,,,,,No,Mini-SIM,,"1.3 MP, AF",115 g (4.06 oz),,"10 dialed, 10 received, 10 missed calls",Cancelled,No,Yes,,GSM 900 / 1800 / 1900,,WAP 2.0/xHTML,176 x 220 pixels,,miniSD,,"Yes, 384 kbps",,,"2004, Q4",,GSM / UMTS,Music playerPredictive text inputOrganizer,,Panasonic,,,https://fdn2.gsmarena.com/vv/bigpic/paz800.gif,,Panasonic Z800,"SMS, MMS, EMail",,"TFT, 65K colors",Yes,,"96.5 x 49 x 26 mm, 100 cc (3.80 x 1.93 x 1.02 in)",,Proprietary,,No,No,UMTS 2100,,,Yes,Removable Li-Ion battery,,,"Yes, MIDP 2.0"
LED flash,104 MHz ARM 920T,Second 4096 colors display (64 x 96 pixels)Downloadable logos,,,80 h - 250 h,Vibration; Downloadable polyphonic ringtones,"Symbian 7.0s, Series 60 UI",Yes,1.1,,,,"Predictive text inputDocument viewer (Word, Excel, PowerPoint, PDF)Photo editorVoice memoVoice dial",,,No,Mini-SIM,,VGA,107 g (3.77 oz),,,Discontinued,No,Yes,,GSM 900 / 1800 / 1900,,WAP 2.0/xHTML,176 x 208 pixels (~136 ppi density),2 h - 6 h,"miniSD, 16 MB included",,,,,"2004, Q1",,GSM,No,,Panasonic,,,https://fdn2.gsmarena.com/vv/bigpic/pax700.gif,"2.0 inches, 33 x 39 mm, 12.7 cm2(~26.8% screen-to-body ratio)",Panasonic X700,,,"TFT, 65K colors",,Class 10,"97 x 49 x 24 mm, 89 cc (3.82 x 1.93 x 0.94 in)",8MB,Proprietary,No,No,No,,,,Yes,Removable Li-Ion 780 mAh battery,,,
,,"5-way navigation keyWallpapers, themesDownloadable logos",,,Up to 200 h,"Vibration; Downloadable polyphonic ringtones, composer",,No,No,,2 + downloadable,,Predictive text inputOrganizer,,,No,Mini-SIM,,VGA,96 g (3.39 oz),,"10 dialed, 10 received, 10 missed calls",Discontinued,No,,,GSM 900 / 1800,,WAP 2.0/xHTML,"128 x 128 pixels, 1:1 ratio",Up to 7 h,No,,,,,"2004, Q2",,GSM,No,,Panasonic,,,https://fdn2.gsmarena.com/vv/bigpic/pax500.gif,,Panasonic X500,"SMS, EMS, MMS","Silver, Red, White","TFT, 65K colors",Yes,Class 8,"85 x 47 x 22.5 mm, 79 cc (3.35 x 1.85 x 0.89 in)",4MB,,No,No,No,,,,Yes,Removable Li-Ion 730 mAh battery,,,"Yes, MIDP 2.0"
,,"Incoming call LED with 7 colorsWallpapers, themesDownloadable logos",,,Up to 210 h,Vibration; Downloadable polyphonic ringtones,,No,No,,1 - MobileGolf,,No,,One push auto openPredictive text inputOrganizerVoice memo,No,Mini-SIM,,VGA,84 g (2.96 oz),,"10 dialed, 10 received, 10 missed calls",Discontinued,No,Yes,,GSM 900 / 1800,,WAP 2.0/xHTML,"128 x 128 pixels, 1:1 ratio",Up to 4 h 30 min,No,,,,,"2004, Q2",,GSM,300 short messages1 MB for pictures and rigntones700 KB for MMS,,Panasonic,,,https://fdn2.gsmarena.com/vv/bigpic/pax400.gif,,Panasonic X400,"SMS, MMS","Black, Red, White","TFT, 65K colors","300 x 5 fields, Photo call",Class 8,"84 x 47 x 17 mm, 64 cc (3.31 x 1.85 x 0.67 in)",,,No,No,No,,,,No,Removable Li-Ion 600 mAh battery,,,Yes
,,"Pop-up screenWallpapers, themesDownloadable logos",,,Up to 77 h - 260 h,"Vibration; Downloadable polyphonic ringtones, composer",,No,No,,"3 - Puddleland, Quadball, Exode",,Predictive text inputOrganizerPhoto editor,,,No,Mini-SIM,,VGA,87 g (3.07 oz),,"10 dialed, 10 received, 10 missed calls",Discontinued,No,,,GSM 900 / 1800 / 1900,,WAP 2.0/xHTML,"128 x 128 pixels, 1:1 ratio (~121 ppi density)",Up to 3 h - 11 h,No,,,,,"2004, Q1",,GSM,No,,Panasonic,,,https://fdn2.gsmarena.com/vv/bigpic/pax300.gif,"1.5 inches, 7.3 cm2(~16.1% screen-to-body ratio)",Panasonic X300,"SMS, EMS, MMS","Silver, Red, Gold","CSTN, 65K colors",500,Class 8,"92 x 49 x 21 mm, 88 cc (3.62 x 1.93 x 0.83 in)",3MB,Proprietary,No,No,No,,,,Yes,Removable Li-Ion 780 mAh battery,,,No
,,"Wallpapers, themesDownloadable logos",,,Up to 210 h,Vibration; Downloadable polyphonic ringtones,,No,No,,MobileGolf + downloadable,,No,,Predictive text inputOrganizerVoice memo,No,Mini-SIM,,VGA,79 g (2.79 oz),,"10 dialed, 10 received, 10 missed calls",Discontinued,No,Yes,,GSM 900 / 1800,,WAP 2.0/xHTML,"128 x 128 pixels, 5 lines, 1:1 ratio",Up to 4 h 30 min,No,,,,,"2004, Q2",,GSM,300 short messages700 KB for MMS,,Panasonic,,,https://fdn2.gsmarena.com/vv/bigpic/pax200.gif,,Panasonic X200,"SMS, MMS","Black, White","TFT, 65K colors","300 x 5 fields, Photo call, 9 groups",Class 8,"104 x 45 x 13 mm, 60 cc (4.09 x 1.77 x 0.51 in)",,,No,No,No,,,,No,Removable Li-Ion 600 mAh battery,,,Yes
,,"Wallpapers, themesDownloadable wallpapers",,,Up to 200 h,"Vibration; Downloadable polyphonic ringtones, composer",,No,No,,"2 - Wall Breaker, Move Box",,Predictive text inputOrganizerPhoto editorVoice memo,,,No,Mini-SIM,,CIF,79 g (2.79 oz),,"50 dialed, 50 received, 20 missed calls",Discontinued,No,,,GSM 900 / 1800,,WAP 2.0/xHTML,"128 x 128 pixels, 1:1 ratio",Up to 7 h,No,,,,,"2004, Q2",,GSM,No,,Panasonic,,,https://fdn2.gsmarena.com/vv/bigpic/pax100.gif,,Panasonic X100,"SMS, EMS, MMS","Blue, Dark Silver, Silver","TFT, 65K colors","200 x 10 fields, Photo call, 10 groups",Class 4,"90 x 44 x 18 mm, 69 cc (3.54 x 1.73 x 0.71 in)",,,No,No,No,,,,No,Removable Li-Ion 730 mAh battery,,,No
,,"Wallpapers, themesDownloadable logos",,,Up to 210 h,Vibration; Downloadable polyphonic ringtones,,No,No,,1 + downloadable,,One push auto openPredictive text inputOrganizerChangeable covers,,,No,Mini-SIM,,,89 g (3.14 oz),,"10 dialed, 10 received, 10 missed calls",Discontinued,No,Yes,,GSM 900 / 1800,,WAP 2.0/xHTML,"128 x 128 pixels, 1:1 ratio",Up to 4 h 30 min,No,,,,,"2004, Q2",,GSM,No,,Panasonic,,,https://fdn2.gsmarena.com/vv/bigpic/paa500.gif,,Panasonic A500,"SMS, MMS","Black, White","TFT,65K colors","300 entries, Photo call",Class 8,"84 x 47 x 19 mm, 68 cc (3.31 x 1.85 x 0.75 in)",,,No,No,No,,,,,Removable Li-Ion battery,,,Yes
,,"Wallpapers, themesDownloadable wallpapers",,,Up to 300 h,"Vibration; Downloadable polyphonic ringtones, composer",,No,No,,"2 - Wall Breaker, Move Box",,Predictive text inputOrganizerVoice memo,,,No,Mini-SIM,,,77 g (2.72 oz),,"50 dialed, 50 received, 20 missed calls",Discontinued,No,,,GSM 900 / 1800,,WAP 2.0/xHTML,"128 x 128 pixels, 1:1 ratio",Up to 9 h,No,,,,,"2004, Q4",,GSM,No,,Panasonic,,,https://fdn2.gsmarena.com/vv/bigpic/paa200.gif,,Panasonic A200,"SMS, EMS, MMS","3 - White, Black, Pink","TFT, 65K colors","200 x 10 fields, Picture call, 10 groups",Class 4,"90 x 44 x 18 mm, 67 cc (3.54 x 1.73 x 0.71 in)",512 KB,,No,No,No,,,,,Removable Li-Ion 730 mAh battery,,,No
,,"Wallpapers, screensavers",,,Up to 230 h,"Vibration; Downloadable polyphonic ringtones, composer",,No,No,,2,,Predictive text inputOrganizer,,,No,Mini-SIM,,,66 g (2.33 oz),,"10 dialed, 10 received, 10 missed calls",Discontinued,No,,,GSM 900 / 1800 / 1900,,,"112 x 64 pixels, 3 lines, 16:9 ratio",Up to 8 h,No,,,,,"2004, Q1",,GSM,No,,Panasonic,,,https://fdn2.gsmarena.com/vv/bigpic/paa100.gif,,Panasonic A100 Series,"SMS, EMS","3 - Black, Blue, Red",Graphics,250,,"77 x 44 x 17.8 mm, 55 cc (3.03 x 1.73 x 0.70 in)",,,No,No,No,,,,,Removable Li-Ion 780 mAh battery,,,No
,,"Second external display, 96 x 28 pixels with 7 color backlight5 way navigation keyDownloadable logos",,,Up to 250 h,Vibration; Downloadable polyphonic ringtones,,No,Yes,,Yes + downloadable,,Predictive text inputSyncMLOrganizerVoice dial/memo,,,No,Mini-SIM,,CIF,92 g (3.25 oz),,,Discontinued,No,Yes,,GSM 900 / 1800 / 1900,,"WAP 2.0/xHTML, iMode","132 x 176 pixels, 8 lines, 4:3 ratio",Up to 5 h,No,,,,,"2004, Q1",,GSM,No,,Panasonic,,,https://fdn2.gsmarena.com/vv/bigpic/pap341i.gif,,Panasonic P341i,"SMS, MMS, Email",Anthrazit,"TFT, 65K colors",500,Class 8,"87 x 47 x 24 mm, 80 cc (3.43 x 1.85 x 0.94 in)",5MB,,No,No,No,,,,No,Removable Li-Ion 680 mAh battery,,,"Yes, DoJa 1.5"
,,5 colors indicator for incoming callsDownloadable pictures,,,Up to 230  h,"Vibration; Downloadable polyphonic ringtones, composer",,Yes,No,,Yes,,Predictive text inputOrganizerVoice memo,,,No,Mini-SIM,,CIF,86 g (3.03 oz),,,Discontinued,No,Yes,,GSM 900 / 1800,,WAP 2.0/xHTML,"128 x 128 pixels, 1:1 ratio",Up to 5 h,No,,,,,"2004, Q2",,GSM,No,,Panasonic,,,https://fdn2.gsmarena.com/vv/bigpic/pax77.gif,,Panasonic X68/X77,"SMS, EMS, MMS","Cool silver, Vivid red","STN, 65K colors",300,Class 8,77 x 50 x 28 mm (3.03 x 1.97 x 1.10 in),,,No,No,No,,,,No,Removable Li-Ion 680 mAh battery,,,No
,,"Second external display, 96 x 28 pixels, 7 colors",,,Up to 250 h,Vibration; Downloadable polyphonic ringtones,,No,Yes,,Yes,,No,,Predictive text inputOrganizer,No,Mini-SIM,,CIF,95 g (3.35 oz),,,Discontinued,No,Yes,,GSM 900 / 1800 / 1900,,WAP 2.0/xHTML,"132 x 176 pixels, 4:3 ratio",Up to 5 h,No,,,,,"2004, Q1",,GSM,4 MB for photos2 MB for MMS,,Panasonic,,,https://fdn2.gsmarena.com/vv/bigpic/pax11.gif,,Panasonic X11,"SMS, EMS, MMS, Email","2 - Red, Blue","TFT, 65K colors",500 x 7 fields,Class 8,87.3 x 48 x 27 mm (3.44 x 1.89 x 1.06 in),,,No,No,No,,,,No,Removable Li-Ion 660 mAh battery,,,Yes
,,Second external monochrome displayDownloadable logos,,,Up to 200 h,"Vibration; Downloadable monophonic ringtones, composer",,No,No,,Yes,,Biorhythm calendarOrganizer,,,No,Mini-SIM,,,88 g (3.10 oz),,"10 dialed, 10 received, 10 missed calls",Discontinued,No,,,GSM 900 / 1800 / 1900,,WAP 1.2.1,"128 x 96 pixels, 4 lines, 4:3 ratio",Up to 5 h,No,,,,,"2003, Q4",,GSM,No,,Panasonic,,,https://fdn2.gsmarena.com/vv/bigpic/pag70.gif,,Panasonic G70,"SMS, EMS 5.0","Red, Blue","CSTN, 4096 colors",255,Class 8,"88 x 60 x 27 mm, 72 cc (3.46 x 2.36 x 1.06 in)",,,No,No,No,,,,,Removable Li-Ion 680 mAh battery,,,No
,,Downloadable wallpapers,,,Up to 200 h,Vibration; Downloadable polyphonic ringtones,,Yes,No,,Yes,,Predictive text inputOrganizer,,,No,Mini-SIM,,,74 g (2.61 oz),,"20 dialed, 10 received, 10 missed calls",Discontinued,No,,,GSM 900 / 1800 / 1900,,WAP 1.2.1,"128 x 96 pixels, 4:3 ratio",Up to 2 h 30 min,No,,,,,"2003, Q4",,GSM,No,,Panasonic,,,https://fdn2.gsmarena.com/vv/bigpic/pag51.gif,,Panasonic G51,"SMS, EMS","Silver, Red, Blue (G51e:Pink,Gold. G51m:Blue,Silver)","CSTN, 4096 colors",255,Class 8 (G51 Only),"80 x 43 x 18 mm, 66 cc (3.15 x 1.69 x 0.71 in)",,,No,No,No,,,,,Removable Li-Ion 780 mAh battery,,,No
,,"Second external display, 96 x 28 pixels, 7 colors",,,Up to 250 h,Vibration; Downloadable polyphonic ringtones,,No,1.1,,"4 - Space War, Roller Kid, Panko, Crazy in Cobra",,No,,Predictive text inputOrganizer,No,Mini-SIM,,CIF,92 g (3.25 oz),,,Discontinued,No,Yes,,GSM 900 / 1800 / 1900,,WAP 2.0/xHTML,"132 x 176 pixels, 4:3 ratio",Up to 5 h,No,,,,,"2003, Q4",,GSM,4 MB for photos2 MB for MMS,,Panasonic,,,https://fdn2.gsmarena.com/vv/bigpic/pax88.gif,,Panasonic X88,"SMS, EMS, MMS, Email",Gold,"TFT, 65K colors",500 x 7 fields,Yes,"87 x 47 x 24 mm, 80 cc (3.43 x 1.85 x 0.94 in)",,,No,No,No,,,,No,Removable Li-Ion 680 mAh battery,,,Yes
,,5 way navigation keyWallpapers,,,Up to 270 h,Vibration; Downloadable polyphonic ringtones,,Yes,No,,Yes,,Predictive text inputOrganizer,,,No,Mini-SIM,,CIF,82 g (2.89 oz),,,Discontinued,No,Yes,,GSM 900 / 1800,,WAP 2.0/xHTML,"128 x 128 pixels, 6 lines, 1:1 ratio",Up to 4 h 30 min,No,Yes,,,,,,GSM,No,Yes,Panasonic,,,https://fdn2.gsmarena.com/vv/bigpic/pax66.gif,,Panasonic X66,"SMS, MMS","Gold, Purple","CSTN, 65K colors",300,Class 8,"75 x 45 x 27 mm, 74 cc (2.95 x 1.77 x 1.06 in)",4MB,,No,No,No,,,,No,Removable Li-Ion 680 mAh battery,,,Yes
LED flash,,GSM 850 / 1800 / 1900 - US version,,,Up to 250 h,Vibration; Downloadable polyphonic ringtones,,No,1.1,,Yes,,100 organizer events3 x 14 sec voice memoSMS templates,,No,No,Mini-SIM,,CIF,95 g (3.35 oz),,"10 dialed, 10 received, 10 missed calls",Discontinued,No,Yes,,GSM 900 / 1800 / 1900,,WAP 2.0/xHTML,"132 x 176 pixels, 7 lines, 4:3 ratio",Up to 5 h,No,Yes,,,,"2003, Q3",,GSM,"Second b/w display 96 x 28 pixels, illuminates in 3 different colorsDownloadable logos",Yes,Panasonic,,,https://fdn2.gsmarena.com/vv/bigpic/pax70.gif,,Panasonic X70,"SMS, EMS, MMS, Email",,"TFT, 65K colors","300 x 6 fields, Photo call",Class 8,"87 x 47 x 24 mm, 80 cc (3.43 x 1.85 x 0.94 in)",4MB,,No,No,No,,,,No,Removable Li-Ion 780 mAh battery,Predictive text inputVoice memoOrganizer,,No
,,Downloadable wallpapers,,,Up to 250 h,"Vibration; Downloadable polyphonic ringtones, composer",,No,No,,"Yes, Black Jack",,No,,Predictive text inputOrganizerOptional digital camera,No,Mini-SIM,,,87 g (3.07 oz),,"10 dialed, 10 received, 10 missed calls",Discontinued,No,,,GSM 900 / 1800,,WAP 1.2.1,"128 x 128 pixels, 1:1 ratio",Up to 5 h,No,Yes,,,,"2003, Q3",,GSM,10 message templates15 sec voice memo,Yes,Panasonic,,,https://fdn2.gsmarena.com/vv/bigpic/pag60.gif,,Panasonic G60,"SMS, EMS, MMS",Chrome metal,"CSTN, 4096 colors",200 x 3 fields,Class 8,"104 x 47 x 19 mm, 75 cc (4.09 x 1.85 x 0.75 in)",,,No,No,No,,,,,Removable Li-Ion 740 mAh battery,,,No
,,Downloadable wallpapers,,,Up to 200 h,Vibration; Downloadable polyphonic ringtones,,Yes,No,,Yes,,No,,Predictive text inputOrganizer,No,Mini-SIM,,,74 g (2.61 oz),,"20 dialed, 10 received, 10 missed calls",Discontinued,No,,,GSM 900 / 1800 / 1900,,WAP 2.0/xHTML,"128 x 96 pixels, 4:3 ratio",Up to 6 h,No,Yes,,,,"2003, Q3",,GSM,Message templates,Yes,Panasonic,,,https://fdn2.gsmarena.com/vv/bigpic/pag50.gif,,Panasonic G50,"SMS, EMS","3 - Silver, Red, Blue","CSTN, 4096 colors",250  x 3 numbers,Class 8,"80 x 43 x 18 mm, 53 cc (3.15 x 1.69 x 0.71 in)",,,No,No,No,,,,,Removable Li-Ion 780 mAh battery,,,No
,,Blue backlight20 wallpapersCallerID graphics,,,Up to 230 h,"Vibration; Polyphonic ringtones, composer",,No,No,,1,,No,,Predictive text inputOrganizer,No,Mini-SIM,,,65 g (2.29 oz),,"20 dialed, 10 received, 10 missed calls",Discontinued,No,,,GSM 900 / 1800 / 1900,,WAP 1.2.1,"112 x 64 pixels, 16:9 ratio",Up to 8 h,No,Yes,,,,"2002, Oct",,GSM,Message templates100 calendar events,Yes,Panasonic,,,https://fdn2.gsmarena.com/vv/bigpic/pagd55.gif,,Panasonic GD55,"SMS, EMS","3 - Silver, Red, Pink",Graphics,250,No,"77 x 43 x 17 mm, 51 cc (3.03 x 1.69 x 0.67 in)",,,No,No,No,,,,,Removable Li-Ion 720 mAh battery,,,No
,,Second display,,,75 h - 220 h,"Vibration; Downloadable polyphonic ringtones, composer",,Yes,No,,Downloadable,,No,,Sync MLPredictive text inputVoice memoOrganizer,No,Mini-SIM,,CIF,103 g (3.63 oz),,"10 dialed, 10 received, 10 missed calls",Discontinued,No,Yes,,GSM 900 / 1800 / 1900,,WAP 2.0/xHTML,"132 x 176 pixels, 4:3 ratio",1 h 30 min - 7 h,No,Yes,,,,"2002, November",,GSM,Message templates,Yes,Panasonic,,,https://fdn2.gsmarena.com/vv/bigpic/pagd87.gif,,Panasonic GD87,"SMS, MMS, Email",,"TFT, 65K colors",200,Class 8,97 x 49 x 23 mm (3.82 x 1.93 x 0.91 in),,,No,No,No,,,,Yes,Removable Li-Ion 720 mAh battery,,,No
,,Five directional joystickScreensaversBackground pictures,,,60 h - 190 h,"Vibration; Downloadable polyphonic, recorded ringtones, composer",,Yes,No,,Downloadable,,No,,SyncMLOrganizerPredictive text inputVoice dialVoice memoOn/off timersCallerID graphics,No,Mini-SIM,,,81 g (2.86 oz),,"10 dialed, 10 received, 10 missed calls",Discontinued,No,,,GSM 900 / 1800,,WAP 1.2.1,"101 x 80 pixels, 6 lines",1 h 30 min - 6 h,No,Yes,,,,2002,,GSM,Several fields in the address bookMessage templates,Yes,Panasonic,,,https://fdn2.gsmarena.com/vv/bigpic/pagd67.gif,,Panasonic GD67,"SMS, EMS",,"STN, 256 colors",100,Class 8,"109 x 45 x 20 mm, 81 cc (4.29 x 1.77 x 0.79 in)",,,No,No,No,,,,,Removable Li-Ion 690 mAh battery,,,No
,,LCD illuminates in 3 different colours,,,up to 90 h,"Vibration; Monophonic ringtones, composer",,No,No,,2,,No,,Predictive text inputVoice memoOrganizerDictaphone,No,Mini-SIM,,,85 g (3.00 oz),,"10 dialed, 10 received, 10 missed calls",Discontinued,No,,,GSM 900 / 1800,,WAP 1.2,11 lines x 16 chars,up to 5 h,No,Yes,,,,2001,,GSM,Message templates,Yes,Panasonic,,,https://fdn2.gsmarena.com/vv/bigpic/pagd95.gif,,Panasonic GD95,"SMS, Email",2,Monochrome graphic,200,Class 8 (GD96 only),"120 x 45 x 14 mm, 90 cc (4.72 x 1.77 x 0.55 in)",,,No,No,No,,,,,Removable Li-Ion 690 mAh battery,,,No
,,Joystick6 screensaversBackground pictures,,,up to 150 h,"Vibration; Downloadable polyphonic, monophonic ringtones, composer",,Yes,No,,Yes,,No,,OrganizerPredictive text inputVoice dialDictaphoneOn/off timersCallerID graphics,No,Mini-SIM,,,82 g (2.89 oz),,"10 dialed, 10 received, 10 missed calls",Discontinued,No,,,GSM 900 / 1800,,WAP 1.2.1,6 lines,up to 6 h,No,Yes,,,,2001,,GSM,Several fields in the address bookMessage templates,Yes,Panasonic,,,https://fdn2.gsmarena.com/vv/bigpic/pagd75.gif,,Panasonic GD75,SMS,,Monochrome graphic,200,Yes (GD76 Only),"106 x 46 x 16 mm, 75 cc (4.17 x 1.81 x 0.63 in)",,,No,No,No,,,,,Removable Li-Ion 650 mAh battery,,,No
,,Message templates,,,up to 175 h,Vibration; Monophonic ringtones,,No,No,,1 -,,Predictive text inputCalculatorOn/off timersAlert Profiling,,,No,Mini-SIM,,,109 g (3.84 oz),,"10 received, dialed and missed calls",Discontinued,No,,,GSM 900 / 1800,,WAP 1.1,,2 h - 4 h,No,Yes,,,,2001,,GSM,No,Yes,Panasonic,,,https://fdn2.gsmarena.com/vv/bigpic/pagd35.gif,,Panasonic GD35,SMS,"3 - Winter White, Black Ice, Cool Blue",Monochrome graphic,50,No,120 x 46 x 20 mm (4.72 x 1.81 x 0.79 in),,,No,No,No,,,,,Removable NiMH 700 mAh battery,,,No
,,LCD illuminates in 7 different colours,,,170 h,"Monophonic, recorded ringtones",,Yes,No,,No,,No,,Recordable ringer,No,Mini-SIM,,,80 g (2.82 oz),,"5 dialed, 5 received, 5 missed calls",Discontinued,No,,,GSM 900 / 1800,,WAP,6 lines,200 min,No,Yes,,,,2000,,GSM,Message templates,Yes,Panasonic,,,https://fdn2.gsmarena.com/vv/bigpic/pagd93b.gif,,Panasonic GD93,"SMS, Email",,Monochrome graphic,100,No,120 x 45 x 16.4 mm (4.72 x 1.77 x 0.65 in),,,No,No,No,,,,,Removable Li-Ion 650 mAh battery,Predictive text inputVoice memoOn/off timersDictaphoneRing Tone ComposerCallerID graphicsCalculator,,No
,,LCD illuminates in 4 different colours,,,160 h,Vibration; Monophonic ringtones,,Yes,No,,No,,No,,Recordable ringer,No,Mini-SIM,,,77 g (2.72 oz),,"5 dialed, 5 received, 5 missed calls",Discontinued,No,,,GSM 900 / 1800,,,6 lines,210 min,No,Yes,,,,2000,,GSM,Message templates,Yes,Panasonic,,,https://fdn2.gsmarena.com/vv/bigpic/pagd92b.gif,,Panasonic GD92,"SMS, Email",2 ( gun metallic and blue ),Monochrome graphic,100,No,118.1 x 40.5 x 16.4 mm (4.65 x 1.59 x 0.65 in),,,No,No,No,,,,,Removable Li-Ion 650 mAh battery,Predictive text inputVoice memoOn/off timersDictaphoneRing Tone ComposerCallerID graphicsCalculator2 vibration types,,No
,,LCD illuminates in a different colour,,,95 h,Vibration; Monophonic ringtones,,No,No,,No,,No,,Voice memo (2x15 sec)On/off timers,No,Mini-SIM,,,88 g (3.10 oz),,"10 dialed, 10 received, 10 missed calls",Discontinued,No,,,GSM 900 / 1800,,,4 x 16 chars,210 min,No,Yes,,,,1999,,GSM,Message templates,Yes,Panasonic,,,https://fdn2.gsmarena.com/vv/bigpic/pagd90b.gif,,Panasonic GD90,SMS,"3 (silver, dark blue, anthracite",Monochrome graphic,,No,118 x 42 x 16.5 mm (4.65 x 1.65 x 0.65 in),,,No,No,No,,,,,Removable Li-Ion 650 mAh battery,,,No
,,Message templates,,,100 h,Vibration; Monophonic ringtones,,No,No,,No,100 h,Voice memo (50 sec)On/off timers,,,No,Mini-SIM,,,135 g (4.76 oz),,"5 dialed, 5 received, 5 missed calls",Discontinued,No,,4 h,GSM 900 / 1800,,,4 x 16 chars,3 h,No,No,,,,1999,,GSM,No,No,Panasonic,,,https://fdn2.gsmarena.com/vv/bigpic/pagd70b.gif,,Panasonic GD70,SMS,"3 ( titan, green and blue )",Monochrome graphic,100,No,135 x 45 x 20 mm (5.31 x 1.77 x 0.79 in),,,No,No,No,,,,,Removable Li-Ion battery,,,No
,,Message templates,,,90 h,Vibration; Monophonic ringtones,,No,No,,No,,On/off timers,,,No,Mini-SIM,,,135 g (4.76 oz),,,Discontinued,No,,,GSM 900 / 1800,,,4 x 16 chars,180 min,No,Yes,,,,1999,,GSM,No,Yes,Panasonic,,,https://fdn2.gsmarena.com/vv/bigpic/pagd30b.gif,,Panasonic GD30,SMS,,Monochrome graphic,50,No,135 x 45 x 20 mm (5.31 x 1.77 x 0.79 in),,,No,No,No,,,,,Removable NiMH 700 mAh battery,,,No
,,Fixed icons,,,80 h,Vibration; Monophonic ringtones,,No,No,,No,,Voice memo (40 sec),,,No,Mini-SIM,,,128 g (4.52 oz),,"5 dialed, 5 received, 5 missed calls",Discontinued,No,,,GSM 900,,,4 x 16 chars,2 h,No,No,,,,1998,,GSM,No,No,Panasonic,,,https://fdn2.gsmarena.com/vv/bigpic/pag600b.gif,,Panasonic G600,SMS,,Monochrome graphic,,No,132 x 45 x 18 mm (5.20 x 1.77 x 0.71 in),,,No,No,No,,,,,Removable Li-Ion battery,,,No
