,Features,CPU,4G bands,Single_1,Stand-by,Loudspeaker,Bluetooth,Games,OS,_2,_3,3.5mm jack,Keyboard,SIM,Single,Weight,Chipset,Call records,Status,WLAN,Infrared port,2G bands,Features_1,Resolution,Talk time,Card slot,Languages,Speed,NFC,Build,Announced,Video_1,Technology,_1,Brand,Protection,GPU,Model Image,Size,Model Name,Messaging,Colors,Type,Phonebook,GPRS,Dimensions,Internal,USB,EDGE,Positioning,Radio,3G bands,Charging,Video,Type_1,_4,Sensors,Java
IP68 dust/water resistant (up to 1.5m for 30 min)Flashlight,LED flash,,"2, 4, 5, 12, 13, 17, 26, 41, 66",1.3 MP,,Yes,Yes,No,,,,Yes,,Nano-SIM + Nano-SIM,2 MP,109 g (3.84 oz),Unisoc T107,Yes,"Available. Released 2022, January 18",No,,GSM 850 / 900 / 1800 / 1900,,"240 x 320 pixels, 4:3 ratio (~167 ppi density)",,microSDHC,,"HSPA 21.1/5.76 Mbps, LTE",No,,"2022, January 18",,GSM / HSPA / LTE,,Plum,,,https://fdn2.gsmarena.com/vv/bigpic/plum-ram10.jpg,"2.4 inches, 17.8 cm2(~20.8% screen-to-body ratio)",Plum Ram 10 LTE,SMS,"Black, Black/Orange","TFT LCD, 256K colors",Yes,,133.4 x 64.4 x 15.8 mm (5.25 x 2.54 x 0.62 in),"128MB, 48MB RAM",microUSB 2.0,,No,"FM radio, built-in antenna",HSDPA 850 / 1900 / 2100,,Yes,"Li-Ion 1700 mAh, removable",,,No
IP68 dust/water resistant (up to 1.5m for 30 min)Flashlight,LED flash,,"2, 4, 5, 12, 13, 17, 26, 41, 66",,,Yes,Yes,No,,,,Yes,,Nano-SIM + Nano-SIM,2 MP,108.4 g (3.81 oz),Unisoc T107,Yes,"Available. Released 2022, February 02",No,,GSM 850 / 900 / 1800 / 1900,,"240 x 320 pixels, 4:3 ratio (~167 ppi density)",,microSDHC,,"HSPA 21.1/5.76 Mbps, LTE",No,,"2022, February 02",,GSM / HSPA / LTE,"External display: 1.44 inches, 128 x 128 pixels",Plum,,,https://fdn2.gsmarena.com/vv/bigpic/plum-ram-plus-.jpg,"2.4 inches, 17.8 cm2(~27.8% screen-to-body ratio)",Plum Ram Plus LTE,SMS,"Black, Black/Orange","TFT LCD, 256K colors",Yes,,111.5 x 57.5 x 22 mm (4.39 x 2.26 x 0.87 in),"128MB, 48MB RAM",microUSB 2.0,,No,"FM radio, built-in antenna",HSDPA 850 / 1900 / 2100,,Yes,"Li-Ion 1200 mAh, removable",,,No
"External display: 1.77 inches, 128 x 160 pixels",LED flash,,"2, 4, 5, 12, 17, 41, 66",,,Yes,Yes,No,,,,Yes,,Nano-SIM + Nano-SIM,0.3 MP,80 g (2.82 oz),,Yes,"Available. Released 2022, February 02",No,,GSM 850 / 900 / 1800 / 1900,,"240 x 320 pixels, 4:3 ratio (~167 ppi density)",,microSDHC,,"HSPA 21.1/5.76 Mbps, LTE",No,,"2022, February 02",,GSM / HSPA / LTE,,Plum,,,https://fdn2.gsmarena.com/vv/bigpic/plum-flipper.jpg,"2.4 inches, 17.8 cm2(~32.7% screen-to-body ratio)",Plum Flipper LTE,SMS,"Black, Pink, Blue","TFT LCD, 256K colors",Yes,,103 x 53 x 21.2 mm (4.06 x 2.09 x 0.83 in),"128MB, 64MB RAM",microUSB 2.0,,No,"FM radio, built-in antenna",HSDPA 850 / 1900 / 2100,,Yes,"Li-Ion 1000 mAh, removable",,,No
IP68 dust/water resistant (up to 1.2m for 30 min)Drop resistant up to 1.8m,LED flash,Quad-core 1.3 GHz Cortex-A7,"2, 4, 5, 7, 12, 17, 25, 26, 28, 41, 66",2 MP,,Yes,"4.0, A2DP, LE",,Android 10 (Go edition),,,Yes,,Nano-SIM + Nano-SIM,"8 MP, AF",225 g (7.94 oz),Mediatek MT6580 (28 nm),,"Available. Released 2020, March 01",Wi-Fi 802.11 b/g/n,,GSM 850 / 900 / 1800 / 1900,,"720 x 1440 pixels, 18:9 ratio (~293 ppi density)",,microSDXC,,"HSPA 42.2/5.76 Mbps, LTE (2CA) Cat13 400/150 Mbps",No,,"2020, February 01",480p@30fps,GSM / HSPA / LTE,eMMC 5.1,Plum,Corning Gorilla Glass 3,Mali-400 MP2,https://fdn2.gsmarena.com/vv/bigpic/plum-gator-6.jpg,"5.5 inches, 78.1 cm2(~67.9% screen-to-body ratio)",Plum Gator 6,,"Black, Yellow",IPS LCD,,,152.2 x 75.5 x 14 mm (5.99 x 2.97 x 0.55 in),16GB 3GB RAM,"microUSB 2.0, OTG",,GPS,FM radio,HSDPA 850 / 900 / 1700(AWS) / 1900 / 2100,,720p@30fps,Li-Po 4400 mAh,,"Accelerometer, proximity, compass",
IP68 dust/water resistant (up to 1.5m for 30 min)Flashlight,LED flash,Dual-core,"1, 3, 5, 7, 8, 20, 28, 38, 40",1.3 MP,,Yes,4.0,,KaiOS 2.5,,,Yes,,Nano-SIM + Nano-SIM,5 MP,109 g (3.84 oz),Mediatek MT6572M,,"Available. Released 2020, April",Wi-Fi 802.11 b/g/n,,GSM 850 / 900 / 1800 / 1900,LED flash,"240 x 320 pixels, 4:3 ratio (~167 ppi density)",,microSDHC,,"HSPA 21.1/5.76 Mbps, LTE",No,,"2020, February 10",,GSM / HSPA / LTE,"Facebook, Whatsapp, Youtube, Google Assist",Plum,,,https://fdn2.gsmarena.com/vv/bigpic/plum-ram9.jpg,"2.4 inches, 17.8 cm2(~20.8% screen-to-body ratio)",Plum Ram 9,,"Black, Black/Orange","TFT LCD, 256K colors",,,133.4 x 64.4 x 15.8 mm (5.25 x 2.54 x 0.62 in),4GB 512MB RAM,microUSB 2.0,,GPS,FM radio,HSDPA 850 / 1900 / 2100,,480p,"Li-Ion 1700 mAh, removable",,,
IP69 dust/water resistant (up to 1.5m for 35 min)Drop resistant up to 1.8mMIL-STD-810H compliant,"LED flash, panorama",Quad-core 2.0 GHz Cortex-A53,"2, 4, 5, 7, 12, 17, 25, 26, 28, 41, 66",5 MP,,Yes,"5.0, A2DP, LE",,Android 11,,,Yes,,Nano-SIM + Nano-SIM,"8 MP, AF",261 g (9.21 oz),Mediatek MT6761V/WE (14 nm),,"Available. Released 2021, September 01","Wi-Fi 802.11 a/b/g/n/ac, dual-band, Wi-Fi Direct",,GSM 850 / 900 / 1800 / 1900,,"720 x 1440 pixels, 18:9 ratio (~282 ppi density)",,microSDXC (dedicated slot),,"HSPA 42.2/5.76 Mbps, LTE (2CA) Cat13 400/150 Mbps",Yes (market/region dependent),"Glass front (Dragontrail Glass), plastic frame, plastic back","2021, September 01",720p@30fps,GSM / HSPA / LTE,eMMC 5.1,Plum,Dragontrail Glass,PowerVR GE8300,https://fdn2.gsmarena.com/vv/bigpic/plum-gator7.jpg,"5.7 inches, 83.8 cm2(~68.2% screen-to-body ratio)",Plum Gator 7,,"Black, Orange",IPS LCD,,,157.5 x 78.1 x 13.7 mm (6.20 x 3.07 x 0.54 in),32GB 3GB RAM,"microUSB 2.0, OTG",,"GPS, GLONASS, GALILEO, BDS",FM radio,HSDPA 850 / 900 / 1700(AWS) / 1900 / 2100,,1080p@30fps,Li-Po 5580 mAh,,"Accelerometer, gyro, proximity, compass",
No,,1.2 GHz Cortex-A7,,,Up to 240 h (2G) / Up to 200 h (3G),Yes,2.0,Yes,,,,Yes,,"Dual SIM (Mini-SIM/Micro-SIM, dual stand-by)",1.3 MP,85 g (3.00 oz),Spreadtrum 7715A,Yes,"Available. Released 2019, January",No,,GSM 850 / 900 / 1800 / 1900,,"240 x 320 pixels, 4:3 ratio (~167 ppi density)",Up to 4 h 30 min (2G) / Up to 4 h 30 min (3G),microSDHC,,"Yes, 384 kbps",No,,"2019, January",,GSM / HSPA,,Plum,,Mali-400,https://fdn2.gsmarena.com/vv/bigpic/plum-tag2-3g.jpg,"2.4 inches, 17.8 cm2(~27.4% screen-to-body ratio)",Plum Tag 2 3G,"SMS, MMS, Email, WhatsApp, Facebook","Red, Blue, Orange","TFT, 256K colors",Yes,,123 x 53 x 13.7 mm (4.84 x 2.09 x 0.54 in),512MB 256MB RAM,microUSB 2.0,,No,"FM Radio, built-in antenna",HSDPA 850 / 1900,,Yes,"Li-Ion 800 mAh, removable",,,Yes
,LED flash,Quad-core 1.3 GHz Cortex-A7,,5 MP,Up to 200 h (3G),Yes,"4.0, A2DP",,Android 8.0 Oreo (Go edition),,,Yes,,Nano-SIM + Micro-SIM,8 MP,195 g (6.88 oz),Mediatek MT6580A (28 nm),,"Available. Released 2019, January","Wi-Fi 802.11 b/g/n, Wi-Fi Direct",,GSM 850 / 900 / 1800 / 1900,,"480 x 960 pixels, 18:9 ratio (~188 ppi density)",Up to 5 h 30 min (3G),microSDHC,,HSPA 21.1/5.76 Mbps,No,,"2018, December",720p@30fps,GSM / HSPA,,Plum,,Mali-400,https://fdn2.gsmarena.com/vv/bigpic/plum-z621-phantom-2.jpg,"5.72 inches, 84.4 cm2(~71.5% screen-to-body ratio)",Plum Phantom 2,,"Black, Gold",IPS LCD,,,155.9 x 75.8 x 10.4 mm (6.14 x 2.98 x 0.41 in),8GB 1GB RAM,microUSB 2.0,,GPS,FM radio,HSDPA 850 / 1900 / 2100,,1080p@30fps,"Li-Ion 2700 mAh, removable",,Accelerometer,
,LED flash,Quad-core 1.3 GHz Cortex-A7,,2 MP,Up to 72 h,Yes,"4.0, A2DP",,Android 8.0 Oreo (Go edition),,,Yes,,"Dual SIM (Mini-SIM, dual stand-by)",5 MP,510 g (1.12 lb),Spreadtrum SC7731,,"Available. Released 2019, January","Wi-Fi 802.11 b/g/n, Wi-Fi Direct",,GSM 850 / 900 / 1800 / 1900,,"800 x 1280 pixels, 16:10 ratio (~149 ppi density)",Up to 3 h 30 min,microSDHC,,HSPA 21.1/5.76 Mbps,No,,"2018, December",480p@30fps,GSM / HSPA,,Plum,,Mali-400,https://fdn2.gsmarena.com/vv/bigpic/plum-optimax13.jpg,"10.1 inches, 295.8 cm2(~74.3% screen-to-body ratio)",Plum Optimax 13,,"Black, White, Gold",IPS LCD,,,250.8 x 158.8 x 10.2 mm (9.87 x 6.25 x 0.40 in),8GB 1GB RAM,microUSB 2.0,,GPS,FM radio,HSDPA 850 / 1900 / 2100,,720p@30fps,"Li-Ion 4700 mAh, non-removable",,Accelerometer,
Flashlight,,,,,Up to 150 h,Yes,2.0,No,,MP3/WAV/AAC playerPhoto/video editorDocument viewer,,No,,Dual SIM,1.3 MP,76 g (2.68 oz),Mediatek MT6261D,Yes,"Available. Released 2018, December",No,,GSM 850 / 900 / 1800 / 1900,,"240 x 320 pixels, 4:3 ratio (~167 ppi density)",Up to 4 h,microSDHC,,,No,,"2018, December",,GSM,No,Plum,,,https://fdn2.gsmarena.com/vv/bigpic/plum-flipper-2.jpg,"2.4 inches, 17.8 cm2(~34.3% screen-to-body ratio)",Plum Flipper 2,SMS,"Black, Red, Blue","TFT, 65K colors",Yes,Yes,99.9 x 52 x 14.9 mm (3.93 x 2.05 x 0.59 in),"32MB ROM, 32MB RAM",microUSB 2.0,No,No,FM radio,,,Yes,"Li-Ion 750 mAh, removable",,,No
IP68 dust/water resistant (up to 1.5m for 30 min)Flashlight,LEd flash,,,,Up to 120 h (3G),Yes,3.0,No,,MP4/H.264 playerMP3 playerPhoto editor,,Yes,,"Dual SIM (Mini-SIM, dual stand-by)",5 MP,134 g (4.73 oz),Mediatek MT6276A,Yes,"Available. Released 2018, December",No,,GSM 850 / 900 / 1800 / 1900,,"240 x 320 pixels, 4:3 ratio (~167 ppi density)",Up to 8 h (3G),microSDHC,,HSPA 21.1/5.76 Mbps,No,,"2018, December",,GSM / HSPA,,Plum,,No,https://fdn2.gsmarena.com/vv/bigpic/plum-ram8.jpg,"2.4 inches, 17.8 cm2(~27.8% screen-to-body ratio)",Plum Ram 8,"SMS, MMS","Black, Black/Orange","TFT, 256K colors",Yes,,111.5 x 57.5 x 22 mm (4.39 x 2.26 x 0.87 in),128MB 64MB RAM,microUSB 2.0,,No,FM radio; built-in antenna,HSDPA 850 / 1900 / 2100,,240p@15fps,"Li-Ion 1200 mAh, removable",,,Yes
IP68 dust/water resistant (up to 1.2m for 30 min)Drop resistant up to 1.8m,LED flash,Quad-core 1.3 GHz Cortex-A7,,5 MP,Up to 528 h (3G),Yes,"4.0, A2DP",,Android 8.1 (Oreo),,,Yes,,Nano-SIM + Nano-SIM,"13 MP, AF",210 g (7.41 oz),Mediatek MT6580 (28 nm),,"Available. Released 2018, November","Wi-Fi 802.11 b/g/n, Wi-Fi Direct",,GSM 850 / 900 / 1800 / 1900,,"720 x 1280 pixels, 16:9 ratio (~282 ppi density)",Up to 46 h (3G),microSDXC,,HSPA 21.1/5.76 Mbps,No,,"2018, October",480p@30fps,GSM / HSPA,,Plum,Panda Glass,Mali-400MP2,https://fdn2.gsmarena.com/vv/bigpic/plum-gator-5.jpg,"5.2 inches, 74.5 cm2(~66.0% screen-to-body ratio)",Plum Gator 5,,"Black, Orange",IPS LCD,,,148 x 76.3 x 12 mm (5.83 x 3.00 x 0.47 in),16GB 2GB RAM,microUSB 2.0,,GPS,FM radio,HSDPA 850 / 1900 / 2100,,720p@30fps,"Li-Ion 3700 mAh, non-removable",,"Accelerometer, proximity",
Flashlight,,,,,Up to 120 h,Yes,"2.1, EDR",No,,Audio playerDocument viewer,,Yes,,Dual SIM,1.3 MP,82 g (2.89 oz),Spreadtrum 7701B,Yes,"Available. Released 2018, March",No,,GSM 850 / 900 / 1800 / 1900,,"240 x 320 pixels, 4:3 ratio (~167 ppi density)",Up to 4 h,microSDHC,,"Yes, 384 kbps",No,,"2018, March",,GSM / HSPA,No,Plum,,,https://fdn2.gsmarena.com/vv/bigpic/plum-tag-3g.jpg,"2.4 inches, 17.8 cm2(~25.6% screen-to-body ratio)",Plum Tag 3G,SMS,"Black, Gold","TFT, 256K colors",Yes,,126.5 x 55 x 15 mm (4.98 x 2.17 x 0.59 in),"128MB ROM, 64MB RAM",microUSB 2.0,,No,FM radio,HSDPA 850 / 1900,,Yes,"Li-Ion 800 mAh, removable",,,No
,LED flash,Quad-core 1.3 GHz Cortex-A7,,2 MP,Up to 800 h,Yes,2.1,,Android 6.0 (Marshmallow),,,Yes,,"Dual SIM (Mini-SIM, dual stand-by)",5 MP,330 g (11.64 oz),Spreadtrum SC7731G,,"Available. Released 2018, April","Wi-Fi 802.11 b/g/n, Wi-Fi Direct",,GSM 850 / 900 / 1800 / 1900,,"800 x 1280 pixels, 16:10 ratio (~189 ppi density)",Up to 40 h,microSDHC,,HSPA 21.1/11 Mbps,No,,"2018, March",,GSM / HSPA,,Plum,,Mali-400,https://fdn2.gsmarena.com/vv/bigpic/plum-z811.jpg,"8.0 inches, 185.6 cm2(~72.5% screen-to-body ratio)",Plum Optimax 11,,"Black, White, Gray, Gold, Rose Gold",IPS LCD,,,208 x 123 x 10 mm (8.19 x 4.84 x 0.39 in),16GB 1GB RAM,microUSB 2.0,,GPS,FM radio,HSDPA 850 / 1900 / 2100,,720p@30fps,Li-Ion 3500 mAh battery,,Accelerometer,
,LED flash,Quad-core 1.3 GHz Cortex-A7,,2 MP,Up to 132 h,Yes,"4.0, A2DP",,Android 6.0 (Marshmallow),,,Yes,,"Dual SIM (Mini-SIM, dual stand-by)",5 MP,272 g (9.59 oz),Mediatek MT8321 (28 nm),,"Available. Released 2018, April","Wi-Fi 802.11 b/g/n, Wi-Fi Direct",,GSM 850 / 900 / 1800 / 1900,,"600 x 1024 pixels, 16:9 ratio (~170 ppi density)",Up to 3 h,microSDHC,,HSPA 21.1/5.76 Mbps,No,,"2018, March",,GSM / HSPA,,Plum,,Mali-400,https://fdn2.gsmarena.com/vv/bigpic/plum-z712.jpg,"7.0 inches, 137.9 cm2(~68.2% screen-to-body ratio)",Plum Optimax 12,,"Black, Silver, Rose Gold",TN TFT,,,188 x 107.5 x 10.3 mm (7.40 x 4.23 x 0.41 in),8GB 1GB RAM,microUSB 2.0,,GPS,FM radio,HSDPA 850 / 1900 / 2100,,720p@30fps,Li-Ion 2400 mAh battery,,Accelerometer,
,,Quad-core 1.2 GHz Cortex-A7,,2 MP,Up to 170 h,Yes,2.1,,Android 6.0 (Marshmallow),,,Yes,,No,5 MP,270 g (9.52 oz),,,"Available. Released 2018, April","Wi-Fi 802.11 b/g/n, Wi-Fi Direct",,N/A,,"600 x 1024 pixels, 16:9 ratio (~170 ppi density)",Up to 12 h,microSDHC,,,No,,"2018, March",,No cellular connectivity,,Plum,,Mali-400,https://fdn2.gsmarena.com/vv/bigpic/plum-z702n.jpg,"7.0 inches, 137.9 cm2(~65.5% screen-to-body ratio)",Plum Optimax 2,,"Black, Silver, Pink, Gold, Rose Gold",TN TFT,,No,192 x 109.7 x 11.5 mm (7.56 x 4.32 x 0.45 in),8GB 1GB RAM,microUSB 2.0,No,No,FM radio,,,720p@30fps,Li-Ion 2400 mAh battery,,Accelerometer,
,LED flash,Quad-core 1.2 GHz Cortex-A7,,2 MP,Up to 170 h (2G) / Up to 200 h (3G),Yes,"2.1, EDR",,Android 6.0 (Marshmallow),,,Yes,,"Dual SIM (Micro-SIM, dual stand-by)","8 MP, AF",165 g (5.82 oz),Spreadtrum SC7731C,,"Available. Released 2018, March","Wi-Fi 802.11 b/g/n, Wi-Fi Direct",,GSM 850 / 900 / 1800 / 1900,,"480 x 854 pixels, 16:9 ratio (~196 ppi density)",Up to 5 h 30 min (2G) / Up to 5 h 30 min (3G),microSDHC,,HSPA 14.4/5.76 Mbps,No,,"2018, March",,GSM / HSPA,,Plum,,Mali-400,https://fdn2.gsmarena.com/vv/bigpic/plum-z518.jpg,"5.0 inches, 68.9 cm2(~65.8% screen-to-body ratio)",Plum Compass 2,,"Black, Silver, Gold, Rose Gold",TN TFT,,,144 x 72.7 x 9.8 mm (5.67 x 2.86 x 0.39 in),8GB 1GB RAM,microUSB 2.0,,GPS,FM radio,HSDPA 850 / 1900 / 2100,,720p@30fps,"Li-Ion 2000 mAh, removable",,Accelerometer,
Flashlight,,,,,Up to 200 h,Yes,3.0,No,,MP3/WAV playerPhoto viewer/editor,,No,,Dual SIM,1.3 MP,96.2 g (3.39 oz),Mediatek MT6261D,Yes,"Available. Released 2018, March",No,,GSM 850 / 900 / 1800 / 1900,,"240 x 320 pixels, 4:3 ratio (~167 ppi density)",Up to 4 h,microSDHC,,,No,,"2018, March",,GSM,No,Plum,,,https://fdn2.gsmarena.com/vv/bigpic/plum-d105-2018.jpg,"2.4 inches, 17.8 cm2(~34.2% screen-to-body ratio)",Plum Flipper (2018),SMS,"Black, Gold","TFT, 65K colors",Yes,Yes,104.2 x 50 x 17.8 mm (4.10 x 1.97 x 0.70 in),"32MB ROM, 32MB RAM",microUSB 2.0,No,No,FM radio,,,Yes,"Li-Ion 600 mAh, removable",,,No
,LED flash,Quad-core 1.2 GHz Cortex-A7,,2 MP,Up to 170 h (3G),Yes,"4.0, A2DP",,Android 6.0 (Marshmallow),,,Yes,,"Dual SIM (Micro-SIM, dual stand-by)",5 MP,107 g (3.77 oz),Spreadtrum SC7731C,,Discontinued,"Wi-Fi 802.11 b/g/n, Wi-Fi Direct",,GSM 850 / 900 / 1800 / 1900 - SIM 1 & SIM 2,,"480 x 800 pixels, 5:3 ratio (~233 ppi density)",Up to 8 h (3G),microSDHC,,HSPA 21.1/5.76 Mbps,No,,"2017, December. Released 2018, January",,GSM / HSPA,,Plum,,Mali-400,https://fdn2.gsmarena.com/vv/bigpic/plum-axe-4.jpg,"4.0 inches, 45.5 cm2(~57.4% screen-to-body ratio)",Plum Axe 4,,"Black, Blue, Red, White",IPS LCD,,,124 x 64 x 9.9 mm (4.88 x 2.52 x 0.39 in),8GB 512MB RAM,microUSB 2.0,,GPS,FM radio,HSDPA 850 / 1900 / 2100,,720p@30fps,"Li-Ion 1400 mAh, removable",,Accelerometer,
eMMC 5.0,LED flash,Quad-core 1.3 GHz Cortex-A53,"2, 4, 5, 7, 17",5 MP,Up to 200 h (3G),Yes,"4.0, A2DP",,Android 7.0 (Nougat),,,Yes,,"Dual SIM (Micro-SIM, dual stand-by)",8 MP,146 g (5.15 oz),Mediatek MT6737M (28 nm),,Discontinued,"Wi-Fi 802.11 b/g/n, Wi-Fi Direct",,GSM 850 / 900 / 1800 / 1900 - SIM 1 & SIM 2,,"480 x 854 pixels, 16:9 ratio (~196 ppi density)",Up to 5 h (3G),microSDHC,,"HSPA 42.2/5.76 Mbps, LTE Cat4 150/50 Mbps",No,,"2017, November. Released 2018, January",,GSM / HSPA / LTE,,Plum,,Mali-400,https://fdn2.gsmarena.com/vv/bigpic/plum-compass-lte.jpg,"5.0 inches, 68.9 cm2(~64.1% screen-to-body ratio)",Plum Compass LTE,,"Black, Gray, Gold, Rose gold, White",TN TFT,,,150 x 71.6 x 9.3 mm (5.91 x 2.82 x 0.37 in),8GB 1GB RAM,microUSB 2.1,,GPS,FM radio,HSDPA 850 / 1900 / 2100,,720p@30fps,"Li-Ion 2100 mAh, removable",,Accelerometer,
IP68 dust/water resistant (up to 1.5m for 30 min),LED flash,Quad-core 1.3 GHz Cortex-A7z,,5 MP,Up to 793 h (2G) / Up to 600 h (3G),Yes,"4.0, A2DP",,Android 7.0 (Nougat),,,Yes,,Dual SIM,"13 MP, AF",221.5 g (7.83 oz),Mediatek MT6580 (28 nm),,Discontinued,"Wi-Fi 802.11 b/g/n, Wi-Fi Direct",,GSM 850 / 900 / 1800 / 1900 - SIM 1 & SIM 2,,"720 x 1280 pixels, 16:9 ratio (~294 ppi density)",Up to 44 h (2G) / Up to 25 h (3G),microSDXC,,HSPA 21.1/5.76 Mbps,No,,"2017, October. Released 2017, November",,GSM / HSPA,,Plum,Corning Gorilla Glass (unspecified version),Mali-400MP2,https://fdn2.gsmarena.com/vv/bigpic/plum-gator-4.jpg,"5.0 inches, 68.9 cm2(~61.9% screen-to-body ratio)",Plum Gator 4,,"Black, Orange",IPS LCD,,,146.6 x 75.9 x 14 mm (5.77 x 2.99 x 0.55 in),8GB 1GB RAM,microUSB 2.0,,GPS,FM radio,HSDPA 850 / 900 / 1900 / 2100,,720p@30fps,"Li-Ion 5000 mAh, non-removable",,Accelerometer,
,LED flash,Quad-core 1.3 GHz Cortex-A7,,8 MP,Up to 620 h (2G) / Up to 600 h (3G),Yes,"4.0, A2DP",,Android 6.0 (Marshmallow),,,Yes,,"Dual SIM (Micro-SIM, dual stand-by)",13 MP,138 g (4.87 oz),Mediatek MT6580A (28 nm),,Discontinued,"Wi-Fi 802.11 b/g/n, Wi-Fi Direct",,GSM 850 / 900 / 1800 / 1900 - SIM 1 & SIM 2,,"720 x 1280 pixels, 16:9 ratio (~245 ppi density)",Up to 25 h (2G) / Up to 10 h (3G),microSDXC,,HSPA 21.1/5.76 Mbps,No,,"2017, September. Released 2017, October",,GSM / HSPA,,Plum,,Mali-400MP2,https://fdn2.gsmarena.com/vv/bigpic/plum-z623.jpg,"6.0 inches, 99.2 cm2(~71.2% screen-to-body ratio)",Plum Phantom,,"Gray, Gold, Rose Gold, White",IPS LCD,,,165.5 x 84.2 x 8.8 mm (6.52 x 3.31 x 0.35 in),16GB 1GB RAM,microUSB 2.0,,GPS,FM radio,HSDPA 850 / 1900 / 2100,,720p@30fps,"Li-Ion 2500 mAh, removable",,Accelerometer,
IP68 dust/water resistant (up to 1.5m for 30 min)Drop resistant up to 1.8mFlashlight,,,,,Up to 900 h,Yes,3.0,No,,MP3/WAV/AAC playerMP4/H.263 playerOrganizerPhoto viewer,,Yes,,Dual SIM,1.3 MP,107.3 g (3.77 oz),Mediatek MT6276A,Yes,Discontinued,No,,GSM 850 / 900 / 1800 / 1900 - SIM 1 & SIM 2,,"240 x 320 pixels, 4:3 ratio (~167 ppi density)",Up to 24 h,microSDHC,,,No,,"2017, June. Released 2017, June",,GSM,No,Plum,,No,https://fdn2.gsmarena.com/vv/bigpic/plum-r6.jpg,"2.4 inches, 17.8 cm2(~22.0% screen-to-body ratio)",Plum Ram 6,"SMS, MMS","Black, Orange, Red, Yellow","TFT, 256K colors",Yes,Yes,133 x 61 x 19.3 mm (5.24 x 2.40 x 0.76 in),128MB 64MB RAM,microUSB 2.0,Yes,No,FM radio; built-in antenna,,,Yes,"Li-Ion 1700 mAh, removable",,,No
Flashlight,,,,,Up to 190 h,Yes,2.1,No,,Audio/video playerOrganizerPredictive text input,,Yes,,Dual SIM,1.3 MP,60 g (2.12 oz),Spreadtrum SC6531DA,Yes,Discontinued,No,,GSM 850 / 900 / 1800 / 1900 - SIM 1 & SIM 2,,128 x 160 pixels (~116 ppi density),Up to 4 h,microSDHC,,,No,,"2016, December. Released 2017, January",,GSM,No,Plum,,,https://fdn2.gsmarena.com/vv/bigpic/plum-play.jpg,"1.77 inches, 9.9 cm2(~17.9% screen-to-body ratio)",Plum Play,"SMS, MMS","Black, Blue, Lime, Red, White","TFT, 256K colors",Yes,Class 12,116 x 47.5 x 14.1 mm (4.57 x 1.87 x 0.56 in),"32MB ROM, 32MB RAM",microUSB 1.1,No,No,FM radio,,,Yes,"Li-Ion 600 mAh, removable",,,No
IP68 dust/water resistant (up to 1.5m for 30 min)Drop resistant up to 1.8mFlashlight,,,,1.3 MP,Up to 900 h,Yes,3.0,No,,,,Yes,,Dual SIM,5 MP,107.3 g (3.77 oz),Mediatek MT6276A,Yes,Discontinued,No,,GSM 850 / 900 / 1800 / 1900 - SIM 1 & SIM 2,,"240 x 320 pixels, 4:3 ratio (~167 ppi density)",Up to 24 h,microSDHC,,HSPA,No,,"2016, December. Released 2017, February",,GSM / HSPA,MP3/WAV/AAC playerMP4/H.263 playerOrganizerPhoto viewer,Plum,,No,https://fdn2.gsmarena.com/vv/bigpic/plum-ram6.jpg,"2.4 inches, 17.8 cm2(~22.0% screen-to-body ratio)",Plum Ram 7 - 3G,"SMS, MMS","Black, Black/Orange","TFT, 256K colors",Yes,,133 x 61 x 19.3 mm (5.24 x 2.40 x 0.76 in),128MB 64MB RAM,microUSB 2.0,,No,FM radio; built-in antenna,HSDPA 850 / 1900 / 2100,,Yes,"Li-Ion 1700 mAh, removable",,,No
,LED flash,Quad-core 1.3 GHz Cortex-A7,,2 MP,Up to 620 h (2G) / Up to 600 h (3G),Yes,"4.0, A2DP",,Android 6.0 (Marshmallow),,,Yes,,"Dual SIM (Micro-SIM, dual stand-by)","8 MP, AF",168.7 g (5.93 oz),Spreadtrum SC7731C,,Discontinued,"Wi-Fi 802.11 b/g/n, Wi-Fi Direct",,GSM 850 / 900 / 1800 / 1900 - SIM 1 & SIM 2,,"720 x 1280 pixels, 16:9 ratio (~294 ppi density)",Up to 25 h (2G) / Up to 20 h (3G),microSDHC,,HSPA 21.1/5.76 Mbps,No,,"2016, December. Released 2017, January",,GSM / HSPA,,Plum,,,https://fdn2.gsmarena.com/vv/bigpic/plum-compass.jpg,"5.0 inches, 68.9 cm2(~65.0% screen-to-body ratio)",Plum Compass,,"Black, Blue, Red, Gold, White",IPS LCD,,,146 x 72.6 x 9.8 mm (5.75 x 2.86 x 0.39 in),8GB 1GB RAM,microUSB 2.0,,GPS,FM radio,HSDPA 850 / 1900 / 2100,,Yes,"Li-Ion 2000 mAh, removable",,Accelerometer,
Flashlight,LED flash,,,,Up to 100 h,Yes,2.0,,,Audio/video playerOrganizerPredictive text input,,Yes,,Dual SIM,Yes,46.5 g (1.66 oz),Mediatek MTK6261D,Yes,Discontinued,No,,GSM 850 / 900 / 1800 / 1900 - SIM 1 & SIM 2,,128 x 160 pixels (~114 ppi density),Up to 4 h,microSDHC,,,No,,"2016, December. Released 2016, December",,GSM,No,Plum,,No,https://fdn2.gsmarena.com/vv/bigpic/plum-hero.jpg,"1.8 inches, 10.2 cm2(~18.9% screen-to-body ratio)",Plum Hero,"SMS, MMS","Black, White, Red, Blue, Pink, Orange, Lime","TFT, 256K colors",Yes,Class 12,112.5 x 48 x 12.8 mm (4.43 x 1.89 x 0.50 in),"32MB ROM, 32MB RAM",microUSB,No,No,FM radio,,,Yes,"Li-Ion 600 mAh, removable",,,No
IP68 dust/water resistant (up to 1.5m for 30 min),LED flash,Quad-core 1.3 GHz Cortex-A7,,1.3 MP,Up to 550 h (2G) / Up to 400 h (3G),Yes,"4.0, A2DP",,Android 6.0 (Marshmallow),,,Yes,,Dual SIM,"8 MP, AF",146.7 g (5.19 oz),Mediatek MT6580 (28 nm),,Discontinued,Wi-Fi 802.11 b/g/n,,GSM 850 / 900 / 1800 / 1900 - SIM 1 & SIM 2,,"480 x 800 pixels, 5:3 ratio (~233 ppi density)",Up to 24 h (2G) / Up to 14 h (3G),microSDXC,,HSPA 21.1/5.76 Mbps,No,,"2016, September. Released 2016, November",,GSM / HSPA,,Plum,,Mali-400MP2,https://fdn2.gsmarena.com/vv/bigpic/plum-gator-3.jpg,"4.0 inches, 45.5 cm2(~44.8% screen-to-body ratio)",Plum Gator 3,,"Black, Orange/Silver",IPS LCD,,,137.5 x 74 x 16.7 mm (5.41 x 2.91 x 0.66 in),8GB 1GB RAM,microUSB 2.0,,GPS,FM radio,HSDPA 850 / 1700(AWS) / 1900 / 2100,,Yes,"Li-Po 2400 mAh, removable",,"Accelerometer, proximity",
,"LED flash, panorama, HDR",Quad-core 1.3 GHz Cortex-A7,,1.3 MP,Up to 950 h (2G) / Up to 850 h (3G),Yes,"4.0, LE",,Android 6.0 (Marshmallow),,,Yes,,Dual SIM,"5 MP, AF",108.5 g (3.84 oz),Mediatek MT6580M (28 nm),,Discontinued,Wi-Fi 802.11 b/g/n,,GSM 850 / 900 / 1800 / 1900 - SIM 1 & SIM 2,,"480 x 800 pixels, 5:3 ratio (~233 ppi density)",Up to 25 h (2G) / Up to 20 h (3G),microSDHC,,HSPA 21.1/5.76 Mbps,No,,"2016, May. Released 2016, May",,GSM / HSPA,,Plum,,Mali-400MP2,https://fdn2.gsmarena.com/vv/bigpic/Plum-Axe-Plus2.jpg,"4.0 inches, 45.5 cm2(~56.9% screen-to-body ratio)",Plum Axe Plus 2,,"Black, White, Blue",TFT,,,124.5 x 64.3 x 10.5 mm (4.90 x 2.53 x 0.41 in),8GB 512MB RAM,microUSB 2.0,,GPS,FM radio,HSDPA 850 / 1900 / 2100,,720p@30fps,"Li-Ion 1400 mAh, removable",,Accelerometer,
,"HDR, panorama",Quad-core 1.3 GHz Cortex-A7,,2 MP,Up to 900 h (2G) / Up to 800 h (3G),Yes,"4.0, A2DP",,Android 5.1 (Lollipop),,,Yes,,"Dual SIM (MIni-SIM, dual stand-by)",5 MP,509 g (1.12 lb),Mediatek MT8321 (28 nm),,Discontinued,"Wi-Fi 802.11 b/g/n, Wi-Fi Direct, hotspot",,GSM 850 / 900 / 1800 / 1900 - SIM 1 & SIM 2,,"800 x 1280 pixels, 16:10 ratio (~149 ppi density)",Up to 24 h (2G) / Up to 14 h (3G),microSDHC (dedicated slot),,HSPA 21.1/5.76 Mbps,No,,"2016, March. Released 2016, April",,GSM / HSPA,,Plum,,Mali-400,https://fdn2.gsmarena.com/vv/bigpic/plum-z11.jpg,"10.1 inches, 295.8 cm2(~72.4% screen-to-body ratio)",Plum Optimax 10,,"Black, White",IPS LCD,,,240.2 x 170.2 x 9.2 mm (9.46 x 6.70 x 0.36 in),8GB 1GB RAM,USB 2.0,,GPS,FM radio,HSDPA 850 / 1900 / 2100,,720p@30fps,"Li-Po 4500 mAh, non-removable",,"Accelerometer, proximity",
,"HDR, panorama",Quad-core 1.3 GHz Cortex-A7,,2 MP,Up to 875 h (2G) / Up to 775 h (3G),Yes,"4.0, A2DP",,Android 5.1 (Lollipop),,,Yes,,"Dual SIM (Micro-SIM, dual stand-by)",5 MP,305 g (10.76 oz),Mediatek MT6580 (28 nm),,Discontinued,"Wi-Fi 802.11 b/g/n, Wi-Fi Direct, hotspot",,GSM 850 / 900 / 1800 / 1900 - SIM 1 & SIM 2,,"800 x 1280 pixels, 16:10 ratio (~189 ppi density)",Up to 24 h (2G) / Up to 14 h (3G),microSDHC (dedicated slot),,HSPA 21.1/5.76 Mbps,No,,"2016, March. Released 2016, April",,GSM / HSPA,,Plum,,Mali-400MP2,https://fdn2.gsmarena.com/vv/bigpic/plum-z710-1.jpg,"8.0 inches, 185.6 cm2(~72.4% screen-to-body ratio)",Plum Optimax 8.0,,"Black, White",IPS LCD,,,210.6 x 121.7 x 8.7 mm (8.29 x 4.79 x 0.34 in),8GB 1GB RAM,USB 2.0,,GPS,FM radio,HSDPA 850 / 1900 / 2100,,720p@30fps,"Li-Po 3400 mAh, non-removable",,"Accelerometer, gyro, proximity",
,"HDR, panorama",Quad-core 1.3 GHz Cortex-A7,,2 MP,Up to 800 h (2G) / Up to 650 h (3G),Yes,"4.0, A2DP",,Android 5.1 (Lollipop),,,Yes,,Dual SIM,5 MP,276 g (9.74 oz),Mediatek MT8321 (28 nm),,Discontinued,"Wi-Fi 802.11 b/g/n, Wi-Fi Direct, hotspot",,GSM 850 / 900 / 1800 / 1900 - SIM 1 & SIM 2,,"600 x 1024 pixels, 16:9 ratio (~170 ppi density)",Up to 21 h (2G) / Up to 12 h (3G),microSDHC (dedicated slot),,HSPA 21.1/5.76 Mbps,No,,"2016, March. Released 2016, April",,GSM / HSPA,,Plum,,Mali-400,https://fdn2.gsmarena.com/vv/bigpic/plum-z708-1.jpg,"7.0 inches, 137.9 cm2(~67.9% screen-to-body ratio)",Plum Optimax 7.0,,"Black, White",IPS LCD,,,188 x 108 x 10 mm (7.40 x 4.25 x 0.39 in),8GB 1GB RAM,USB 2.0,,GPS,FM radio,HSDPA 850 / 1900 / 2100,,720p@30fps,"Li-Po 2800 mAh, non-removable",,Accelerometer,
IP68 dust/water resistant (up to 1.5m for 30 min)Drop resistant up to 1.8mFlashlight,,,,,Up to 900 h,Yes,"4.0, A2DP",No,,MP3/WAV/AAC playerMP4/H.263 playerOrganizerPhoto viewer,,Yes,,Dual SIM,1.3 MP,107.3 g (3.77 oz),Mediatek MT6261D,Yes,Discontinued,No,,GSM 850 / 900 / 1800 / 1900 - SIM 1 & SIM 2,,"240 x 320 pixels, 4:3 ratio (~167 ppi density)",Up to 24 h,microSDHC,,,No,,"2016, April. Released 2016, April",,GSM,No,Plum,,No,https://fdn2.gsmarena.com/vv/bigpic/plum-ram-4.jpg,"2.4 inches, 17.8 cm2(~22.0% screen-to-body ratio)",Plum Ram 4,"SMS, MMS","Black, Orange","TFT, 256K colors","500 entries, Photocall",Yes,133 x 61 x 19.3 mm (5.24 x 2.40 x 0.76 in),32MB 32MB RAM,microUSB 2.0,,No,FM radio; built-in antenna,,,Yes,"Li-Ion 2700 mAh, removable",,,No
Flashlight,,,,,Up to 190 h,Yes,2.0,,,Audio/video playerOrganizerPredictive text input,,Yes,,Dual SIM,Yes,46.5 g (1.66 oz),Mediatek MTK6261D,Yes,Discontinued,No,,GSM 850 / 900 / 1800 / 1900 - SIM 1 & SIM 2,,128 x 160 pixels (~114 ppi density),Up to 4 h,microSDHC,,,No,,"2016, May. Released 2016, May",,GSM,No,Plum,,No,https://fdn2.gsmarena.com/vv/bigpic/plum-star.jpg,"1.8 inches, 10.2 cm2(~18.9% screen-to-body ratio)",Plum Star,"SMS, MMS","Black, Blue, Lime, Orange, Pink, Red, White","TFT, 256K colors",Yes,Class 12,112.5 x 48 x 12.8 mm (4.43 x 1.89 x 0.50 in),"32MB ROM, 32MB RAM",microUSB,No,No,FM radio,,,Yes,"Li-Ion 600 mAh, removable",,,No
,"LED flash, panorama, HDR",Quad-core 1.2 GHz Cortex-A7,,2 MP,Up to 900 h (2G) / Up to 750 h (3G),Yes,"4.0, A2DP",,Android 5.1 (Lollipop),,,Yes,,"Dual SIM (Micro-SIM/ Mini-SIM, dual stand-by)","8 MP, f/2.8, AF",116.2 g (4.09 oz),Mediatek MT6580M (28 nm),,Discontinued,"Wi-Fi 802.11 b/g/n, Wi-Fi Direct, hotspot",,GSM 850 / 900 / 1800 / 1900 - SIM 1 & SIM 2,,"480 x 854 pixels, 16:9 ratio (~196 ppi density)",Up to 24 h (2G) / Up to 14 h (3G),microSDXC,,HSPA 21.1/5.76 Mbps,No,,"2016, March. Released 2016, March",,GSM / HSPA,,Plum,,Mali-400MP2,https://fdn2.gsmarena.com/vv/bigpic/plum-might-plus-ii.jpg,"5.0 inches, 68.9 cm2(~64.8% screen-to-body ratio)",Plum Might Plus II,,"Black, White",IPS LCD,,,145.9 x 72.9 x 8.9 mm (5.74 x 2.87 x 0.35 in),"4GB 512MB RAM, 8GB 512MB RAM",microUSB 2.0,,GPS,FM radio,HSDPA 850 / 1700 / 1900 / 2100,,720p@30fps,"Li-Po 2000 mAh, removable",,"Accelerometer, gyro, proximity",
,LED flash,Quad-core 1.2 GHz Cortex-A7,"2, 4, 12, 17",1.3 MP,Up to 830 h (3G),Yes,"4.0, A2DP",,Android 5.1 (Lollipop),,,Yes,,Dual SIM,"5 MP, AF",124 g (4.37 oz),Mediatek MT6580 (28 nm),,Discontinued,"Wi-Fi 802.11 b/g/n, hotspot",,GSM 850 / 900 / 1800 / 1900 - SIM 1 & SIM 2,,"480 x 854 pixels, 16:9 ratio (~245 ppi density)",Up to 19 h (3G),microSDHC,,"HSPA 42.2/11.5 Mbps, LTE Cat4 150/50 Mbps",No,,"2015, September. Released 2015, December",,GSM / HSPA / LTE,,Plum,,Mali-400MP2,https://fdn2.gsmarena.com/vv/bigpic/plum-axe-lte.jpg,"4.0 inches, 44.1 cm2(~58.8% screen-to-body ratio)",Plum Axe LTE,,"Black, White",IPS LCD,,,128.8 x 58.2 x 8.9 mm (5.07 x 2.29 x 0.35 in),8GB 1GB RAM,microUSB 2.0,,GPS,FM radio,HSDPA 850 / 1900,,720p@30fps,"Li-Po 1600 mAh, removable",,"Accelerometer, gyro",
,LED flash,Quad-core 1.2 GHz Cortex-A7,"2, 4, 12, 17",1.3 MP,Up to 830 h (3G),Yes,"4.0, A2DP",,Android 5.1 (Lollipop),,,Yes,,Dual SIM,5 MP,138 g (4.87 oz),Mediatek MT6580 (28 nm),,Discontinued,"Wi-Fi 802.11 b/g/n, hotspot",,GSM 850 / 900 / 1800 / 1900 - SIM 1 & SIM 2,,"720 x 1280 pixels, 16:9 ratio (~326 ppi density)",Up to 19 h (3G),microSDHC,,"HSPA 42.2/11.5 Mbps, LTE Cat4 150/50 Mbps",No,,"2015, November. Released 2015, December",,GSM / HSPA / LTE,,Plum,,Mali-400MP2,https://fdn2.gsmarena.com/vv/bigpic/plum-check-lte.jpg,"4.5 inches, 55.8 cm2(~69.7% screen-to-body ratio)",Plum Check LTE,,"Black, White",IPS LCD,,,130.8 x 61.2 x 9.3 mm (5.15 x 2.41 x 0.37 in),8GB 1GB RAM,microUSB 2.0,,GPS,FM radio,HSDPA 850 / 1900,,720p@30fps,"Li-Po 1600 mAh, removable",,"Accelerometer, gyro",
No,,360 MHz,,,Up to 62 h,Yes,2.1,No,,,,Yes,,Dual SIM,1.3 MP,82 g (2.89 oz),Mediatek MT6260A,Yes,Discontinued,No,,GSM 850 / 900 / 1800 / 1900 - SIM 1 & SIM 2,,128 x 160 pixels (~116 ppi density),Up to 4 h 30 min,microSDHC,,,No,,"2015, November. Released 2015, December",,GSM,Audio/video playerOrganizerCalculatorPhoto viewerPredictive text input,Plum,,No,https://fdn2.gsmarena.com/vv/bigpic/plum-boot2.jpg,"1.77 inches, 9.9 cm2(~25.2% screen-to-body ratio)",Plum Boot 2,"SMS, MMS","Black, Blue, Red, White","TFT, 256K colors",1000 entries,Yes,89 x 44 x 17 mm (3.50 x 1.73 x 0.67 in),"128MB ROM, 64MB RAM",microUSB,No,No,FM radio,,,240p@15fps,"Li-Ion 800 mAh, removable",,,No
IP68 dust/water resistant (up to 1.5m for 30 min)Drop resistant up to 1.8mFlashlight,,411 MHz,,,Up to 800 h,Yes,"3.0, A2DP",Yes,,MP3/WAV/AAC playerMP4/H.263 playerOrganizerPhoto viewer,,Yes,,"Dual SIM, (Mini-SIM)",2 MP,174 g (6.14 oz),Mediatek MT6276W,Yes,Discontinued,No,,GSM 850 / 900 / 1800 / 1900 - SIM 1 & SIM 2,,"240 x 320 pixels, 4:3 ratio (~167 ppi density)",Up to 13 h,microSDHC,,384 Kbps,No,,"2015, June. Released 2015, November",,GSM / HSPA,No,Plum,,No,https://fdn2.gsmarena.com/vv/bigpic/plum-ram-3g.jpg,"2.4 inches, 17.8 cm2(~25.3% screen-to-body ratio)",Plum Ram 3G,"SMS, MMS","Black, Orange","TFT, 256K colors","500 entries, Photocall",,125.6 x 56.2 x 17 mm (4.94 x 2.21 x 0.67 in),"64MB RAM, 128MB",microUSB 2.0,,No,FM radio,HSDPA 850 / 1900,,320p@30fps,"Li-Po 1300 mAh, removable",,,No
Flashlight,,Dual-core 1.0 GHz Cortex-A7,,1.3 MP,Up to 180 h,Yes,2.0,,Android 4.4 (KitKat),,,Yes,,Dual SIM,1.3 MP,84.8 g (3.00 oz),Mediatek MT6572 (28 nm),,Discontinued,No,,GSM 850 / 900 / 1800 / 1900 - SIM 1 & SIM 2,,"480 x 800 pixels, 5:3 ratio (~233 ppi density)",Up to 2 h 30 min,microSDHC,,,No,,"2015, June. Released 2015, July",,GSM,,Plum,,Mali-400,https://fdn2.gsmarena.com/vv/bigpic/plum-x400b.jpg,"4.0 inches, 45.5 cm2(~57.6% screen-to-body ratio)",Plum Sync 4.0b,,"Black, White, Red, Blue",TFT,,Class 12,124.5 x 63.5 x 10.4 mm (4.90 x 2.5 x 0.41 in),512MB 256MB RAM,microUSB 2.0,Class 12,GPS,FM radio,,,720p@30fps,"Li-Ion 1300 mAh, removable",,Accelerometer,
IP68 dust/water resistant (up to 1.5m for 30 min),,Dual-core 1.0 GHz,,1.3 MP,Up to 432 h (2G) / Up to 360 h (3G),Yes,"4.0, A2DP",,Android 4.4 (KitKat),,,Yes,,Dual SIM (Mini-SIM),5 MP,171.5 g (6.07 oz),,,Discontinued,No,Yes,GSM 850 / 900 / 1800 / 1900 - SIM 1 & SIM 2,,"320 x 480 pixels, 3:2 ratio (~165 ppi density)",Up to 11 h (2G) / Up to 7 h (3G),microSDHC,,HSPA,No,,"2015, June. Released 2015, July",,GSM / HSPA,,Plum,Corning Gorilla Glass 3,,https://fdn2.gsmarena.com/vv/bigpic/plum-gator-2.jpg,"3.5 inches, 36.5 cm2(~45.7% screen-to-body ratio)",Plum Gator Plus II,,"Black, Orange",IPS LCD,,,121 x 66 x 16.4 mm (4.76 x 2.60 x 0.65 in),4GB 512MB RAM,microUSB 2.0,,GPS,FM radio,HSDPA 850 / 1900 / 2100,,720p@30fps,"Li-Po 2100 mAh, removable",,Accelerometer,
IP67 dust/water resistant (up to 1m for 30 min)Flashlight,,,,,Up to 800 h,Yes,2.0,Yes,,,,Yes,,Dual SIM,1.3 MP,188 g (6.63 oz),Mediatek MT6261A,Yes,Discontinued,No,,GSM 850 / 900 / 1800 / 1900 - SIM 1 & SIM 2,,176 x 220 pixels (~141 ppi density),Up to 12 h,microSDHC,,,No,,"2015, June. Released 2015, August",,GSM,No,Plum,,No,https://fdn2.gsmarena.com/vv/bigpic/plum-ram-plus.jpg,"2.0 inches, 12.6 cm2(~16.3% screen-to-body ratio)",Plum Ram Plus,"SMS, MMS","Black/Silver, Black/Red","TFT, 256K colors","500 entries, Photocall",Yes,127.8 x 60.5 x 23.8 mm (5.03 x 2.38 x 0.94 in),128Mb 32Mb RAM,"microUSB 2.0, USB 2.0",Yes,No,FM radio,,Reverse wired,Yes,"Li-Po 2800 mAh, removable",,,No
,"LED flash, panorama, HDR",Quad-core 1.3 GHz Cortex-A7,,2 MP,Up to 780 h (2G) / Up to 690 h (3G),Yes,"4.0, A2DP",,Android 4.4.2 (KitKat),,,Yes,,Dual SIM,"8 MP, AF",156 g (5.50 oz),Mediatek MT6582M (28 nm),,Discontinued,"Wi-Fi 802.11 b/g/n, hotspot",,GSM 850 / 900 / 1800 / 1900 - SIM 1 & SIM 2,face detection,"720 x 1280 pixels, 16:9 ratio (~245 ppi density)",Up to 16 h (2G) / Up to 8 h (3G),microSDXC,,HSPA 21.1/5.76 Mbps,No,,"2014, December. Released 2015, January",,GSM / HSPA,,Plum,,Mali-400MP2,https://fdn2.gsmarena.com/vv/bigpic/plum-622.jpg,"6.0 inches, 99.2 cm2(~85.0% screen-to-body ratio)",Plum Coach Pro,,"Black, White",IPS LCD,,,157.8 x 74 x 9.9 mm (6.21 x 2.91 x 0.39 in),16GB 1GB RAM,microUSB 2.0,,GPS,Stereo FM radio,HSDPA 850 / 1700 / 1900,,1080p@30fps,"Li-Ion 2400 mAh, removable",,"Accelerometer, gyro, proximity",
,"LED flash, panorama, HDR",Dual-core 1.0 GHz Cortex-A7,,1.3 MP,Up to 780 h,Yes,"4.0, A2DP",,Android 4.4.2 (KitKat),,,Yes,,Dual SIM,"1.3 MP, AF",97.5 g (3.42 oz),Mediatek MT6572M (28 nm),,Discontinued,"Wi-Fi 802.11 b/g/n, hotspot",,GSM 850 / 900 / 1800 / 1900 - SIM 1 & SIM 2,,"320 x 480 pixels, 3:2 ratio (~165 ppi density)",Up to 14 h,microSDHC,,HSPA,No,,"2015, January. Released 2015, January",,GSM / HSPA,,Plum,,Mali-400,https://fdn2.gsmarena.com/vv/bigpic/plum-306.jpg,"3.5 inches, 36.5 cm2(~50.3% screen-to-body ratio)",Plum Trigger Plus III,,"Black, White, Red, Blue",TFT,,,117.8 x 61.5 x 10.5 mm (4.64 x 2.42 x 0.41 in),512MB 256MB RAM,microUSB,,GPS,Stereo FM radio,HSDPA 850 / 1900,,Yes,"Li-Ion 1300 mAh, removable",,Accelerometer,
Flashlight,"LED flash, panorama, HDR",Quad-core 1.2 GHz Cortex-A7,"2, 4, 12, 17",2 MP,Up to 750 h (2G) / Up to 650 h (3G),Yes,"4.0, A2DP",,Android 4.4.2 (KitKat),,,Yes,,Mini-SIM,"8 MP, AF",138 g (4.87 oz),Qualcomm MSM8926 Snapdragon 400 (28 nm),,Discontinued,"Wi-Fi 802.11 b/g/n, hotspot",,GSM 850 / 900 / 1800 / 1900,,"480 x 854 pixels, 16:9 ratio (~196 ppi density)",Up to 20 h (2G) / Up to 11 h 30 min (3G),microSDXC (dedicated slot),,"HSPA 42.2/11.5 Mbps, LTE Cat4 150/50 Mbps",No,,"2014, September. Released 2014, October",,GSM / HSPA / LTE,eMMC 4.5,Plum,,Adreno 305,https://fdn2.gsmarena.com/vv/bigpic/plum-might-lte.jpg,"5.0 inches, 68.9 cm2(~65.1% screen-to-body ratio)",Plum Might LTE,,"Black, White",IPS LCD,,,143.3 x 73.9,8GB 1GB RAM,microUSB 2.0,,GPS,FM radio,HSDPA 850 / 1700 / 1900 / 2100,,720p@30fps,"Li-Ion 2000 mAh, removable",,"Accelerometer, gyro, proximity",
,"LED flash, panorama, HDR",Dual-core 1.2 GHz Cortex-A7,,1.3 MP,Up to 860 h,Yes,"4.0, A2DP",,Android 4.2.2 (Jelly Bean),,,Yes,,Dual SIM,"5 MP, AF",109 g (3.84 oz),Mediatek MT6572M (28 nm),,Discontinued,"Wi-Fi 802.11 b/g/n, hotspot",,GSM 850 / 900 / 1800 / 1900 - SIM 1 & SIM 2,face detection,"480 x 854 pixels, 16:9 ratio (~196 ppi density)",Up to 18 h,microSDHC,,,No,,"2014, May. Released 2014, August",,GSM,,Plum,,Mali-400,https://fdn2.gsmarena.com/vv/bigpic/plum-x500.jpg,"5.0 inches, 68.9 cm2(~66.5% screen-to-body ratio)",Plum Sync 5.0,,"Black/Gold, White/Silver, Pink/Silver, Blue/Silver",TFT,,Class 12,145.6 x 71.2 x 9.6 mm (5.73 x 2.80 x 0.38 in),4GB 512MB RAM,microUSB 2.0,Class 12,GPS,FM radio,,,720p@30fps,"Li-Ion 1900 mAh, removable",,"Accelerometer, gyro, proximity",
,"LED flash, panorama, HDR",Dual-core 1.2 GHz Cortex-A7,,1.3 MP,Up to 760 h,Yes,"4.0, A2DP",,Android 4.4 (KitKat),,,Yes,,Dual SIM,"5 MP, AF",97 g (3.42 oz),Mediatek MT6572M (28 nm),,Discontinued,"Wi-Fi 802.11 b/g/n, hotspot",,GSM 850 / 900 / 1800 / 1900 - SIM 1 & SIM 2,face detection,"480 x 854 pixels, 16:9 ratio (~245 ppi density)",Up to 14 h,microSDHC,,,No,,"2014, May. Released 2014, August",,GSM,,Plum,,Mali-400,https://fdn2.gsmarena.com/vv/bigpic/plum-x400.jpg,"4.0 inches, 44.1 cm2(~57.6% screen-to-body ratio)",Plum Sync 4.0,,"Black, White, Red, Blue",TFT,,Class 12,120.4 x 63.6 x 9.8 mm (4.74 x 2.50 x 0.39 in),512MB 256MB RAM,microUSB 2.0,Class 12,GPS,FM radio,,,720p@30fps,"Li-Ion 1200 mAh, removable",,"Accelerometer, gyro, proximity",
,"LED flash, panorama, HDR",Dual-core 1.2 GHz Cortex-A7,,1.3 MP,Up to 780 h,Yes,"4.0, A2DP",,Android 4.2.2 (Jelly Bean),,,Yes,,Dual SIM,"1.3 MP, AF",93 g (3.28 oz),Mediatek MT6572M (28 nm),,Discontinued,"Wi-Fi 802.11 b/g/n, hotspot",,GSM 850 / 900 / 1800 / 1900 - SIM 1 & SIM 2,,"320 x 480 pixels, 3:2 ratio (~165 ppi density)",Up to 14 h,microSDHC,,,No,,"2014, August. Released 2014, August",,GSM,,Plum,,Mali-400,https://fdn2.gsmarena.com/vv/bigpic/plum-x350.jpg,"3.5 inches, 36.5 cm2(~54.8% screen-to-body ratio)",Plum Sync 3.5,,"Black, White, Red, Blue, Pink",TFT,,Class 12,118.4 x 56.2 x 9.8 mm (4.66 x 2.21 x 0.39 in),512MB 256MB RAM,microUSB,Class 12,GPS,FM radio,,,Yes,"Li-Ion 1350 mAh, removable",,"Accelerometer, gyro, proximity",
,"LED flash, panorama, HDR",Quad-core 1.3 GHz Cortex-A7,,1.3 MP,Up to 780 h (2G) / Up to 690 h (3G),Yes,"4.0, A2DP",,Android 4.4.2 (KitKat),,,Yes,,Dual SIM,"8 MP, AF",164 g (5.78 oz),Mediatek MT6582M (28 nm),,Discontinued,"Wi-Fi 802.11 b/g/n, hotspot",,GSM 850 / 900 / 1800 / 1900 - SIM 1 & SIM 2,face detection,"480 x 854 pixels, 16:9 ratio (~196 ppi density)",Up to 14 h (2G) / Up to 8 h (3G),microSDXC,,HSPA 21.1/5.76 Mbps,No,,"2014, May. Released 2014, August",,GSM / HSPA,,Plum,,Mali-400MP2,https://fdn2.gsmarena.com/vv/bigpic/plum-z514.jpg,"5.0 inches, 68.9 cm2(~67.7% screen-to-body ratio)",Plum Might Pro,,"Black, White, Red, Blue",IPS LCD,,,143.4 x 71 x 8.4 mm (5.65 x 2.80 x 0.33 in),16GB 1GB RAM,microUSB 2.0,,GPS,FM radio,HSDPA 850 / 1900,,720p@30fps,"Li-Ion 2200 mAh, removable",,"Accelerometer, gyro, proximity",
,"LED flash, panorama, HDR",Quad-core 1.3 GHz Cortex-A7,,1.3 MP,Up to 780 h (2G) / Up to 690 h (3G),Yes,"4.0, A2DP",,Android 4.4.2 (KitKat),,,Yes,,Dual SIM,"8 MP, AF",156 g (5.50 oz),Mediatek MT6582M (28 nm),,Discontinued,"Wi-Fi 802.11 b/g/n, hotspot",,GSM 850 / 900 / 1800 / 1900 - SIM 1 & SIM 2,face detection,"720 x 1280 pixels, 16:9 ratio (~245 ppi density)",Up to 16 h (2G) / Up to 8 h (3G),microSDXC,,HSPA 21.1/5.76 Mbps,No,,"2014, May. Released 2014, August",,GSM / HSPA,,Plum,,Mali-400MP2,https://fdn2.gsmarena.com/vv/bigpic/plum-z621.jpg,"6.0 inches, 99.2 cm2(~85.0% screen-to-body ratio)",Plum Coach Plus II,,"Black, White",IPS LCD,,,157.8 x 74 x 9.9 mm (6.21 x 2.91 x 0.39 in),4GB 512MB RAM,microUSB 2.0,,GPS,FM radio,HSDPA 850 / 1900,,1080p@30fps,"Li-Ion 2400 mAh, removable",,"Accelerometer, gyro, proximity",
,"Panorama, HDR",Quad-core 1.8 GHz,,2 MP,Up to 780 h,Yes,No,,Android 4.4.2 (KitKat),,,Yes,,No,"5 MP, AF",246 g (8.68 oz),Rockchip RK3188,,Discontinued,"Wi-Fi 802.11 b/g/n, hotspot",,N/A,face detection,"600 x 1024 pixels, 16:9 ratio (~170 ppi density)",Up to 11 h,microSDXC (dedicated slot),,,No,,"2014, May. Released 2014, August",,No cellular connectivity,,Plum,,Mali-400,https://fdn2.gsmarena.com/vv/bigpic/plum-z702.jpg,"7.0 inches, 137.9 cm2(~60.9% screen-to-body ratio)",Plum Link Plus,,"Black, White",IPS LCD,,No,190.4 x 119 x 7.9 mm (7.50 x 4.69 x 0.31 in),8GB 1GB RAM,microUSB 2.0,No,GPS,No,,,1080p@30fps,"Li-Ion 2800 mAh, non-removable",,"Accelerometer, gyro",
,"LED flash, panorama",Dual-core 1.3 GHz Cortex-A7,,1.3 MP,Up to 650 h (2G) / Up to 540 h (3G),Yes,"4.0, A2DP",,Android 4.2.2 (Jelly Bean),,,Yes,,Dual SIM (Dual stand-by),"5 MP, AF",120 g (4.23 oz),Mediatek MT6572 (28 nm),,Discontinued,"Wi-Fi 802.11 b/g/n, hotspot",,GSM 850 / 900 / 1800 / 1900 - SIM 1 & SIM 2,face detection,"320 x 480 pixels, 3:2 ratio (~165 ppi density)",Up to 12 h (2G) / Up to 11 h (3G),microSDHC,,HSPA 21.1/5.76 Mbps,No,,"2014, May. Released 2014, May",,GSM / HSPA,,Plum,,Mali-400,https://fdn2.gsmarena.com/vv/bigpic/plum-trigger-plus.jpg,"3.5 inches, 36.5 cm2(~49.5% screen-to-body ratio)",Plum Trigger Plus,,"Black, White, Blue, Red, Pink","TFT, 256K colors",,,118 x 62.4 x 11.5 mm (4.65 x 2.46 x 0.45 in),2GB 256MB RAM,microUSB,,GPS,FM radio,HSDPA 850 / 1900,,720p@30fps,"Li-Ion 1100 mAh, removable",,"Accelerometer, gyro, proximity",
,"LED flash, panorama",Dual-core 1.2 GHz Cortex-A7,,1.3 MP,Up to 750 h (2G) / Up to 650 h (3G),Yes,"4.0, A2DP",,Android 4.2 (Jelly Bean),,,Yes,,Dual SIM (Dual stand-by),"5 MP, AF",107 g (3.77 oz),Mediatek MT6572M (28 nm),,Discontinued,"Wi-Fi 802.11 b/g/n, hotspot",,GSM 850 / 900 / 1800 / 1900 - SIM 1 & SIM 2,face detection,"320 x 480 pixels, 3:2 ratio (~165 ppi density)",Up to 17 h (2G) / Up to 14 h (3G),microSDHC,,HSPA 21.1/5.76 Mbps,No,,"2014, May. Released 2014, May",,GSM / HSPA,,Plum,,Mali-400,https://fdn2.gsmarena.com/vv/bigpic/plum-trigger-pro.jpg,"3.5 inches, 36.5 cm2(~52.5% screen-to-body ratio)",Plum Trigger Pro,,"Black, White, Red, Blue",IPS LCD,,,114.8 x 60.5 x 12.2 mm (4.52 x 2.38 x 0.48 in),4GB 512MB RAM,microUSB 2.0,,GPS,FM radio,HSDPA 850 / 1900,,720p@30fps,"Li-Ion 1350 mAh, removable",,"Accelerometer, gyro, proximity",
IP67 dust/water resistant (up to 1m for 30 min)Water resistant up to 1 meter and 30 minutes,"LED flash, panorama, HDR",Dual-core 1.3 GHz Cortex-A7,,1.3 MP,Up to 900 h (2G) / Up to 850 h (3G),Yes,"4.0, A2DP",,"Android 4.2.2 (Jelly Bean), upgradable to 4.4.2 (KitKat)",,,Yes,,Dual SIM,"5 MP, AF",207 g (7.30 oz),Mediatek MT6572A,,Discontinued,"Wi-Fi 802.11 b/g/n, hotspot",Yes,GSM 850 / 900 / 1800 / 1900 - SIM 1 & SIM 2,,"480 x 800 pixels, 5:3 ratio (~267 ppi density)",Up to 22 h (2G) / Up to 18 h 30 min (3G),microSDHC,,HSPA 21.1/5.76 Mbps,No,,"2014, May. Released 2014, July",,GSM / HSPA,,Plum,,Mali-400,https://fdn2.gsmarena.com/vv/bigpic/plum-alligator1.jpg,"3.5 inches, 34.9 cm2(~37.8% screen-to-body ratio)",Plum Gator,,"Black, Red",IPS LCD,,,131.8 x 70 x 21.7 mm (5.19 x 2.76 x 0.85 in),4GB 512MB RAM,microUSB 2.0,,GPS,FM radio,HSDPA 850 / 1900 / 2100,,1080p@30fps,"Li-Ion 3600 mAh, removable",,"Accelerometer, gyro, proximity",
,"LED flash, panorama, HDR",Dual-core 1.3 GHz Cortex-A7,,2 MP,Up to 950 h (2G) / Up to 850 h (3G),Yes,"4.0, A2DP",,Android 4.2.2 (Jelly Bean),,,Yes,,Dual SIM,"8 MP, AF",-,Mediatek MT8312 (28 nm),,Discontinued,"Wi-Fi 802.11 b/g/n, hotspot",,GSM 850 / 900 / 1800 / 1900 - SIM 1 & SIM 2,face detection,"1024 x 600 pixels, 16:9 ratio (~170 ppi density)",Up to 24 h (2G) / Up to 22 h (3G),microSDHC,,HSPA 21.1/11.5 Mbps,No,,"2014, May. Released 2014, May",,GSM / HSPA,,Plum,,Mali-400,https://fdn2.gsmarena.com/vv/bigpic/plum-z708.jpg,"7.0 inches, 137.9 cm2(~62.2% screen-to-body ratio)",Plum Z708,,White,IPS LCD,,,191 x 116 x 7.9 mm (7.52 x 4.57 x 0.31 in),16GB 1GB RAM,microUSB 2.0,,GPS,FM radio,HSDPA 850 / 900 / 1900 / 2100,,1080p@30fps,"Li-Ion 3000 mAh, non-removable",,"Accelerometer, gyro, proximity",
,"LED flash, panorama, HDR",Dual-core 1.2 GHz Cortex-A7,,2 MP,Up to 750 h (2G) / Up to 650 h (3G),Yes,"4.0, A2DP",,Android 4.2.2 (Jelly Bean),,,Yes,,Dual SIM,"8 MP, AF",250 g (8.82 oz),Mediatek MT8312 (28 nm),,Discontinued,"Wi-Fi 802.11 b/g/n, hotspot",,GSM 850 / 900 / 1800 / 1900 - SIM 1 & SIM 2,face detection,"540 x 960 pixels, 16:9 ratio (~184 ppi density)",Up to 17 h (2G) / Up to 8 h 30 min (3G),microSDXC,,HSPA 21.1/5.76 Mbps,No,,"2014, May. Released 2014, May",,GSM / HSPA,,Plum,,Mali-400,https://fdn2.gsmarena.com/vv/bigpic/Plum-Coach-Plus.jpg,"6.0 inches, 99.2 cm2(~67.1% screen-to-body ratio)",Plum Coach Plus,,"Black, White",IPS LCD,,,168 x 88 x 11.2 mm (6.61 x 3.46 x 0.44 in),4GB 512MB RAM,microUSB 2.0,,GPS,FM radio,HSDPA 850 / 1900 / 2100,,1080p@30fps,"Li-Ion 2600 mAh, removable",,"Accelerometer, gyro, proximity",
,"LED flash, panorama, HDR",Quad-core 1.3 GHz Cortex-A7,,"2 MP, AF",Up to 900 h (2G) / Up to 750 h (3G),Yes,"4.0, A2DP",,Android 4.4.2 (KitKat),,,Yes,,Dual SIM,"8 MP, AF",143 g (5.04 oz),Mediatek MT6582M (28 nm),,Discontinued,"Wi-Fi 802.11 b/g/n, hotspot",,GSM 850 / 900 / 1800 / 1900 - SIM 1 & SIM 2,,"540 x 960 pixels, 16:9 ratio (~200 ppi density)",Up to 20 h (2G) / Up to 15 h (3G),microSDXC,,HSPA 21.1/11.5 Mbps,No,,"2014, May. Released 2014, May",,GSM / HSPA,,Plum,,Mali-400MP2,https://fdn2.gsmarena.com/vv/bigpic/plum-pilot-plus1.jpg,"5.5 inches, 83.4 cm2(~73.9% screen-to-body ratio)",Plum Pilot Plus,,"Black, White",IPS LCD,,,147.5 x 76.5 x 8.3 mm (5.81 x 3.01 x 0.33 in),8GB 1GB RAM,microUSB 2.0,,GPS,FM radio,HSDPA 850 / 1900,,1080p@30fps,"Li-Ion 2200 mAh, removable",,"Accelerometer, gyro, proximity",
HSDPA 850 / 1700 / 1900 - Z512a,"LED flash, panorama, HDR",Dual-core 1.3 GHz Cortex-A7,,2 MP,Up to 900 h (2G) / Up to 750 h (3G),Yes,"4.0, A2DP",,Android 4.2.2 (Jelly Bean),,,Yes,,Dual SIM,"8 MP, AF",175 g (6.17 oz),Mediatek MT6572A,,Discontinued,"Wi-Fi 802.11 b/g/n, hotspot",,GSM 850 / 900 / 1800 / 1900 - SIM 1 & SIM 2,face detection,"480 x 854 pixels, 16:9 ratio (~196 ppi density)",Up to 24 h (2G) / Up to 14 h (3G),microSDXC,,HSPA 21.1/5.76 Mbps,No,,"2014, May. Released 2014, May",,GSM / HSPA,,Plum,,Mali-400,https://fdn2.gsmarena.com/vv/bigpic/Plum-Might-Plus.jpg,"5.0 inches, 68.9 cm2(~65.3% screen-to-body ratio)",Plum Might Plus,,White,IPS LCD,,,145 x 72.8 x 9.2 mm (5.71 x 2.87 x 0.36 in),4GB 512MB RAM,microUSB 2.0,,GPS,FM radio,HSDPA 850 / 1900 / 2100 - Z512i,,Yes,"Li-Ion 2000 mAh, removable",,"Accelerometer, gyro, proximity",
,"LED flash, panorama, HDR",Dual-core 1.2 GHz Cortex-A7,,"2 MP, AF",Up to 750 h (2G) / Up to 650 h (3G),Yes,"4.0, A2DP",,Android 4.2.2 (Jelly Bean),,,Yes,,Dual SIM,"5 MP, AF",142 g (5.01 oz),Mediatek MT6572M (28 nm),,Discontinued,"Wi-Fi 802.11 b/g/n, hotspot",,GSM 850 / 900 / 1800 / 1900 - SIM 1 & SIM 2,,"480 x 854 pixels, 16:9 ratio (~218 ppi density)",Up to 17 h (2G) / Up to 14 h (3G),microSDXC,,HSPA 21.1/5.76 Mbps,No,,"2014, May. Released 2014, May",,GSM / HSPA,,Plum,,Mali-400,https://fdn2.gsmarena.com/vv/bigpic/Plum-Check-Plus.jpg,"4.5 inches, 55.8 cm2(~67.7% screen-to-body ratio)",Plum Check Plus,,"White/Blue, White/Red, Black/Black, Black/Lime, Black/Red",IPS LCD,,,130 x 63.4 x 9.2 mm (5.12 x 2.50 x 0.36 in),4GB 512MB RAM,microUSB 2.0,,GPS,FM radio,HSDPA 850 / 1900,,720p@30fps,"Li-Ion 1500 mAh, removable",,"Accelerometer, gyro, proximity",
,"LED flash, panorama, HDR",Dual-core 1.2 GHz Cortex-A7,,1.3 MP,Up to 750 h (2G) / Up to 650 h (3G),Yes,"4.0, A2DP",,Android 4.2.2 (Jelly Bean),,,Yes,,Dual SIM,"5 MP, AF",112 g (3.95 oz),Mediatek MT6572M (28 nm),,Discontinued,"Wi-Fi 802.11 b/g/n, hotspot",,GSM 850 / 900 / 1800 / 1900 - SIM 1 & SIM 2,face detection,"480 x 800 pixels, 5:3 ratio (~233 ppi density)",Up to 12 h (2G) / Up to 7 h 30 min (3G),microSDHC,,HSPA 21.1/5.76 Mbps,No,,"2014, May. Released 2014, May",,GSM / HSPA,,Plum,,Mali-400,https://fdn2.gsmarena.com/vv/bigpic/Plum-Axe-Plus.jpg,"4.0 inches, 45.5 cm2(~54.2% screen-to-body ratio)",Plum Axe Plus,,"Black, White, Blue, Red",TFT,,,129 x 65.1 x 9.9 mm (5.08 x 2.56 x 0.39 in),4GB 512MB RAM,microUSB 2.0,,GPS,FM radio,HSDPA 850 / 1900,,720p@30fps,"Li-Ion 1200 mAh, removable",,"Accelerometer, gyro, proximity",
No,,360 MHz,,,Up to 48 h,Yes,2.0,Yes,,,,Yes,,Dual SIM,1.3 MP,82 g (2.89 oz),Mediatek MT6260A,Yes,Discontinued,No,,GSM 850 / 900 / 1800 / 1900 - SIM 1 & SIM 2,,128 x 160 pixels (~116 ppi density),Up to 3 h 30 min,microSDHC,,,No,,"2014, May. Released 2014, May",,GSM,Audio/video playerOrganizerCalculator,Plum,,No,https://fdn2.gsmarena.com/vv/bigpic/plum-boot.jpg,"1.77 inches, 9.9 cm2(~24.9% screen-to-body ratio)",Plum Boot,"SMS, MMS","Black, Blue, Red, Pink",TFT,Yes,Yes,90 x 44 x 18.2 mm (3.54 x 1.73 x 0.72 in),"64MB ROM, 64MB RAM",microUSB,No,No,FM radio,,,Yes,"Li-Ion 600 mAh, removable",,,No
Flashlight,,,,,Up to 200 h,Yes,3.0,,,MP3/WAV/eAAC+ playerPhoto viewer/editor,,Yes,,Dual SIM,1.3 MP,46 g (1.62 oz),Spreadtrum 6531,Yes,Discontinued,No,,GSM 850 / 900 / 1800 / 1900 - SIM 1 & SIM 2,,128 x 160 pixels (~116 ppi density),Up to 3 h,microSDHC,,,No,,"2014, May. Released 2014, May",,GSM,No,Plum,,,https://fdn2.gsmarena.com/vv/bigpic/plum-slick.jpg,"1.77 inches, 9.9 cm2(~19.3% screen-to-body ratio)",Plum Slick,"SMS, MMS","Black, White, Red, Blue","TFT, 65K colors",Yes,Class 12,111 x 46 x 15 mm (4.37 x 1.81 x 0.59 in),"32MB ROM, 32MB RAM",microUSB,No,No,"FM radio, built-in antenna",,,Yes,"Li-Ion 800 mAh, removable",,,No
,,Dual-core 1.2 GHz,,5 MP,Up to 270 h,Yes,"4.0, A2DP",,Android 4.0 (Ice Cream Sandwich),,,Yes,,Dual SIM (Dual stand-by),5 MP,92 g (3.25 oz),,,Discontinued,Wi-Fi 802.11 b/g/n,,GSM 850 / 900 / 1800 / 1900 - SIM 1 & SIM 2,,"320 x 480 pixels, 3:2 ratio (~165 ppi density)",Up to 7 h,microSDHC (dedicated slot),,"Yes, 384 kbps",No,,2013. Released 2013,,GSM / HSPA,,Plum,,,https://fdn2.gsmarena.com/vv/bigpic/plum-trigger-z104.jpg,"3.5 inches, 36.5 cm2(~50.7% screen-to-body ratio)",Plum Trigger Z104,,"Black, White",TFT,,,117 x 61.5 x 11.6 mm (4.61 x 2.42 x 0.46 in),512MB 256MB RAM,microUSB,,No,Stereo FM radio,HSDPA 850 / 1900,,Yes,"Li-Ion 1350 mAh, removable",,"Accelerometer, proximity",
No,,,,,Up to 200 h,Yes,2.0,No,,,,Yes,,Mini-SIM,1.3 MP,79 g (2.79 oz),Spreadtrum 7701,Yes,Discontinued,No,,GSM 850 / 900 / 1800 / 1900 - SIM 1 & SIM 2,,128 x 160 pixels (~116 ppi density),Up to 3 h,microSDHC (dedicated slot),,"Yes, 384 kbps",No,,"2013, September. Released 2013, September",,GSM / HSPA,SNS appsMP4/H.264 playerMP3/WAV/eAAC+ playerOrganizerDocument viewerVoice memo/dialPredictive text input,Plum,,,https://fdn2.gsmarena.com/vv/bigpic/plum-bar-3g.jpg,"1.77 inches, 9.9 cm2(~19.6% screen-to-body ratio)",Plum Bar 3G,"SMS(threaded view), MMS, Email, Push Email, IM","Black, White, Blue, Red","TFT, 256K colors",Yes,,108.5 x 46.3 x 13.1 mm (4.27 x 1.82 x 0.52 in),128MB 64MB RAM,microUSB,,No,FM radio,HSDPA 850 / 1900,,Yes,"Li-Ion 800 mAh, removable",,,
,LED flash,1.0 GHz Cortex-A9,,1.3 MP,Up to 200 h,Yes,2.0,,Android 4.0 (Ice Cream Sandwich),,,No,QWERTY,Dual SIM,5 MP,190 g (6.70 oz),Mediatek MT6575M (65 nm),,Discontinued,"Wi-Fi 802.11 b/g, hotspot",,GSM 850 / 900 / 1800 / 1900 - SIM 1 & SIM 2,,"320 x 480 pixels, 3:2 ratio (~222 ppi density)",Up to 5 h,microSDHC (dedicated slot),,"Yes, 384 kbps",No,,"2013, September. Released 2013, September",,GSM / HSPA,,Plum,,PowerVR SGX531,https://fdn2.gsmarena.com/vv/bigpic/plum-velocity-ii.jpg,"2.6 inches, 20.1 cm2(~28.2% screen-to-body ratio)",Plum Velocity II,,"Black, White, Blue, Red","TFT, 256K colors",,,110.5 x 64.5 x 12.4 mm (4.35 x 2.54 x 0.49 in),512MB 512MB RAM,microUSB,,GPS,Stereo FM radio,HSDPA 850 / 1900,,Yes,"Li-Ion 1200 mAh, removable",,Accelerometer,
,,Dual-core 1.0 GHz Cortex-A7,,5 MP,Up to 180 h,Yes,"2.1, A2DP, EDR",,Android 4.2 (Jelly Bean),,,Yes,,Dual SIM,5 MP,110 g (3.88 oz),Mediatek MT6572 (28 nm),,Discontinued,"Wi-Fi 802.11 b/g, hotspot",,GSM 850 / 900 / 1800 / 1900 - SIM 1 & SIM 2,,"320 x 480 pixels, 3:2 ratio (~165 ppi density)",Up to 4 h,microSDHC (dedicated slot),,,No,,"2013, September. Released 2013, October",,GSM,,Plum,,Mali-400,https://fdn2.gsmarena.com/vv/bigpic/plum-sync.jpg,"3.5 inches, 36.5 cm2(~49.5% screen-to-body ratio)",Plum Sync,,"Black, White","TFT, 256K colors",,Class 12,118 x 62.4 x 11.5 mm (4.65 x 2.46 x 0.45 in),512MB 256MB RAM,microUSB,Class 12,GPS,Stereo FM radio,,,Yes,"Li-Ion 1100 mAh, removable",,"Accelerometer, proximity, compass",
,LED flash,Dual-core 1.2 GHz Cortex-A7,,1.3 MP,Up to 200 h,Yes,"2.1, A2DP, EDR",,Android 4.2 (Jelly Bean),,,Yes,,Dual SIM,"5 MP, AF",110 g (3.88 oz),Mediatek MT6572AW,,Discontinued,Wi-Fi 802.11 b/g/n,,GSM 850 / 900 / 1800 / 1900 - SIM 1 & SIM 2,,"480 x 800 pixels, 5:3 ratio (~233 ppi density)",Up to 5 h,microSDHC (dedicated slot),,HSPA 21.1/5.76 Mbps,No,,"2013, October. Released 2013, October",,GSM / HSPA,,Plum,,Mali-400,https://fdn2.gsmarena.com/vv/bigpic/plum-axe-2.jpg,"4.0 inches, 45.5 cm2(~55.8% screen-to-body ratio)",Plum Axe II,,"Black, White, Blue, Red","TFT, 256K colors",,,125.5 x 65 x 11.8 mm (4.94 x 2.56 x 0.46 in),4GB 512MB RAM,microUSB 2.0,,GPS,Stereo FM radio,HSDPA 850 / 900 / 1900 / 2100,,Yes,"Li-Ion 1450 mAh, removable",,"Accelerometer, proximity",
Flashlight,LED flash,Dual-core 1.2 GHz Cortex-A9,,1.3 MP,Up to 340 h,Yes,"4.0, A2DP",,Android 4.2 (Jelly Bean),,,Yes,,Dual SIM,"2 MP, AF",550 g (1.21 lb),Mediatek MT8377 (40 nm),,Discontinued,"Wi-Fi 802.11 a/b/g/n, dual-band, hotspot",,GSM 850 / 900 / 1800 / 1900 - SIM 1 & SIM 2,,"800 x 1280 pixels, 16:10 ratio (~149 ppi density)",Up to 30 h,microSDHC (dedicated slot),,HSPA,No,,"2013, May. Released 2013, June",,GSM / HSPA,HDMI port,Plum,,PowerVR SGX531u,https://fdn2.gsmarena.com/vv/bigpic/plum-ten.jpg,"10.1 inches, 295.8 cm2(~68.7% screen-to-body ratio)",Plum Ten 3G,,Silver,IPS LCD,,,246 x 175 x 10.2 mm (9.69 x 6.89 x 0.40 in),16GB 1GB RAM,microUSB,,GPS,FM radio,HSDPA 850 / 1900 / 2100,,Yes,"Li-Po 6000 mAh, non-removable",,"Accelerometer, proximity",
HDMI port,,1.5 GHz,,1.3 MP,Up to 250 h,Yes,No,,Android 4.2.2 (Jelly Bean),,,Yes,,No,"2 MP, AF",310 g (10.93 oz),,,Discontinued,"Wi-Fi 802.11 a/b/g/n, dual-band",,N/A,,"600 x 1024 pixels, 16:9 ratio (~170 ppi density)",,microSDHC (dedicated slot),,,No,,2013. Released 2013,,No cellular connectivity,,Plum,,,https://fdn2.gsmarena.com/vv/bigpic/plum-link-ii.jpg,"7.0 inches, 137.9 cm2(~65.3% screen-to-body ratio)",Plum Link II,,"Black, White",TFT,,No,188.1 x 112.2 x 10.1 mm (7.41 x 4.42 x 0.40 in),8GB 1GB RAM,microUSB,No,No,No,,,Yes,"Li-Ion 3000 mAh, non-removable",,Accelerometer,
Flashlight,LED flash,Quad-core 1.2 GHz Cortex-A7,,2 MP,Up to 400 h,Yes,"2.1, A2DP, EDR",,Android 4.2 (Jelly Bean),,,Yes,,Dual SIM (Mini-SIM),"8 MP, AF",150 g (5.29 oz),Mediatek MT6589 (28 nm),,Discontinued,"Wi-Fi 802.11 a/b/g/n, dual-band, hotspot",,GSM 850 / 900 / 1800 / 1900 - SIM 1 & SIM 2,,"1080 x 1920 pixels, 16:9 ratio (~441 ppi density)",Up to 12 h,microSDHC (dedicated slot),,HSPA,No,,"2013, May. Released 2013, June",,GSM / HSPA,,Plum,,PowerVR SGX544,https://fdn2.gsmarena.com/vv/bigpic/plum-volt.jpg,"5.0 inches, 68.9 cm2(~70.8% screen-to-body ratio)",Plum Volt 3G,,Black/White,IPS LCD,,,141 x 69 x 9 mm (5.55 x 2.72 x 0.35 in),4GB 1GB RAM,miniUSB 2.0,,GPS,FM radio,HSDPA 850 / 2100 - SIM 1,,1080p@30fps,"Li-Ion 2000 mAh, removable",,"Accelerometer, proximity",
GSM 850 / 900 / 1800 / 1900 - SIM 2,,,,,Up to 190 h,Yes,"2.1, A2DP, EDR",Yes,,Analog TVMP3/WAV/AAC playerMP4/H.264 playerOrganizerVoice memoPredictive text input,,No,,Dual SIM (Mini-SIM),1.3 MP,65 g (2.29 oz),,Yes,Discontinued,No,,GSM 850 / 900 / 1800 / 1900 - SIM 1,,"240 x 400 pixels, 5:3 ratio (~170 ppi density)",Up to 6 h,microSDHC (dedicated slot),,,No,,"2013, May. Released 2013, June",,GSM,No,Plum,,,https://fdn2.gsmarena.com/vv/bigpic/plum-mouse.jpg,"2.75 inches, 21.5 cm2(~32.3% screen-to-body ratio)",Plum Mouse,"SMS, MMS, IM","Black, Red, Pink, Blue",TFT resistive touchscreen,500 entries,Class 12,113 x 59 x 16.5 mm (4.45 x 2.32 x 0.65 in),128MB 64MB RAM,microUSB,Class 12,No,FM radio,,,Yes,"Li-Ion 950 mAh, removable",,,Yes
GSM 850 / 900 / 1800 / 1900 - SIM 2,,,,,Up to 160 h,Yes,"2.1, A2DP, EDR",Yes,,TVMP3/WAV/AAC playerMP4/H.263 playerOrganizerVoice memoPredictive text input,,nO,,Dual SIM (Mini-SIM),1.3 MP,118 g (4.16 oz),,Yes,Discontinued,No,,GSM 850 / 900 / 1800 / 1900 - SIM 1,,"240 x 320 pixels, 4:3 ratio (~167 ppi density)",Up to 5 h,microSDHC (dedicated slot),,,No,,"2013, May. Released 2013, June",,GSM,No,Plum,,,https://fdn2.gsmarena.com/vv/bigpic/plum-dazzle.jpg,"2.4 inches, 17.8 cm2(~30.1% screen-to-body ratio)",Plum Dazzle,"SMS, MMS, IM","Black, Red, White, Blue",TFT,500 entries,Class 12,109.2 x 54.2 x 12.4 mm (4.30 x 2.13 x 0.49 in),64MB 64MB RAM,Proprietary,Class 10,No,FM radio,,,Yes,"Li-Ion 800 mAh, removable",,,No
GSM 850 / 900 / 1800 / 1900 - SIM 2,,,,,Up to 640 h,Yes,2.0,Yes,,No,MP3/WAV/AAC playerMP4/H.263 playerOrganizerVoice memoPredictive text input,Yes,,Dual SIM (Mini-SIM),1.3 MP,140 g (4.94 oz),,Yes,Discontinued,No,,GSM 850 / 900 / 1800 / 1900 - SIM 1,,176 x 220 pixels (~141 ppi density),Up to 9 h,microSDHC (dedicated slot),,,No,,"2013, May. Released 2013, June",,GSM,IP67 dust/water resistant (up to 1m for 30 min)Flashlight,Plum,,,https://fdn2.gsmarena.com/vv/bigpic/plum-ram.jpg,"2.0 inches, 12.6 cm2(~20.0% screen-to-body ratio)",Plum Ram,"SMS, MMS","Black, Orange, Red","TFT, 256K colors","500 entries, Photocall",Class 12,119 x 53 x 20 mm (4.69 x 2.09 x 0.79 in),64MB 32MB RAM,microUSB,Class 12,No,FM radio,,,Yes,"Li-Ion 1700 mAh, removable",,,No
HSDPA 850 / 1700,,Dual-core 1.2 GHz Cortex-A9,,1.3 MP,Up to 420 h,Yes,"4.0, A2DP",,Android 4.1.2 (Jelly Bean),,,Yes,,Dual SIM,3.15 MP,-,Mediatek MT6577 (40 nm),,Discontinued,Wi-Fi 802.11 b/g,,GSM 850 / 900 / 1800 / 1900 - SIM 1 & SIM 2,,"600 x 1024 pixels, 16:9 ratio (~170 ppi density)",Up to 7 h,microSDHC (dedicated slot),,HSPA 7.2/5.76 Mbps,No,,"2013, February. Released 2013, April",,GSM / HSPA,TV,Plum,,PowerVR SGX531u,https://fdn2.gsmarena.com/vv/bigpic/plum-z710.jpg,"7.0 inches, 137.9 cm2",Plum Z710,,"Black, White","TFT, 256K colors",,,-,16GB 1GB RAM,miniUSB,,GPS,FM radio,HSDPA 850 / 2100,,Yes,"Li-Ion 3000 mAh, non-removable",,"Accelerometer, proximity, compass",
HSDPA 850 / 1700,LED flash,1.0 GHz Cortex-A9,,,Up to 200 h,Yes,"4.0, A2DP",,Android 4.0 (Ice Cream Sandwich),,,Yes,,Dual SIM,"2 MP, AF",103 g (3.63 oz),Mediatek MT6575 (40 nm),,Discontinued,Wi-Fi 802.11 b/g,,GSM 850 / 900 / 1800 / 1900 - SIM 1 & SIM 2,,"320 x 480 pixels, 3:2 ratio (~165 ppi density)",Up to 5 h,microSDHC (dedicated slot),,HSPA 7.2/5.76 Mbps,No,,"2013, February. Released 2013, April",,GSM / HSPA,No,Plum,,PowerVR SGX531,https://fdn2.gsmarena.com/vv/bigpic/plum-trigger.jpg,"3.5 inches, 36.5 cm2(~50.7% screen-to-body ratio)",Plum Trigger,,"Black, White","TFT, 256K colors",,,117 x 61.5 x 11.6 mm (4.61 x 2.42 x 0.46 in),512MB 256MB RAM,miniUSB,,GPS,FM radio,HSDPA 850 / 2100,,Yes,"Li-Ion 1350 mAh, removable",,"Accelerometer, proximity, compass",
,LED flash,1.0 GHz,,1.3 MP,Up to 200 h,Yes,2.1,,Android 2.3.5 (Gingerbread),,,Yes,,Dual SIM,"5 MP, AF",105 g (3.70 oz),,,Discontinued,Wi-Fi 802.11 b/g,,GSM 850 / 900 / 1800 / 1900 - SIM 1 & SIM 2,,"320 x 480 pixels, 3:2 ratio (~165 ppi density)",Up to 6 h,microSDHC (dedicated slot),,,No,,"2013, February. Released 2013, April",,GSM,,Plum,,,https://fdn2.gsmarena.com/vv/bigpic/plum-glow.jpg,"3.5 inches, 36.5 cm2(~53.0% screen-to-body ratio)",Plum Glow,,"Black, White","TFT, 256K colors",,Class 12,112 x 61.5 x 12.9 mm (4.41 x 2.42 x 0.51 in),512MB 256MB RAM,miniUSB,Class 12,GPS,FM radio,,,Yes,"Li-Ion 1500 mAh, removable",,"Accelerometer, proximity, compass",
GSM 850 / 900 / 1800 / 1900 - SIM 2,,,,,Up to 200 h,Yes,2.0,No,,"MSN, Facebook, Yahoo, TwitterMP3/WAV/WMA playerMP4/H.263 playerOrganizerPredictive text input",,No,,Dual SIM,1.3 MP,47 g without battery (1.66 oz),,Yes,Discontinued,No,,GSM 850 / 900 / 1800 / 1900 - SIM 1,,"240 x 160 pixels, 3:2 ratio (~200 ppi density)",Up to 6 h,microSDHC (dedicated slot),,,No,,"2013, February. Released 2013, April",,GSM,No,Plum,,,https://fdn2.gsmarena.com/vv/bigpic/plum-panther.jpg,"1.44 inches, 6.2 cm2(~19.8% screen-to-body ratio)",Plum Panther,"SMS, MMS","White, Black, Red",TFT,Yes,Yes,80.9 x 38.6 x 21.5 mm (3.19 x 1.52 x 0.85 in),"64MB ROM, 32MB RAM",microUSB,No,No,FM radio,,,Yes @10fps,"Li-Ion 750 mAh, removable",,,No
UMTS 850  / 1700,LED flash,650 MHz,,1.3 MP,Up to 250 h,Yes,"4.0, A2DP",Yes,,,,Yes,,Dual SIM,3.15 MP,125 g (4.41 oz),Mediatek MT6276,Yes,Discontinued,Wi-Fi 802.11 b/g,,GSM 850 / 900 / 1800 / 1900 - SIM 1 & SIM 2,,"320 x 240 pixels, 4:3 ratio (~167 ppi density)",Up to 7 h,microSDHC (dedicated slot),,HSPA 7.2/5.76 Mbps,No,,"2013, February. Released 2013, April",,GSM / UMTS / HSPA,MP4/H.264 playerMP3/WAV/eAAC+ playerOrganizerDocument viewerPhoto editorVoice memo/dialPredictive text input,Plum,,,https://fdn2.gsmarena.com/vv/bigpic/plum-caliber-ii.jpg,"2.4 inches, 17.8 cm2(~29.8% screen-to-body ratio)",Plum Caliber II,"SMS, MMS, Email, IM","Black, White","TFT, 256K colors",Yes,,116 x 51.6 x 13.5 mm (4.57 x 2.03 x 0.53 in),1GB 512MB RAM,,,GPS,Stereo FM radio,HSDPA 850 / 2100,,Yes,"Li-Ion 1500 mAh, removable",,,Yes
GSM 850 / 900 / 1800 / 1900 - SIM 2,,,,,Up to 200 h,Yes,2.0,Yes,,No,"MSN, Facebook, Yahoo, TwitterMP3/WAV/WMA playerMP4/H.263 playerOrganizerPredictive text input",No,QWERTY,Dual SIM (Mini-SIM),1.3 MP,89 g (3.14 oz),Mediatek MT6250,Yes,Discontinued,No,,GSM 850 / 900 / 1800 / 1900 - SIM 1,,"160 x 120 pixels, 4:3 ratio (~111 ppi density)",Up to 4 h,microSDHC (dedicated slot),,,No,,"2012, September. Released 2012, October",,GSM,Flashlight,Plum,,,https://fdn2.gsmarena.com/vv/bigpic/plum-p110.jpg,"1.8 inches, 10.0 cm2(~24.2% screen-to-body ratio)",Plum Signal,"SMS, MMS, Email, IM","White, Blue, Pink, Green, Red",TFT,Yes,Class 10,92 x 45 x 17.5 mm (3.62 x 1.77 x 0.69 in),"32MB ROM, 32MB RAM",microUSB,No,No,Stereo FM radio,,,@10fps,"Li-Ion 800 mAh, removable (BL-4U)",,,No
GSM 850 / 900 / 1800 / 1900 - SIM 2,LED flash,,,,Up to 600 h,Yes,2.0,Yes,,No,"Analog TVMSN, Facebook, Yahoo, TwitterMP3/WAV/WMA playerMP4/H.263 playerOrganizerPredictive text input",No,,Dual SIM (Mini-SIM),1.3 MP,93 g (3.28 oz),,Yes,Discontinued,No,,GSM 850 / 900 / 1800 / 1900 - SIM 1,,"240 x 320 pixels, 4:3 ratio (~200 ppi density)",Up to 5 h,microSDHC (dedicated slot),,,No,,"2012, November. Released 2012, December",,GSM,Shock and splash resistant,Plum,,,https://fdn2.gsmarena.com/vv/bigpic/plum-e100.jpg,"2.0 inches, 12.4 cm2(~20.2% screen-to-body ratio)",Plum Hammer,"SMS, MMS, IM","Black, Orange, Camouflage","TFT, 65K colors",Yes,Class 10,116 x 52.8 x 19.8 mm (4.57 x 2.08 x 0.78 in),"64MB ROM, 32MB RAM",microUSB,No,No,Stereo FM radio,,,320p@10fps,"Li-Ion 1500 mAh, removable",,,No
GSM 850 / 900 / 1800 / 1900 - SIM 2,,,,,Up to 160 h,Yes,2.0,No,,"Analog TVMSN, Facebook, YahooMP3/WAV/WMA playerMP4/H.263 playerOrganizerPredictive text input",,No,,Dual SIM (Mini-SIM),1.3 MP,82 g (2.89 oz),,Yes,Discontinued,No,,GSM 850 / 900 / 1800 / 1900 - SIM 1,,128 x 160 pixels (~102 ppi density),Up to 4 h,microSDHC (dedicated slot),,,No,,"2012, September. Released 2012, December",,GSM,No,Plum,,,https://fdn2.gsmarena.com/vv/bigpic/plum-d105.jpg,"2.0 inches, 12.6 cm2(~30.4% screen-to-body ratio)",Plum Flipper,"SMS, MMS","Black, Blue, Red","TFT, 65K colors",Yes,Yes,92 x 45 x 17.5 mm (3.62 x 1.77 x 0.69 in),"32MB ROM, 32MB RAM",miniUSB,No,No,Stereo FM radio,,,Yes @10fps,"Li-Ion 800 mAh, removable (BL-4U)",,,No
MP4/H.264 playerMP3/WAV/eAAC+ playerOrganizerDocument viewerPDF ViewerOfficePhoto editorVoice memo/dialPredictive text input,,1.4 GHz Scorpion,,1.3 MP,Up to 200 h,Yes,"2.0, A2DP, EDR",,Android 4.0 (Ice Cream Sandwich),,,Yes,,Mini-SIM,5 MP,388 g (13.69 oz),Qualcomm MSM8255 Snapdragon S2,,Discontinued,"Wi-Fi 802.11 b/g, hotspot",,GSM 850 / 900 / 1800 / 1900,,"600 x 1024 pixels, 16:9 ratio (~170 ppi density)",Up to 12 h,"microSDHC (dedicated slot), 32 GB included",,HSPA 7.2/5.76 Mbps,,,"2012, May. Released 2012, May",,GSM / HSPA,,Plum,,Adreno 205,https://fdn2.gsmarena.com/vv/bigpic/plum-debut-new.jpg,"7.0 inches, 137.9 cm2(~57.5% screen-to-body ratio)",Plum Debut,,"Black, White",TFT,,,200 x 120 x 8.9 mm (7.87 x 4.72 x 0.35 in),4GB 512MB RAM,microUSB 2.0,,GPS,Stereo FM radio,HSDPA 850 / 1900 / 2100,,Yes,Non-removable Li-Ion 4250 mAh battery,,Accelerometer,
No,,1.2 GHz,,,Up to 120 h,Yes,No,,Android 4.0 (Ice Cream Sandwich),,,Yes,,No,1.3 MP,260 g (9.17 oz),,,Discontinued,Wi-Fi 802.11 b/g,,N/A,,"480 x 800 pixels, 5:3 ratio (~133 ppi density)",Up to 8 h,microSDHC (dedicated slot),,,No,,"2012, August. Released 2012, October",,No cellular connectivity,MP4/H.264 playerMP3/WAV/eAAC+ playerDocument viewer,Plum,,,https://fdn2.gsmarena.com/vv/bigpic/plum-link.jpg,"7.0 inches, 139.5 cm2(~60.2% screen-to-body ratio)",Plum Link,,"Black, White","TFT, 256K colors",,No,193 x 120 x 11 mm (7.60 x 4.72 x 0.43 in),4GB 512MB RAM,miniUSB 2.0,No,No,No,,,Yes,"Li-Ion 2800 mAh, non-removable",,Accelerometer,
HSDPA 850 / 1900,LED flash,1.0 GHz Cortex-A9,,1.3 MP,Up to 720 h,Yes,"2.0, A2DP, EDR",,Android 4.0 (Ice Cream Sandwich),,,Yes,,Dual SIM (Mini-SIM),"5 MP, AF",180 g (6.35 oz),Mediatek MT6575 (40 nm),,Discontinued,"Wi-Fi 802.11 b/g, hotspot",,GSM 850 / 900 / 1800 / 1900 - SIM 1 & SIM 2,,"480 x 800 pixels, 5:3 ratio (~176 ppi density)",Up to 7 h,microSDHC (dedicated slot),,HSPA 7.2/5.76 Mbps,,,"2012, May. Released 2012, May",,GSM / HSPA,MP4/H.264 playerMP3/WAV/eAAC+ playerOrganizerDocument viewerPDF ViewerOfficePhoto editorVoice memo/dialPredictive text input,Plum,,PowerVR SGX531,https://fdn2.gsmarena.com/vv/bigpic/plum-might-new.jpg,"5.3 inches, 80.0 cm2(~66.0% screen-to-body ratio)",Plum Might,,"Black, White","TFT, 256K colors",,,147 x 82.4 x 10.5 mm (5.79 x 3.24 x 0.41 in),1GB 512MB RAM,miniUSB 2.0,,"GPS, A-GPS",Stereo FM radio,HSDPA 850 / 2100,,Yes,Removable Li-Ion 2500 mAh battery,,"Accelerometer, proximity",
HSDPA 1900 / 2100,LED flash,1.0 GHz Cortex-A9,,VGA,Up to 200 h,Yes,2.1,,Android 4.0 (Ice Cream Sandwich),,,Yes,,Dual SIM (Mini-SIM),"5 MP, AF",98 g (3.46 oz),Mediatek MT6575 (40 nm),,Discontinued,"Wi-Fi 802.11 b/g, Mi-Fi hotspot",,GSM 850 / 900 / 1800 / 1900 - SIM 1 & SIM 2,,"480 x 800 pixels, 5:3 ratio (~233 ppi density)",Up to 5 h,microSDHC (dedicated slot),,HSPA,,,"2012, May. Released 2012, May",,GSM / HSPA,MP4/H.264 playerMP3/WAV/eAAC+ playerOrganizerDocument viewerPhoto editorVoice memo/dialPredictive text input,Plum,,PowerVR SGX531,https://fdn2.gsmarena.com/vv/bigpic/plum-axe.jpg,"4.0 inches, 45.5 cm2(~58.7% screen-to-body ratio)",Plum Axe,,"Black, White","TFT, 256K colors",,,122 x 63.6 x 10.4 mm (4.80 x 2.50 x 0.41 in),4GB 512MB RAM,miniUSB,,"GPS, A-GPS",Stereo FM radio,HSDPA 850 / 2100,,Yes,Removable Li-Ion 1400 mAh battery,,"Accelerometer, proximity, compass",
HSDPA 850 / 1900,LED flash,650 MHz Cortex-A9,,1.3 MP,Up to 120 h,Yes,"2.0, A2DP, EDR",,Android 2.3 (Gingerbread),,,Yes,,Dual SIM (Mini-SIM),3.15 MP,98 g (3.46 oz),Mediatek MT6573 (65 nm),,Discontinued,"Wi-Fi 802.11 b/g/n, DLNA, hotspot",,GSM 850 / 900 / 1800 / 1900 - SIM 1 & SIM 2,,"320 x 480 pixels, 3:2 ratio (~165 ppi density)",Up to 5 h,microSDHC (dedicated slot),,HSPA 7.2/5.76 Mbps,,,"2012, May. Released 2012, May",,GSM / HSPA,Analog TVMP4/H.264 playerMP3/WAV/eAAC+ playerOrganizerDocument viewerPDF viewerPhoto editorVoice memo/dialPredictive text input,Plum,,PowerVR SGX531,https://fdn2.gsmarena.com/vv/bigpic/plum-capacity.jpg,"3.5 inches, 36.5 cm2(~49.9% screen-to-body ratio)",Plum Capacity,,"Black, Red",TFT,,,118 x 62 x 12 mm (4.65 x 2.44 x 0.47 in),512MB 256MB RAM,microUSB 2.0,,"GPS, A-GPS",Stereo FM radio,HSDPA 850 / 2100,,Yes,Removable Li-Ion 1200 mAh battery,,"Accelerometer, proximity, compass",
HSDPA 850 / 1900 - SIM 1,,,,,Up to 250 h,Yes,"2.1, A2DP",,Android 2.2 (Froyo),MP4/H.264 playerMP3/WAV/eAAC+ playerOrganizerDocument editorPhoto editorVoice memo/dialMP4/WMV/H.264 playerMP3/WAV/WMA/AAC playerOrganizerPhoto/video editorVoice memoPredictive text input,,Yes,,"Dual SIM (Mini-SIM, dual stand-by)",2 MP,92 g (3.25 oz),,,Discontinued,"Wi-Fi 802.11 b/g, hotspot",,GSM 850 / 900 / 1800 / 1900 - SIM 1 & SIM 2,,"240 x 320 pixels, 4:3 ratio (~143 ppi density)",Up to 6 h,microSDHC (dedicated slot),,"Yes, 384 kbps",,,"2012, February. Released 2012, March",,GSM / HSPA,No,Plum,,,https://fdn2.gsmarena.com/vv/bigpic/plum-wicked-new.jpg,"2.8 inches, 24.3 cm2(~38.1% screen-to-body ratio)",Plum Wicked,,"Black, White",TFT resistive touchscreen,,,110 x 58 x 13.4 mm (4.33 x 2.28 x 0.53 in),512MB 256MB RAM,microUSB 2.0,,"GPS, A-GPS",FM radio,HSDPA 850 / 2100 - SIM 1,,320p@30fps,Removable Li-Ion 1000 mAh battery,,"Accelerometer, compass",
HSDPA 1900 / 2100,,800 MHz Cortex-A9,,VGA,Up to 150 h,Yes,"2.0, A2DP, EDR",,Android 2.3.5 (Gingerbread),,,No,,Dual SIM (Mini-SIM),3.15 MP,90 g (3.17 oz),Mediatek MT6573 (65 nm),,Discontinued,Wi-Fi 802.11 b/g/n,,GSM 850 / 900 / 1800 / 1900 - SIM 1 & SIM 2,,"320 x 480 pixels, 3:2 ratio (~180 ppi density)",Up to 4 h,microSDHC (dedicated slot),,HSPA,,,"2012, May. Released 2012, May",,GSM / HSPA,MP4/H.264 playerMP3/WAV/eAAC+ playerOrganizerDocument viewerPhoto editorVoice memo/dialPredictive text input,Plum,,PowerVR SGX531,https://fdn2.gsmarena.com/vv/bigpic/plum-flix.jpg,"3.2 inches, 30.5 cm2(~49.5% screen-to-body ratio)",Plum Flix,,Black,TFT,,,108 x 57 x 14.5 mm (4.25 x 2.24 x 0.57 in),"512MB RAM, 256MB",microUSB 2.0,,GPS,FM radio,HSDPA 850 / 2100,,Yes,Removable Li-Ion 1200 mAh battery,,"Accelerometer, proximity",
No,LED flash,416 MHz,,,Up to 300 h,Yes,2.0,,Android 2.3.1 (Gingerbread),,,Yes,,Dual SIM (Mini-SIM),2 MP,92 g (3.25 oz),Mediatek MT6516,,Discontinued,"Wi-Fi 802.11 b/g/n, hotspot",,GSM 850 / 900 / 1800 / 1900 - SIM 1 & SIM 2,,"240 x 400 pixels, 5:3 ratio (~146 ppi density)",Up to 8 h,microSDHC (dedicated slot),,HSPA 7.2/5.76 Mbps,,,"2012, May. Released 2012, May",,GSM,Analog TVMP4/H.264 playerMP3/WAV/eAAC+ playerOrganizerDocument viewerPhoto editorVoice memo/dialPredictive text input,Plum,,,https://fdn2.gsmarena.com/vv/bigpic/plum-orbit.jpg,"3.2 inches, 29.1 cm2(~48.9% screen-to-body ratio)",Plum Orbit,,"Black, White, Pink",TFT resistive touchscreen,,Class 12,104 x 57.3 x 11 mm (4.09 x 2.26 x 0.43 in),,microUSB 2.0,Yes,"GPS, A-GPS",FM radio,,,Yes,Removable Li-Ion 1100 mAh battery,,Accelerometer,
2.5 mm audio jack,LED flash,416 MHz,,Yes,Up to 200 h,Yes,"2.0, A2DP",,Android 2.2 (Froyo),,,No,QWERTY,"Dual SIM (Mini-SIM, dual stand-by)",2 MP,135 g (4.76 oz),Mediatek MT6516,,Discontinued,Wi-Fi 802.11 b/g,,GSM 850 / 900 / 1800 / 1900 - SIM 1 & SIM 2,,"320 x 240 pixels, 4:3 ratio (~154 ppi density)",Up to 6 h,microSDHC (dedicated slot),,,,,"2011, September. Released 2011, September",,GSM,Analog TVMP3/WAV/eAAC+ playerMP4/H.264 playerOrganizerDocument viewerPhoto viewer/editorVoice memoPredictive text input,Plum,,,https://fdn2.gsmarena.com/vv/bigpic/plum-velocity.jpg,"2.6 inches, 20.9 cm2(~29.5% screen-to-body ratio)",Plum Velocity,,"Black, White",TFT resistive touchscreen,,Class 12,113.5 x 62.5 x 12.6 mm (4.47 x 2.46 x 0.50 in),512MB 256MB RAM,microUSB 2.0,Class 12,"GPS, A-GPS",FM radio,,,720p@30fps,Removable Li-Ion 800 mAh battery (BL-5K),,,
GSM 850 / 900 / 1800 / 1900 - SIM 2,LED flash,650 MHz Cortex-A9,,1 MP,Up to 260 h,Yes,"2.1, A2DP, EDR",Yes,,Flashlight,"MSN, Facebook applicationsMP3/WAV/AAC playerMP4/H.264 playerOrganizerVoice memoPredictive text input",Yes,,"Dual SIM (Mini-SIM, dual stand-by)",2 MP,90 g (3.17 oz),Mediatek MT6573 (65 nm),Yes,Discontinued,No,,GSM 850 / 900 / 1800 / 1900 - SIM 1,,"240 x 320 pixels, 4:3 ratio (~182 ppi density)",Up to 5 h,microSDHC (dedicated slot),,384 Kbps,,,"2011, September. Released 2011, September",,GSM / HSPA,HSDPA 850 / 1900 - SIM 1 only,Plum,,PowerVR SGX531,https://fdn2.gsmarena.com/vv/bigpic/plum-caliber.jpg,"2.2 inches, 15.0 cm2(~28.6% screen-to-body ratio)",Plum Caliber,"SMS, MMS, Email, IM","Black, Red, White",TFT,"1000 entries, Photocall",,107 x 49 x 14.1 mm (4.21 x 1.93 x 0.56 in),"512MB ROM, 256MB RAM",microUSB,,No,Stereo FM radio,HSDPA 850 / 2100 - SIM 1 only,,Yes,Removable Li-Ion 1050 mAh battery (BL-5C),,,Yes
HSDPA 850 / 1900,,,,,Up to 230 h,Yes,2.1,Yes,,2.5 mm audio jack,MP4/H.264 playerMP3/WAV/eAAC+ playerOrganizerDocument editorPhoto editorE-book readerVoice memo/dial,No,,Mini-SIM,,106 g (3.74 oz),Mediatek MT6276,Yes,Discontinued,"Wi-Fi 802.11 b/g, Mi-Fi hotspot",,GSM 850 / 900 / 1800 / 1900,,"160 x 240 pixels, 3:2 ratio (~163 ppi density)",Up to 3 h,microSDHC (dedicated slot),,HSPA 7.2/5.76 Mbps,,,"2012, February. Released 2012, August",,GSM / HSPA,No,Plum,,,https://fdn2.gsmarena.com/vv/bigpic/plum-switch.jpg,"1.77 inches, 9.3 cm2(~23.8% screen-to-body ratio)",Plum Switch,"SMS(threaded view), MMS, Email, Push Email, IM","Black, Blue, Green, White",TFT,Yes,,106.1 x 37 x 13.8 mm (4.18 x 1.46 x 0.54 in),"1GB ROM, 512MB RAM",2.0,,No,FM radio,HSDPA 850 / 2100,,,Removable Li-Ion 430 mAh battery,,,"Yes, MIDP 2.0"
GSM 850 / 900 / 1800 / 1900 - SIM 2,LED flash,208 MHz MTK 6235,,VGA,Up to 400 h,Yes,Yes,Yes,,"Analog TVMSN, Facebook, Yahoo, Twitter applicationsMP3/WAV/WMA playerMP4/H.263 playerOrganizerPredictive text input",,Yes,QWERTY,"Dual SIM (Mini-SIM, dual stand-by)",VGA,93.4 g (3.28 oz),,Yes,Discontinued,Wi-Fi 802.11 b/g/n,,GSM 850 / 900 / 1800 / 1900 - SIM 1,,"320 x 240 pixels, 4:3 ratio (~157 ppi density)",Up to 3 h 30 min,microSDHC (dedicated slot),,,,,"2011, September. Released 2011, September",,GSM,Flashlight,Plum,,,https://fdn2.gsmarena.com/vv/bigpic/plum-galactic.jpg,"2.55 inches, 20.1 cm2(~29.3% screen-to-body ratio)",Plum Galactic,"SMS, MMS, Email, IM","Black blue, black orange, black purple, white blue, white orange, white purple",TFT,300 contacts,Yes,118 x 58.3 x 13.7 mm (4.65 x 2.30 x 0.54 in),1GB 256MB RAM,microUSB,Yes,No,Stereo FM radio,,,Yes,Removable Li-Ion 900 mAh battery (BL-5F),,,Yes
Flashlight,LED flash,200 MHz,,VGA,Up to 400 h,"Yes, with stereo speakers",Yes,Yes,,,,No,QWERTY,"Dual SIM (Mini-SIM, dual stand-by)",1.3 MP,93.4 g (3.28 oz),Mediatek MT6235,Yes,Discontinued,Wi-Fi 802.11 b/g/n,,GSM 850 / 900 / 1800 / 1900 - SIM 1 & SIM 2,,"240 x 320 pixels, 4:3 ratio (~143 ppi density)",Up to 4 h,microSDHC (dedicated slot),,,,,"2011, September. Released 2011, September",,GSM,"MSN, Facebook, Yahoo, TwitterAnalog TVMP3/WAV playerMP4/H.263 playerPredictive text input",Plum,,,https://fdn2.gsmarena.com/vv/bigpic/plum-tracer.jpg,"2.8 inches, 24.3 cm2(~35.3% screen-to-body ratio)",Plum Tracer II,"SMS, MMS, Email","Black, white, red",TFT resistive touchscreen,300 entries,Yes,118 x 58.3 x 13.7 mm (4.65 x 2.30 x 0.54 in),"512MB ROM, 256MB RAM",microUSB,Yes,No,FM radio,,,Yes,Removable Li-Ion 900 mAh battery (BL-5F),,,Yes
No,,,,,Up to 350 h,Yes,2.0,Yes,,,,Yes,,Dual SIM (Mini-SIM),1.3 MP,90 g (3.17 oz),,Yes,Discontinued,No,,GSM 850 / 900 / 1800 / 1900 - SIM 1 & SIM 2,,"240 x 320 pixels, 4:3 ratio (~154 ppi density)",Up to 6 h,microSDHC (dedicated slot),,,,,"2012, August. Released 2012, September",,GSM,"TVEbuddy, Facebook, Yahoo, TwitterMP4/AVI/3GP playerMP3/WAV/WMA playerOrganizerTouch screenVoice memo/dial",Plum,,,https://fdn2.gsmarena.com/vv/bigpic/plum-geo.jpg,"2.6 inches, 20.9 cm2(~33.5% screen-to-body ratio)",Plum Geo,"SMS, MMS, Email, IM","Black, White, Silver",TFT resistive touchscreen,Yes,Class 10,106.9 x 58.4 x 15.5 mm (4.21 x 2.30 x 0.61 in),"64MB ROM, 32MB RAM",microUSB,No,No,Stereo FM radio,,,Yes,Removable Li-Ion 1050 mAh battery,,,No
Analog TVMP3/WAV/eAAC+/WMA/FLAC playerMP4/H.263 playerVoice memo/dial/commandPredictive text input,LED flash,MT 6253 chipset,,VGA,Up to 400 h,Yes,Yes,Yes,,,,No,,"Dual SIM (Mini-SIM, dual stand-by)",1.3 MP,126 g (4.44 oz),,Yes,Discontinued,No,,GSM 850 / 900 / 1800 / 1900 - SIM 1 & SIM 2,,"240 x 400 pixels, 5:3 ratio (~167 ppi density)",Up to 6 h,microSDHC (dedicated slot),"English, Spanish, Portuguese, French",,,,"2011, August. Released 2011, September",,GSM,,Plum,,,https://fdn2.gsmarena.com/vv/bigpic/plum-tingle.jpg,"2.8 inches, 22.3 cm2(~33.8% screen-to-body ratio)",Plum Tingle,"SMS, MMS","Red, Black, Blue, Magenta","TFT, 256K colors",500 entries,Class 12,113.7 x 58 x 12.8 mm (4.48 x 2.28 x 0.50 in),"128MB ROM, 64MB RAM",microUSB 2.0,Class 12,No,FM radio,,,Yes,Removable Li-Ion 1100 mAh battery (BL-4L),,,Yes
GSM 850 / 900 / 1800 / 1900 - SIM 3,LED flash,,,VGA,Up to 600 h,Yes,1.2,Yes,,2.5 mm audio jack,"Analog TVMSN, Facebook, Yahoo, Twitter applicationsMP3/WAV/WMA playerMP4/H.263 playerOrganizerPredictive text input",No,QWERTY,Triple SIM (Mini-SIM),1.3 MP,91 g (3.21 oz),,Yes,Discontinued,No,,GSM 850 / 900 / 1800 / 1900 - SIM 1 & SIM 2,,220 x 176 pixels (~141 ppi density),Up to 5 h,microSDHC (dedicated slot),,,,,"2011, July. Released 2011, July",,GSM,Flashlight,Plum,,,https://fdn2.gsmarena.com/vv/bigpic/plum-genius.jpg,"2.0 inches, 12.6 cm2(~19.7% screen-to-body ratio)",Plum Genius,"SMS, MMS, IM","Orange, Green, Orchid, Yellow, Sky Blue","TFT, 65K colors",200 entries,Class 10,110 x 58 x 13.9 mm (4.33 x 2.28 x 0.55 in),"64MB ROM, 32MB RAM",microUSB,No,No,Stereo FM radio,,,320p@10fps,Removable Li-Ion 1200 mAh battery (BL-4L),,,No
GSM 850 / 900 / 1800 / 1900 - SIM 2,LED flash,,,,Up to 400 h,Yes,2.0,Yes,,No,2.5 mm audio jack,No,QWERTY,"Dual SIM (Mini-SIM, dual stand-by)",1.3 MP,91 g (3.21 oz),,Yes,Discontinued,No,,GSM 850 / 900 / 1800 / 1900 - SIM 1,,220 x 176 pixels (~141 ppi density),Up to 4 h,microSDHC (dedicated slot),"English, Spanish, Portuguese, French",,,,"2011, January. Released 2011, January",,GSM,Flashlight,Plum,,,https://fdn2.gsmarena.com/vv/bigpic/plum-blast.jpg,"2.0 inches, 12.6 cm2(~19.5% screen-to-body ratio)",Plum Blast,"SMS, MMS, Email, IM","White, Yellow, Light Blue, Pink, Green, Dark Red",TFT,200 entries,Class 10,112.2 x 57.6 x 13.4 mm (4.42 x 2.27 x 0.53 in),"64MB ROM, 32MB RAM",microUSB,No,No,Stereo FM radio,,,@10fps,Removable Li-Ion 800 mAh battery (BL-4U),"Analog TVMSN, Facebook, Yahoo, Twitter applicationsMP3/WAV/WMA playerMP4/H.263 playerOrganizerPredictive text input",,No
Flashlight,LED flash,,,,Up to 400 h,Yes,Yes,Yes,,"Analog TVMSN, Facebook, Yahoo, Twitter applicationsMP3/WAV playerMP4/H.263 player",,No,QWERTY,"Dual SIM (Mini-SIM, dual stand-by)",1.3 MP,63.8 g (2.22 oz),,Yes,Discontinued,No,,GSM 850 / 900 / 1800 / 1900 - SIM 1 & SIM 2,,"240 x 320 pixels, 4:3 ratio (~200 ppi density)",Up to 4 h,microSDHC (dedicated slot),,,,,"2011, September. Released 2011, September",,GSM,No,Plum,,,https://fdn2.gsmarena.com/vv/bigpic/plum-whiz.jpg,"2.0 inches, 12.4 cm2(~19.5% screen-to-body ratio)",Plum Whiz,"SMS, MMS, Email, IM","Black, Red, Blue, White",TFT,300 entries,Yes,111.4 x 57.1 x 16.1 mm (4.39 x 2.25 x 0.63 in),"64MB ROM, 32MB RAM",microUSB,No,No,FM radio,,,Yes,Removable Li-Ion 1000 mAh battery (BL-4L),,,No
GSM 850 / 900 / 1800 / 1900 - SIM 2,,,,,Up to 400 h,Yes,1.2,Yes,,No,2.5 mm audio jack,No,QWERTY,"Dual SIM (Mini-SIM, dual stand-by)",1.3 MP,83 g (2.93 oz),,Yes,Discontinued,No,,GSM 850 / 900 / 1800 / 1900 - SIM 1,,160 x 128 pixels (~116 ppi density),Up to 3 h,microSDHC (dedicated slot),"English, Spanish, Portuguise, French",,,,"2011, May. Released 2011, May",,GSM,Flashlight,Plum,,,https://fdn2.gsmarena.com/vv/bigpic/plum-stuby.jpg,"1.77 inches, 9.9 cm2(~21.8% screen-to-body ratio)",Plum Stubby,"SMS, MMS, Email","Black, white, Dark red, Silver, Yellow, Sky Blue, magenta, Violet, Green, Orange","TFT, 65K colors",500 entries,Class 10,103 x 44 x 15 mm (4.06 x 1.73 x 0.59 in),"64MB ROM, 32MB RAM",microUSB 2.0,No,No,FM radio,,,@10fps,Removable Li-Ion 800 mAh battery (BL-4C),"Ebuddy, Facebook, Yahoo, TwitterOrganizerMP4/3gp playerMP3/WMA/WAV playerPredictive text input",,No
Flashlight,,,,,Up to 500 h,Yes,Yes,Yes,,"Analog TVFacebook, Twitter, Yahoo, MSN, Ebuddy applicationsMusic/video player",,No,QWERTY,"Dual SIM (Mini-SIM, dual stand-by)",1.3 MP,85 g (3.00 oz),,Yes,Discontinued,No,,GSM 850 / 900 / 1800 / 1900 - SIM 1 & SIM 2,,176 x 144 pixels (~114 ppi density),Up to 5 h,microSDHC (dedicated slot),,,,,"2011, October. Released 2011, November",,GSM,No,Plum,,,https://fdn2.gsmarena.com/vv/bigpic/plum-stubby-2.jpg,"2.0 inches, 12.6 cm2(~22.4% screen-to-body ratio)",Plum Stubby II,"SMS, MMS","Blue, Magenta, Orange, Green, Red",TFT,100 entries,Yes,100.6 x 56.2 x 12.5 mm (3.96 x 2.21 x 0.49 in),"32MB RAM, 32MB ROM",Proprietary,No,No,FM radio,,,Yes,Removable Li-Ion 800 mAh battery (BL-4C),,,No
GSM 850 / 900 / 1800 / 1900 - SIM 2,,,,,Up to 400 h,Yes,Yes,Yes,,"TV applicationEbuddy, Facebook, Yahoo, TwitterCalendarMP4/3gp playerMP3 player",,Yes,QWERTY,"Dual SIM (Mini-SIM, dual stand-by)",1.3 MP,90 g (3.17 oz),Mediatek MT6252,Yes,Discontinued,No,,GSM 850 / 900 / 1800 / 1900 - SIM 1,,144 x 176 pixels (~114 ppi density),Up to 5 h,microSDHC (dedicated slot),"English, Spanish, Portuguese, French",,,,"2011, May. Released 2011, September",,GSM,No,Plum,,,https://fdn2.gsmarena.com/vv/bigpic/plum-stryke.jpg,"2.0 inches, 12.6 cm2(~21.7% screen-to-body ratio)",Plum Strike,"SMS, MMS, Email","Black, white, red, blue, rose",TFT,500 entries,Yes,112 x 52 x 15 mm (4.41 x 2.05 x 0.59 in),"64MB ROM, 32MB RAM",microUSB,No,No,"FM radio, recording",,,Yes,Removable Li-Ion 800 mAh battery,,,No
No,,,,,Up to 600 h,Yes,Yes,Yes,,,,No,,"Dual SIM (Mini-SIM, dual stand-by)",1.3 MP,65.7 g (2.29 oz),,Yes,Discontinued,No,,GSM 850 / 900 / 1800 / 1900 - SIM 1 & SIM 2,,"240 x 320 pixels, 4:3 ratio (~226 ppi density)",Up to 5 h,microSDHC (dedicated slot),,,,,"2011, November. Released 2011, November",,GSM,"Facebook, Twitter, Yahoo, MSN, Skype applicationsMusic/video player",Plum,,,https://fdn2.gsmarena.com/vv/bigpic/plum-profile.jpg,"1.77 inches, 9.7 cm2(~22.9% screen-to-body ratio)",Plum Profile,"SMS(threaded view), MMS","Orange, Red, Blue, Green, Purple, Black (with black and white)",TFT,200 entries,Yes,94.2 x 45 x 18.5 mm (3.71 x 1.77 x 0.73 in),"32MB ROM, 32MB RAM",Proprietary,No,No,FM radio,,,Yes,Removable Li-Ion 800 mAh battery (BL-4C),,,No
GSM 850 / 900 / 1800 / 1900 - SIM 2,LED flash,,,VGA,Up to 116 h,Yes,Yes,Yes,,dedicated music keys2.5 mm audio jack,"MSN, Facebook, Yahoo, Twitter applicationsMP3/WAV playerMP4/H.263 playerOrganizer",No,,"Dual SIM (Mini-SIM, dual stand-by)",VGA,75 g (2.65 oz),,Yes,Discontinued,No,,GSM 850 / 900 / 1800 / 1900 - SIM 1,,"240 x 320 pixels, 4:3 ratio (~167 ppi density)",Up to 2 h 30 min,microSD (dedicated slot),"English, Spanish, Portuguise, French",,,,"2011, June. Released 2011, June",,GSM,Flashlight,Plum,,,https://fdn2.gsmarena.com/vv/bigpic/plum-inspire.jpg,"2.4 inches, 17.8 cm2(~31.9% screen-to-body ratio)",Plum Inspire,"SMS, MMS, Email, IM","Black, white, orange, Magenta, light blue, dark red",TFT,300 entries,Yes,113.5 x 49.2 x 14.5 mm (4.47 x 1.94 x 0.57 in),32MB,microUSB,No,No,Stereo FM radio,,,Yes,Removable Li-Ion 700 mAh battery (BL-4U),,,No
GSM 850 / 900 / 1800 / 1900 - SIM 2,,,,,Up to 150 h,Yes,Yes,Yes,,No,MP3/MP4 playerOrganizerCalculatorVoice memo,No,,"Dual SIM (Mini-SIM, dual stand-by)",VGA,65 g (2.29 oz),,Yes,Discontinued,No,,GSM 850 / 900 / 1800 / 1900 - SIM 1,,"240 x 320 pixels, 4:3 ratio (~226 ppi density)",Up to 1 h 20 min,microSDHC (dedicated slot),"English, Spanish, Portuguise, French",,,,"2011, April. Released 2011, April",,GSM,Flashlight,Plum,,,https://fdn2.gsmarena.com/vv/bigpic/plum-spare.jpg,"1.77 inches, 9.7 cm2(~21.1% screen-to-body ratio)",Plum Spare,"SMS, MMS, Email","Black, dark red, dark blue, light blue, light red, purple, pink, green, orange, champagne",TFT,300 entries,Yes,102 x 45 x 13.6 mm (4.02 x 1.77 x 0.54 in),64MB 32MB,microUSB 2.0,No,No,FM radio,,,Yes,Removable Li-Ion 700 mAh battery (BL-5B),,,No
GSM 850 / 900 / 1800 / 1900 - SIM 2,,,,,Up to 400 h,Yes,2.0,Yes,,No,"Ebuddy, Facebook, Yahoo, Twitter applicationsMP3/WAV/WMA playerMP4/H.263 playerOrganizerPredictive text input",No,,Dual SIM (Mini-SIM),1.3 MP,85 g (3.00 oz),,Yes,Discontinued,No,,GSM 850 / 900 / 1800 / 1900 - SIM 1,,128 x 160 pixels (~116 ppi density),Up to 4 h,microSDHC (dedicated slot),"English, Spanish, Portuguise, French",,,,"2011, April. Released 2011, April",,GSM,Flashlight,Plum,,,https://fdn2.gsmarena.com/vv/bigpic/plum-boom.jpg,"1.77 inches, 9.9 cm2(~23.8% screen-to-body ratio)",Plum Boom,"SMS, MMS, Email, IM","Black, white, red, Orchid, Yellow, Dark Blue, Magenta, Coral, Green, Orange","TFT, 65K colors",500 entries,Class 10,100.2 x 41.3 x 15.3 mm (3.94 x 1.63 x 0.60 in),"64MB ROM, 32MB RAM",microUSB,No,No,Stereo FM radio,,,@10fps,Removable Li-Ion 800 mAh battery (BL-5C),,,No
GSM 850 / 900 / 1800 / 1900 - SIM 2,,,,,Up to 300 h,Yes,"2.1, A2DP, EDR",Yes,,No,MP3/MP4 player,No,,"Dual SIM (Mini-SIM, dual stand-by)",VGA,95 g (3.35 oz),,Yes,Discontinued,No,,GSM 850 / 900 / 1800 / 1900 - SIM 1,,128 x 160 pixels (~114 ppi density),Up to 2 h 30 min,microSD (dedicated slot),"English, Spanish, Portuguise, French",,,,"2011, May. Released 2011, May",,GSM,Flashlight,Plum,,,https://fdn2.gsmarena.com/vv/bigpic/plum-snap.jpg,"1.8 inches, 10.2 cm2(~20.8% screen-to-body ratio)",Plum Snap,"SMS, MMS, Email","Black, Purple, Red, Magenta, Champagne, Apple Green","TFT, 65K colors",1000 entries,Class 12,107.5 x 45.5 x 14.5 mm (4.23 x 1.79 x 0.57 in),64MB 128 MB,microUSB,Class 6,No,"Stereo FM radio, recording",,,QCIF@10fps,Removable Li-Ion 650 mAh battery (BL-4C),,,No
Flashlight,,,,,Up to 200 h,Yes,Yes,Yes,,"Facebook, MSN, Ebuddy, YahooMP3/WAV/WMA playerMP4/H.263 playerOrganizerVoice memoCalculator",,No,,Dual SIM (Mini-SIM),1.3 MP,50.5 g (1.76 oz),,Yes,Discontinued,No,,GSM 850 / 900 / 1800 / 1900 - SIM 1 & SIM 2,,"240 x 320 pixels, 4:3 ratio (~226 ppi density)",Up to 4 h,microSDHC (dedicated slot),,,,,"2012, February. Released 2012, August",,GSM,No,Plum,,,https://fdn2.gsmarena.com/vv/bigpic/plum-buzz.jpg,"1.77 inches, 9.7 cm2(~19.3% screen-to-body ratio)",Plum Buzz,"SMS, MMS","Black, White, Red, Blue, Green, Purple",TFT,Yes,Yes,109.4 x 46 x 9.5 mm (4.31 x 1.81 x 0.37 in),,microUSB 2.0,No,No,FM radio,,,Yes,Removable Li-Ion 700 mAh battery,,,No
Flashlight,,,,,Up to 230 h,Yes,Yes,Yes,,MP3/WAV/WMA playerMP4/H.263 playerOrganizerVoice memo/dial,,No,,Dual SIM (Mini-SIM),1.3 MP,50.5 g (1.76 oz),,Yes,Discontinued,No,,GSM 850 / 900 / 1800 / 1900 - SIM 1 & SIM 2,,"240 x 320 pixels, 4:3 ratio (~226 ppi density)",Up to 6 h,microSDHC (dedicated slot),,,,,"2012, August. Released 2012, September",,GSM,No,Plum,,,https://fdn2.gsmarena.com/vv/bigpic/plum-tweek.jpg,"1.77 inches, 9.7 cm2(~21.2% screen-to-body ratio)",Plum Tweek,"SMS, MMS","Black, White, Red, Blue, Green, Purple",TFT,Yes,Yes,104 x 44 x 14.8 mm (4.09 x 1.73 x 0.58 in),"32MB ROM, 16MB RAM",microUSB 2.0,No,No,FM radio,,,Yes,Removable Li-Ion 800 mAh battery (BL-5B),,,No
GSM 850 / 900 / 1800 / 1900 - SIM 2,,,,,Up to 300 h,Yes,No,Yes,,No,MP3 playerOrganizer,No,,"Dual SIM (Mini-SIM, dual stand-by)",,69 g (2.43 oz),,Yes,Discontinued,No,,GSM 850 / 900 / 1800 / 1900 - SIM 1,,128 x 160 pixels (~116 ppi density),Up to 3 h,microSDHC (dedicated slot),"English, Spanish, Portuguese, French",,,,"2011, August. Released 2011, August",,GSM,Flashlight,Plum,,,https://fdn2.gsmarena.com/vv/bigpic/plum-kazzom.jpg,"1.77 inches, 9.9 cm2(~22.5% screen-to-body ratio)",Plum Kazzom,SMS,"Blue, Purple, Orange, Yellow, Orchid, Green ,White","TFT, 65K colors",250 entries,No,102 x 43 x 14.6 mm (4.02 x 1.69 x 0.57 in),"128MB ROM, 32MB RAM",No,No,No,FM radio,,,,Removable Li-Ion 600 mAh battery (BL-4C),,,No
GSM 850 / 900 / 1800 / 1900 - SIM 2,,,,,Up to 250 h,Yes,Yes,Yes,,No,MP3/MP4 player,No,,"Dual SIM (Mini-SIM, dual stand-by)",1.3 MP,50.5 g (1.76 oz),,Yes,Discontinued,No,,GSM 850 / 900 / 1800 / 1900 - SIM 1,,"240 x 320 pixels, 4:3 ratio (~226 ppi density)",Up to 4 h,microSDHC (dedicated slot),,,,,"2011, September. Released 2011, September",,GSM,Flashlight,Plum,,,https://fdn2.gsmarena.com/vv/bigpic/plum-trip.jpg,"1.77 inches, 9.7 cm2(~21.3% screen-to-body ratio)",Plum Trip,"SMS, MMS","White, white black, white purple, white red, white blue, black orange, black red, black yellow, blac",TFT,300 entries,Yes,104 x 43.8 x 16.7 mm (4.09 x 1.72 x 0.66 in),32MB 32MB,microUSB 2.0,No,No,FM radio,,,Yes,Removable Li-Ion 700 mAh battery (BL-5B),,,No
Flashlight,,,,,Up to 300 h,Yes,No,Yes,,"MSN, Facebook, Yahoo, TwitterOrganizerMP3 playerVideo playerVoice memo",,No,,"Dual SIM (Mini-SIM, dual stand-by)",,66 g (2.33 oz),,Yes,Discontinued,No,,GSM 850 / 900 / 1800 / 1900 - SIM 1 & SIM 2,,128 x 160 pixels (~116 ppi density),Up to 4 h,microSDHC (dedicated slot),"English, Spanish, Portuguese, French",,,,"2011, June. Released 2011, June",,GSM,No,Plum,,,https://fdn2.gsmarena.com/vv/bigpic/plum-trion.jpg,"1.77 inches, 9.9 cm2(~20.4% screen-to-body ratio)",Plum Trion,SMS,"Blue, Purple, Orange, Yellow, Orchid, Green, White, Red, Lime, Light Blue","TFT, 65K colors",250 entries,No,107.6 x 44.9 x 14.4 mm (4.24 x 1.77 x 0.57 in),"32MB ROM, 16MB RAM",microUSB,No,No,FM radio,,,,Removable Li-Ion 700 mAh battery (BL-5B),,,No
Flashlight,,,,,Up to 230 h,Yes,No,Yes,,MP3/WAV/WMA playerMP4/H.263 playerOrganizerVoice memo/dial,,No,,Dual SIM (Mini-SIM),,50.5 g (1.76 oz),,Yes,Discontinued,No,,GSM 850 / 900 / 1800 / 1900 - SIM 1 & SIM 2,,"120 x 160 pixels, 4:3 ratio (~113 ppi density)",Up to 6 h,microSDHC (dedicated slot),,,,,"2012, August. Released 2012, August",,GSM,No,Plum,,,https://fdn2.gsmarena.com/vv/bigpic/plum-bubby.jpg,"1.77 inches, 9.7 cm2(~21.2% screen-to-body ratio)",Plum Bubby,SMS,"Black, White, Red, Blue",TFT,Yes,No,104 x 44 x 14.8 mm (4.09 x 1.73 x 0.58 in),"32MB ROM, 16MB RAM",microUSB 2.0,No,No,FM radio,,,,Removable Li-Ion 700 mAh battery,,,No
