,Brand,SAR EU,3.5mm jack,_1,CPU,Weight,Protection,Phonebook,Price,NFC,Positioning,Speed,Dual,Resolution,Games,Talk time,Size,Status,GPU,Technology,Colors,Triple,Audio quality,WLAN,Charging,Stand-by,3G bands,Announced,Messaging,Model Name,GPRS,Video_1,Type_1,2G bands,SIM,Type,Chipset,Bluetooth,OS,USB,SAR,Single_1,Keyboard,Java,EDGE,Sensors,Alert types,Video,Dimensions,Features,5G bands,Single,Browser,Quad,_2,Internal,Models,Call records,Features_1,Loudspeaker,_3,Card slot,Model Image,Radio,4G bands
,T_Mobile,,Yes,,Octa-core (4x2.2 GHz Cortex-A78 & 4x1.8 GHz Cortex-A55),198 g (6.98 oz),,,About 230 EUR,Yes,GPS,"HSPA, LTE (CA), 5G",,1080 x 2436 pixels (~393 ppi density),,,"6.78 inches, 109.9 cm2(~83.5% screen-to-body ratio)","Available. Released 2024, June",Adreno 710,GSM / HSPA / LTE / 5G,Azurite Blue,,,"Wi-Fi 802.11 a/b/g/n/ac/6e, dual-band","25W wired, PD3.0, QC315W wireless",,HSDPA 850 / 900 / 1700(AWS) / 1900 / 2100,"2024, May 13",,T-Mobile REVVL 7 Pro,,1080p@30fps,5000 mAh,GSM 850 / 900 / 1800 / 1900,Nano-SIM +eSIM,"AMOLED, 120Hz",Qualcomm SM6450 Snapdragon 6 Gen 1 (4 nm),"5.2, A2DP, LE",Android 14,USB Type-C 3.0,1.38 W/kg (head)     1.41 W/kg (body),,,,,Fingerprint (side-mounted); unspecified sensors,,"1440p@30fps, 1080p@30/60fps",168.7 x 78 x 8.6 mm (6.64 x 3.07 x 0.34 in),"Dual-LED flash, HDR, panorama","1, 3, 7, 25, 28, 38, 41, 66, 71, 77, 78 SA/NSA",16 MP,,"50 MP, (wide), PDAF, OIS5 MP, (ultrawide)2 MP, (depth)2 MP, (macro)",,256GB 8GB RAM,,,,"Yes, with stereo speakers",,microSDXC,https://fdn2.gsmarena.com/vv/bigpic/t-mobile-revvl-7-pro-.jpg,No,"1, 2, 3, 4, 5, 7, 8, 12, 13, 17, 20, 25, 26, 28, 38, 39, 40, 41, 66, 71"
,T_Mobile,,Yes,,Octa-core (4x2.2 GHz Cortex-A78 & 4x1.8 GHz Cortex-A55),206 g (7.27 oz),,,About 190 EUR,Yes,GPS,"HSPA, LTE (CA), 5G",,"1080 x 2408 pixels, 20:9 ratio (~401 ppi density)",,,"6.58 inches, 104.3 cm2(~80.4% screen-to-body ratio)","Available. Released 2024, June",Adreno 710,GSM / HSPA / LTE / 5G,Arctic Gray,"50 MP, (wide), PDAF2 MP, (depth)2 MP, (macro)",,"Wi-Fi 802.11 a/b/g/n/ac, dual-band","15W wired, PD3.0, QC3",,HSDPA 850 / 1700(AWS) / 2100,"2024, May 13",,T-Mobile REVVL 7,,1080p@30fps,5000 mAh,GSM 850 / 900 / 1800 / 1900,Nano-SIM +eSIM,"AMOLED, 120Hz",Qualcomm SM6450 Snapdragon 6 Gen 1 (4 nm),"5.1, A2DP, LE",Android 14,USB Type-C 2.0,1.14 W/kg (head)     1.12 W/kg (body),,,,,Fingerprint (side-mounted); unspecified sensors,,"1440p@30fps, 1080p@30/60fps",167.4 x 77.5 x 9.1 mm (6.59 x 3.05 x 0.36 in),"LED flash, HDR, panorama","25, 41, 66, 71, 77 SA/NSA",8 MP,,,,128GB 6GB RAM,,,,"Yes, with stereo speakers",,microSDXC,https://fdn2.gsmarena.com/vv/bigpic/t-mobile-revvl-7.jpg,No,"2, 4, 5, 7, 12, 25, 26, 41, 66, 71"
,T_Mobile,,Yes,,Octa-core (2x2.2 GHz Cortex-A76 & 6x2.0 GHz Cortex-A55),223.3 g (7.87 oz),,,About 210 EUR,Yes,GPS,"HSPA, LTE (CA), 5G",,720 x 1640 pixels (~263 ppi density),,,"6.82 inches, 110.5 cm2(~81.6% screen-to-body ratio)","Available. Released 2023, August 24",Mali-G57 MC2,GSM / HSPA / LTE / 5G,"Black, Dark Blue",,,"Wi-Fi 802.11 a/b/g/n/ac, dual-band, Wi-Fi Direct",15W wired,,HSDPA 850 / 900 / 1700(AWS) / 1900 / 2100,"2023, August 17",,T-Mobile REVVL 6x Pro,,1080p@30fps,Li-Ion 5000 mAh,GSM 850 / 900 / 1800 / 1900,Nano-SIM,IPS LCD,Mediatek Dimensity 700 (7 nm),"5.1, A2DP, LE",Android 12 or 13,USB Type-C 2.0,,,,,,"Fingerprint (side-mounted), gyro, accelerometer, proximity, compass, barometer",,1080p@30fps,173.9 x 77.8 x 9 mm (6.85 x 3.06 x 0.35 in),"LED flash, HDR, panorama","25, 41, 66, 71, 77 SA/NSA",16 MP,,"50 MP, (wide), PDAF5 MP, (ultrawide)2 MP, (depth)2 MP, (macro)",,"128GB 6GB RAM, 256GB 6GB RAM",,,,Yes,,microSDXC,https://fdn2.gsmarena.com/vv/bigpic/tmobile-revvl-6x-pro.jpg,No,"1, 2, 3, 4, 5, 7, 8, 12, 13, 20, 25, 26, 38, 39, 40, 41, 66, 71"
,T_Mobile,,Yes,,Octa-core (2x2.2 GHz Cortex-A76 & 6x2.0 GHz Cortex-A55),194 g (6.84 oz),,,About 190 EUR,Yes (market/region dependent),GPS,"HSPA, LTE (CA), 5G",,"720 x 1600 pixels, 20:9 ratio (~269 ppi density)",,,"6.52 inches, 102.6 cm2(~80.6% screen-to-body ratio)","Available. Released 2023, August 24",Mali-G57 MC2,GSM / HSPA / LTE / 5G,"Gray, Blue","50 MP, (wide), PDAF2 MP, (depth)2 MP, (macro)",,"Wi-Fi 802.11 a/b/g/n/ac, dual-band, Wi-Fi Direct",15W wired,,HSDPA 850 / 1700(AWS) / 1900,"2023, August 17",,T-Mobile REVVL 6x,,1080p@30fps,Li-Ion 4500 mAh,GSM 850 / 900 / 1800 / 1900,Nano-SIM,IPS LCD,Mediatek Dimensity 700 (7 nm),"5.1, A2DP, LE",Android 12 or 13,USB Type-C 2.0,,,,,,"Fingerprint (side-mounted), gyro, accelerometer, proximity, compass, barometer",,1080p@30fps,166.6 x 76.4 x 8.8 mm (6.56 x 3.01 x 0.35 in),"LED flash, HDR, panorama","25, 41, 66, 71, 77 SA/NSA",8 MP (USA)5 MP (Europe),,,,"64GB 4GB RAM, 128GB 4GB RAM",,,,Yes,,microSDXC,https://fdn2.gsmarena.com/vv/bigpic/tmobile-revvl-6x.jpg,No,"2, 4, 5, 7, 12, 25, 26, 41, 66, 71"
,T_Mobile,,Yes,,Octa-core (2x2.2 GHz Cortex-A76 & 6x2.0 GHz Cortex-A55),513.1 g (1.13 lb),,,About 180 EUR,No,No,"HSPA, LTE (CA), 5G","8 MP, (wide)2 MP, (depth)","1200 x 2000 pixels, 5:3 ratio (~225 ppi density)",,,"10.36 inches, 305.5 cm2(~78.5% screen-to-body ratio)","Available. Released 2023, August 24",Mali-G57 MC2,GSM / HSPA / LTE / 5G,Gray,,,"Wi-Fi 802.11 a/b/g/n/ac, dual-band, Wi-Fi Direct",15W wired,,HSDPA 850 / 900 / 1700(AWS) / 1900 / 2100,"2023, August 17",,T-Mobile REVVL Tab,,1080p@30fps,Li-Po 7040 mAh,GSM 850 / 900 / 1800 / 1900,Nano-SIM,IPS LCD,Mediatek Dimensity 700 (7 nm),"5.1, A2DP, LE",Android 13,USB Type-C 2.0,,,,,,Accelerometer,,1080p@30fps,247.6 x 157.1 x 7.9 mm (9.75 x 6.19 x 0.31 in),LED flash,"1, 3, 7, 25, 28, 38, 41, 66, 71, 77, 78 SA/NSA",8 MP,,,,128GB 6GB RAM,,,,Yes,,microSDXC,https://fdn2.gsmarena.com/vv/bigpic/t-mobile-revvl-tab.jpg,No,"1, 2, 3, 4, 5, 7, 8, 12, 13, 17, 20, 25, 26, 28, 38, 39, 40, 41, 66, 71"
Splash resistant,T_Mobile,,Yes,,Octa-core (2x2.2 GHz Cortex-A76 & 6x2.0 GHz Cortex-A55),214 g (7.55 oz),,,About 220 EUR,Yes,GPS,"HSPA, LTE, 5G",,720 x 1640 pixels (~263 ppi density),,,"6.82 inches, 110.5 cm2(~81.6% screen-to-body ratio)","Available. Released 2022, July 28",Mali-G57 MC2,GSM / HSPA / LTE / 5G,Dark Shadow,,,"Wi-Fi 802.11 a/b/g/n/ac, dual-band, Wi-Fi Direct",15W wiredWireless,,HSDPA 850 / 900 / 1700(AWS) / 1900 / 2100,"2022, July 28",,T-Mobile REVVL 6 Pro,,1080p@30fps,Li-Ion 5000 mAh,GSM 850 / 900 / 1800 / 1900,Nano-SIM,IPS LCD,Mediatek Dimensity 700 (7 nm),"5.1, A2DP, LE",Android 12,USB Type-C 2.0,,,,,,"Fingerprint (side-mounted), gyro, accelerometer, proximity, compass, barometer",,1080p@30fps,173.9 x 77.8 x 9 mm (6.85 x 3.06 x 0.35 in),"LED flash, HDR, panorama","25, 41, 66, 71, 77 SA/NSA",16 MP,,"50 MP, (wide), PDAF5 MP, (ultrawide)2 MP, (depth)2 MP, (macro)",,128GB 6GB RAM,TMAF035G,,,Yes,,microSDXC,https://fdn2.gsmarena.com/vv/bigpic/tmobile-revvl6-pro.jpg,No,"1, 2, 3, 4, 5, 7, 8, 12, 13, 20, 25, 26, 28, 38, 39, 40, 41, 71"
Splash resistant,T_Mobile,,Yes,,Octa-core (2x2.2 GHz Cortex-A76 & 6x2.0 GHz Cortex-A55),194 g (6.84 oz),,,About 170 EUR,No,GPS,"HSPA, LTE, 5G",,"720 x 1600 pixels, 20:9 ratio (~269 ppi density)",,,"6.52 inches, 102.6 cm2(~80.6% screen-to-body ratio)","Available. Released 2022, July 28",Mali-G57 MC2,GSM / HSPA / LTE / 5G,Blue,"13 MP, (wide), AF2 MP, (depth)2 MP, (macro)",,"Wi-Fi 802.11 a/b/g/n/ac, dual-band, Wi-Fi Direct",15W wired,,HSDPA 850 / 900 / 1700(AWS) / 1900 / 2100,"2022, July 28",,T-Mobile REVVL 6,,1080p@30fps,Li-Ion 4500 mAh,GSM 850 / 900 / 1800 / 1900,Nano-SIM,IPS LCD,Mediatek Dimensity 700 (7 nm),"5.1, A2DP, LE",Android 12,USB Type-C 2.0,,,,,,"Fingerprint (side-mounted), gyro, accelerometer, proximity, compass, barometer",,1080p@30fps,166.6 x 76.4 x 8.8 mm (6.56 x 3.01 x 0.35 in),"LED flash, HDR, panorama","25, 41, 66, 71, 77 SA/NSA",5 MP,,,,64GB 4GB RAM,TMAF025G,,,Yes,,microSDXC,https://fdn2.gsmarena.com/vv/bigpic/tmobile-revvl6.jpg,No,"1, 2, 3, 4, 5, 7, 8, 12, 13, 20, 25, 26, 28, 38, 39, 40, 41, 71"
,T_Mobile,,Yes,,Octa-core (2x2.2 GHz Cortex-A76 & 6x2.0 GHz Cortex-A55),-,,,About 170 EUR,Yes,GPS,"HSPA, LTE, 5G",,"720 x 1640 pixels, 20:9 ratio (~257 ppi density)",,,"6.82 inches, 112.3 cm2(~83.4% screen-to-body ratio)","Available. Released 2021, July 12",Mali-G57 MC2,GSM / HSPA / LTE / 5G,Nebula Black,"16 MP, (wide), AF5 MP, (ultrawide)2 MP",,Yes,18W wired,,HSDPA 850 / 900 / 1700(AWS) / 1900 / 2100,"2021, July 01",,T-Mobile REVVL V+ 5G,,1080p@30fps,Li-Po 5000 mAh,GSM 850 / 900 / 1800 / 1900,Nano-SIM,IPS LCD,Mediatek Dimensity 700 (7 nm),Yes,Android 11,Yes,,,,,,"Fingerprint (side-mounted), accelerometer, proximity",,1080p@30fps,173.7 x 77.5 x 7.1 mm (6.84 x 3.05 x 0.28 in),"LED flash, HDR, panorama","25, 41, 66, 71 SA/NSA",16 MP,,,,64GB 4GB RAM,,,,Yes,,Unspecified,https://fdn2.gsmarena.com/vv/bigpic/t‑mobile-revvl-v-plus-5g.jpg,No,"2, 4, 5, 12, 25, 26, 41, 66, 71"
,T_Mobile,,Yes,,Octa-core (1x2.4 GHz Kryo 475 Prime & 1x2.2 GHz Kryo 475 Gold & 6x1.8 GHz Kryo 475 Silver),215 g (7.58 oz),,,About 340 EUR,Yes,GPS,"HSPA, LTE, 5G",,"1080 x 2340 pixels, 19.5:9 ratio (~395 ppi density)",,,"6.53 inches, 104.7 cm2(~83.1% screen-to-body ratio)","Available. Released 2020, September 04",Adreno 620,GSM / HSPA / LTE / 5G,Nebula Black,"48 MP, (wide), 1/2.0"", 0.8µm, PDAF8 MP, (ultrawide)5 MP, (macro)",,"Wi-Fi 802.11 a/b/g/n/ac, dual-band, Wi-Fi Direct",,,HSDPA 850 / 900 / 1700(AWS) / 1900 / 2100,"2020, August 27",,T-Mobile REVVL 5G,,1080p@30fps,Li-Ion 4500 mAh,GSM 850 / 900 / 1800 / 1900,Nano-SIM,IPS LCD,Qualcomm SM7250 Snapdragon 765 5G (7 nm),"5.0, A2DP, LE",Android 10,USB Type-C 2.0,,,,,,"Fingerprint (rear-mounted), accelerometer, proximity, compass",,"4K@30fps, 1080p@30fps",165.4 x 76.2 x 9.4 mm (6.51 x 3.00 x 0.37 in),"Dual-LED flash, HDR, panorama","2, 25, 41, 66, 71 SA/NSA",16 MP,,,,128GB 6GB RAM,"T790W, T790Z",,,Yes,,microSDXC,https://fdn2.gsmarena.com/vv/bigpic/tmobile-revvl-4-5g.jpg,No,"1, 2, 3, 4, 7, 8, 12, 13, 20, 25, 26, 28, 38, 39, 40, 41, 66, 71"
eMMC 5.1,T_Mobile,,Yes,,Octa-core (4x2.0 GHz Kryo 260 Gold & 4x1.8 GHz Kryo 260 Silver),180 g (6.35 oz),,,About 160 EUR,Yes,GPS,"HSPA, LTE","16 MP, PDAF5 MP","720 x 1440 pixels, 18:9 ratio (~247 ppi density)",,,"6.52 inches, 109.7 cm2(~88.2% screen-to-body ratio)","Available. Released 2020, September 04",Adreno 610,GSM / HSPA / LTE,Steel Gray,,,"Wi-Fi 802.11 a/b/g/n/ac, dual-band, Wi-Fi Direct",,,HSDPA 850 / 1700(AWS) / 1900,"2020, August 27",,T-Mobile REVVL 4+,,1080p@30fps,Li-Ion 4000 mAh,GSM 850 / 900 / 1800 / 1900,Nano-SIM,IPS LCD,Qualcomm SDM665 Snapdragon 665 (11 nm),"5.0, A2DP, LE",Android 10,USB Type-C 2.0,,,,,,"Fingerprint (rear-mounted), accelerometer, proximity",,1080p@30fps,165.4 x 75.2 x 8.1 mm (6.51 x 2.96 x 0.32 in),"Dual-LED dual-tone flash, HDR, panorama",,16 MP,,,,64GB 4GB RAM,"5062W, 5062Z",,,Yes,,microSDXC,https://fdn2.gsmarena.com/vv/bigpic/tmobile-revvl-4-plus.jpg,No,"1, 2, 3, 4, 5, 7, 8, 12, 13, 20, 25, 26, 28, 38, 39, 40, 41, 66, 71"
eMMC 5.1,T_Mobile,,Yes,,Quad-core 2.0 GHz Cortex-A53,158.5 (5.61 oz),,,About 100 EUR,No,GPS,"HSPA, LTE",,"720 x 1520 pixels, 19:9 ratio (~270 ppi density)",,,"6.22 inches, 96.6 cm2(~79.9% screen-to-body ratio)","Available. Released 2020, September 04",PowerVR GE8300,GSM / HSPA / LTE,Graphite,,,"Wi-Fi 802.11 a/b/g/n/ac, dual-band, Wi-Fi Direct",,,HSDPA 850 / 1700(AWS) / 1900,"2020, August 27",,T-Mobile REVVL 4,,,Li-Ion 3500 mAh,GSM 850 / 900 / 1800 / 1900,Nano-SIM,IPS LCD,Mediatek MT6761 Helio A22 (12 nm),"5.0, A2DP, LE",Android 10,USB Type-C 2.0,,5 MP,,,,"Fingerprint (rear-mounted), accelerometer, proximity",,1080p@30fps,159 x 76 x 8.1 mm (6.26 x 2.99 x 0.32 in),"LED flash, HDR, panorama",,"13 MP, PDAF",,,,32GB 2GB RAM,"5007Z, 5007W, TMRVL4G",,,Yes,,microSDXC,https://fdn2.gsmarena.com/vv/bigpic/tmobile-revvl-4.jpg,No,"2, 4, 5, 7, 12, 25, 26, 41, 66, 71"
"IP54, dust and splash resistant",T_Mobile,,Yes,eMMC 5.1,Octa-core (4x1.8 GHz Kryo 260 Gold & 4x1.6 GHz Kryo 260 Silver),-,,,About 310 EUR,No,"GPS, GLONASS, GALILEO","HSPA 42.2/5.76 Mbps, LTE (2CA) Cat12 600/50 Mbps","16 MP, f/1.7, 1.22µm, PDAF, OIS5 MP, f/2.4, (depth)","1080 x 2270 pixels, 19:9 ratio (~403 ppi density)",,,"6.24 inches, 97.5 cm2(~81.8% screen-to-body ratio)","Available. Released 2019, July",Adreno 509,GSM / HSPA / LTE,Black,,,"Wi-Fi 802.11 a/b/g/n/ac, dual-band, Wi-Fi Direct",27W wired,,HSDPA 850 / 1700(AWS) / 1900,"2019, July",,T-Mobile Revvlry+,,1080p@30fps,"Li-Ion 3000 mAh, non-removable",GSM 850 / 900 / 1800 / 1900,Nano-SIM,IPS LCD,Qualcomm SDM636 Snapdragon 636 (14 nm),"5.0, A2DP, LE",Android 9.0 (Pie),USB Type-C 2.0,,,,,,"Fingerprint (rear-mounted), accelerometer, gyro, proximity, compass",,"4K@30fps, 1080p@30/60/120fps, gyro-EIS",158.5 x 75.2 x 8.6 mm (6.24 x 2.96 x 0.34 in),"Dual-LED dual-tone flash, panorama, HDR",,"12 MP, (wide), 1/2.8"", 1.25µm",,,,64GB 4GB RAM,,,HDR,Yes,,microSDXC (dedicated slot),https://fdn2.gsmarena.com/vv/bigpic/t-mobile-revvlry-plus-.jpg,FM radio,"1, 2, 3, 4, 5, 7, 12, 13, 20, 66, 71"
Splash resistant,T_Mobile,,Yes,eMMC 5.1,Octa-core (4x1.8 GHz Kryo 250 Gold & 4x1.8 GHz Kryo 250 Silver),-,,,About 180 EUR,No,"GPS, GLONASS","HSPA 42.2/5.76 Mbps, LTE (2CA) Cat6 300/50 Mbps",,"720 x 1520 pixels, 19:9 ratio (~295 ppi density)",,,"5.7 inches, 81.1 cm2(~76.4% screen-to-body ratio)","Available. Released 2019, July",Adreno 506,GSM / HSPA / LTE,Black,,,Wi-Fi 802.11 b/g/n,10W wired,,HSDPA 850 / 1700(AWS) / 1900,"2019, July",,T-Mobile Revvlry,,1080p@30fps,"Li-Ion 3000 mAh, non-removable",GSM 850 / 900 / 1800 / 1900,Nano-SIM,IPS LCD,Qualcomm SDM632 Snapdragon 632 (14 nm),"4.2, A2DP, LE",Android 9.0 (Pie),USB Type-C 2.0,,"8 MP, f/2.2, 1/4.0"", 1.12µm",,,,"Fingerprint (rear-mounted), accelerometer, gyro, proximity, compass",,1080p@30fps,148.6 x 71.4 x 8.1 mm (5.85 x 2.81 x 0.32 in),"LED flash, panorama, HDR",,"13 MP, f/2.0, 1/3.1"", 1.12µm, PDAF",,,,32GB 3GB RAM,,,LED flash,Yes,,microSDXC (dedicated slot),https://fdn2.gsmarena.com/vv/bigpic/t-mobile-revvlry-.jpg,FM radio,"2, 4, 5, 7, 12, 38, 66, 71"
,T_Mobile,,Yes,,Quad-core 1.5 GHz Cortex-A53,157.9 g (5.64 oz),,,About 110 EUR,No,GPS,"HSPA, LTE",,"720 x 1280 pixels, 16:9 ratio (~267 ppi density)",,Up to 12 h (3G),"5.5 inches, 83.4 cm2(~71.3% screen-to-body ratio)",Discontinued,Mali-T860MP2,GSM / HSPA / LTE,Black,,,Wi-Fi 802.11 b/g/n,,Up to 288 h (3G),HSDPA 1700 (AWS)/ 1900,"2017, August. Released 2017, August",,T-Mobile Revvl,,,"Li-Ion 3000 mAh, non-removable",GSM 900 / 1800 / 1900,Nano-SIM,IPS LCD,Mediatek MT6738,"4.2, A2DP",Android 7.0 (Nougat),microUSB 2.0,,5 MP,,,,"Fingerprint (rear-mounted), accelerometer, proximity",,1080p@30fps,151.9 x 77 x 8.4 mm (5.98 x 3.03 x 0.33 in),"LED flash, HDR",,"13 MP, AF",,,,32GB 2GB RAM,,,LED flash,Yes,,microSDXC (dedicated slot),https://fdn2.gsmarena.com/vv/bigpic/t-mobile-revvl.jpg,FM radio,"2, 4, 5, 12, 66"
No,T_Mobile,,Yes,,1.0 GHz Cortex-A5,100 g (3.53 oz),,,About 90 EUR,No,GPS,HSPA,,"320 x 480 pixels, 3:2 ratio (~165 ppi density)",,Up to 8 h,"3.5 inches, 36.5 cm2(~50.3% screen-to-body ratio)",Discontinued,,GSM / HSPA,Black,,,"Wi-Fi 802.11 b/g/n, hotspot",,Up to 260 h,HSDPA 850 / 1700 / 1900 / 2100,"2013, June. Released 2013, June",,T-Mobile Prism II,,,"Li-Ion 1750 mAh, removable",GSM 850 / 900 / 1800 / 1900,Mini-SIM,TFT,,"4.0, A2DP",Android 4.1 (Jelly Bean),microUSB 2.0,,,,,,Accelerometer,,Yes,117 x 62 x 12.4 mm (4.61 x 2.44 x 0.49 in),,,3.15 MP,,,,4GB 512MB RAM,,,,Yes,,microSDHC (dedicated slot),https://fdn2.gsmarena.com/vv/bigpic/t-mobile-prism-ii.jpg,FM radio,
No,T_Mobile,,Yes,MP4/WMV/H.264 playerMP3/WAV/WMA/eAAC+ playerOrganizerDocument viewerVoice memo/dialPredictive text input,832 MHz,100 g (3.53 oz),,,About 80 EUR,,"GPS, A-GPS",HSPA 7.2/5.76 Mbps,,"320 x 480 pixels, 3:2 ratio (~165 ppi density)",,Up to 8 h 30 min,"3.5 inches, 36.5 cm2(~50.3% screen-to-body ratio)",Discontinued,,GSM / HSPA,Black,,,"Wi-Fi 802.11 b/g/n, hotspot",,Up to 300 h,HSDPA 850 / 1700 / 1900 / 2100,"2012, August. Released 2012, August",,T-Mobile Concord,,,Removable Li-Ion 1500 mAh battery,GSM 850 / 900 / 1800 / 1900,Mini-SIM,"TFT, 256K colors",BCM21553,"3.0, A2DP",Android 2.3.5 (Gingerbread),microUSB 2.0,,,,,,"Accelerometer, proximity",,480p,117 x 62 x 11.4 mm (4.61 x 2.44 x 0.45 in),,,2 MP,,,,512MB 512MB RAM,,,,Yes,,"microSDHC (dedicated slot), 2 GB included",https://fdn2.gsmarena.com/vv/bigpic/zte-t-mobile-concord.jpg,No,
T-Mobile TVMP4/WMV/H.264 playerMP3/WAV/WMA/eAAC+ playerOrganizerDocument viewerVoice memo/dial/commandsPredictive text input (Swype),T_Mobile,,Yes,,1.4 GHz Scorpion,185 g (6.53 oz),,,About 290 EUR,,"GPS, A-GPS",HSPA,,"480 x 800 pixels, 5:3 ratio (~233 ppi density)",,Up to 6 h,"4.0 inches, 45.5 cm2(~57.1% screen-to-body ratio)",Discontinued,Adreno 205,GSM / HSPA,"Black, White",,,"Wi-Fi 802.11 b/g/n, DLNA, hotspot",,Up to 185 h,HSDPA 1700 / 2100,"2012, August. Released 2012, August",,T-Mobile myTouch Q 2,,,Removable Li-Ion 1500 mAh battery,GSM 850 / 900 / 1800 / 1900,Mini-SIM,IPS LCD,Qualcomm MSM8255T Snapdragon S2,Yes,Android 2.3 (Gingerbread),microUSB 2.0,,VGA,QWERTY,,,"Accelerometer, proximity, compass",,720p@30fps,124.8 x 63.9 x 14.3 mm (4.91 x 2.52 x 0.56 in),LED flash,,"5 MP, AF",,,,4GB 1GB RAM,,,,Yes,,microSDHC (dedicated slot),https://fdn2.gsmarena.com/vv/bigpic/t-mobile-mytouch-q-2.jpg,No,
T-Mobile TVMP4/WMV/H.264 playerMP3/WAV/WMA/eAAC+ playerOrganizerDocument viewerVoice memo/dial/commandsPredictive text input (Swype),T_Mobile,,Yes,,1.4 GHz Scorpion,140 g (4.94 oz),,,About 290 EUR,,"GPS, A-GPS",HSPA,,"480 x 800 pixels, 5:3 ratio (~233 ppi density)",,Up to 6 h 10,"4.0 inches, 45.5 cm2(~64.4% screen-to-body ratio)",Discontinued,Adreno 205,GSM / HSPA,"Black, Dark red",,,"Wi-Fi 802.11 b/g/n, DLNA, hotspot",,Up to 186 h,HSDPA 1700 / 2100,"2012, August. Released 2012, August",,T-Mobile myTouch 2,,,Removable Li-Ion 1500 mAh battery,GSM 850 / 900 / 1800 / 1900,Mini-SIM,IPS LCD,Qualcomm MSM8255T Snapdragon S2,Yes,Android 2.3 (Gingerbread),microUSB 2.0,,VGA,,,,"Accelerometer, proximity, compass",,720p@30fps,114 x 62 x 10 mm (4.49 x 2.44 x 0.39 in),LED flash,,"5 MP, AF",,,,4GB 1GB RAM,,,,Yes,,microSDHC (dedicated slot),https://fdn2.gsmarena.com/vv/bigpic/t-mobile-mytouch-2.jpg,No,
No,T_Mobile,,Yes,MP3/WAV/eAAC+ playerMP4/H.264 playerOrganizerDocument viewerVoice memo/dialPredictive text input (Swype),600 MHz,125 g (4.41 oz),,,About 170 EUR,,"GPS, A-GPS",HSPA,,"320 x 480 pixels, 3:2 ratio (~165 ppi density)",,Up to 6 h 30 min,"3.5 inches, 36.5 cm2(~52.1% screen-to-body ratio)",Discontinued,,GSM / HSPA,Black,,,"Wi-Fi 802.11 b/g, hotspot",,Up to 400 h,HSDPA 850 / 1700 / 1900 / 2100,"2012, May. Released 2012, May",,T-Mobile Prism,,,Removable Li-Ion 1400 mAh battery,GSM 850 / 900 / 1800 / 1900,Mini-SIM,"TFT, 256K colors",,"2.1, A2DP, EDR",Android 2.3.5 (Gingerbread),microUSB 2.0,,,,,,"Accelerometer, proximity, compass",,Yes,116.3 x 60.2 x 12.2 mm (4.58 x 2.37 x 0.48 in),,,3.15 MP,,,,512MB,,,,Yes,,microSDHC (dedicated slot),https://fdn2.gsmarena.com/vv/bigpic/t-mobile-prism.jpg,No,
HSDPA 900 / 2100,T_Mobile,0.54 W/kg (head),Yes,No,800 MHz,142 g (5.01 oz),,,About 100 EUR,,"GPS, A-GPS",HSPA 7.2/0.384 Mbps,,"480 x 800 pixels, 5:3 ratio (~252 ppi density)",,Up to 11 h,"3.7 inches, 39.0 cm2(~55.3% screen-to-body ratio)",Discontinued,,GSM / HSPA,Black,,,Wi-Fi 802.11 b/g/n,,Up to 770 h,HSDPA 850 / 1900,"2011, December. Released 2011, December",,T-Mobile Move Balance,,,Removable Li-Ion 2000 mAh battery,GSM 850 / 900 / 1800 / 1900,Mini-SIM,"TFT, 256K colors",,"2.1, A2DP",Android 2.3.5 (Gingerbread),microUSB 2.0,,,,,,Accelerometer,,Yes,118.5 x 59.5 x 10.5 mm (4.67 x 2.34 x 0.41 in),LED flash,,"5 MP, AF",,,MP3/WAV/eAAC+ playerMP4/H.264 playerOrganizerDocument viewerVoice memo/dialPredictive text input,4GB 512MB RAM,,,,Yes,,"microSDHC (dedicated slot), 4 GB included",https://fdn2.gsmarena.com/vv/bigpic/t-mobile-move-balance.jpg,FM radio,
No,T_Mobile,1.10 W/kg (head),Yes,MP4/H.264 playerMP3/WAV/eAAC+ playerOrganizerDocument viewerVoice memo/dialPredictive text input,,100 g (3.53 oz),,,,,"GPS, A-GPS",HSPA 3.6/0.384 Mbps,,"240 x 320 pixels, 4:3 ratio (~143 ppi density)",,Up to 4 h,"2.8 inches, 24.3 cm2(~42.4% screen-to-body ratio)",Discontinued,,GSM / HSPA,Black,,,Wi-Fi 802.11 b/g,,Up to 200 h,HSDPA,"2011, Q4. Released 2011, December",,T-Mobile Arizona,Class 12,,Removable Li-Ion 1100 mAh battery,GSM 850 / 900 / 1800 / 1900,Mini-SIM,"TFT, 256K colors",,"2.1, A2DP, EDR",Android OS,microUSB 2.0,,,,,Class 12,Accelerometer,,Yes,104 x 55 x 12.9 mm (4.09 x 2.17 x 0.51 in),,,2 MP,,,,100MB,,,,Yes,,"microSDHC (dedicated slot), 2 GB included",https://fdn2.gsmarena.com/vv/bigpic/t-mobile-arizona.jpg,,
MP4/WMV/H.264 playerMP3/WAV/WMA/eAAC+ playerOrganizerDocument viewerVoice memo/dialPredictive text input,T_Mobile,,Yes,,,118 g (4.16 oz),,,About 170 EUR,,"GPS, A-GPS",HSPA,,"480 x 800 pixels, 5:3 ratio (~267 ppi density)",,Up to 4 h,"3.5 inches, 34.9 cm2(~52.3% screen-to-body ratio)",Discontinued,,GSM / HSPA,Black,,,"Wi-Fi 802.11 b/g/n, hotspot",,Up to 200 h,HSDPA 900 / 2100,"2011, November. Released 2011, November",,T-Mobile Vivacity,,,Removable Li-Ion 1500 mAh battery,GSM 850 / 900 / 1800 / 1900,Mini-SIM,"TFT, 256K colors",,Yes,Android 2.3 (Gingerbread),microUSB 2.0,,Yes,,,,"Accelerometer, proximity, compass",,Yes,115 x 58 x 10.5 mm (4.53 x 2.28 x 0.41 in),LED flash,,5 MP,,,,512MB,,,,Yes,,"microSDHC (dedicated slot), 2 GB included",https://fdn2.gsmarena.com/vv/bigpic/t-mobile-vivacity.jpg,"Stereo FM radio, RDS",
T-Mobile TVMP4/WMV/H.264 playerMP3/WAV/WMA/eAAC+ playerOrganizerDocument viewerVoice memo/dial/commandsPredictive text input,T_Mobile,,Yes,,Dual-core 1.2 GHz Scorpion,184 g (6.49 oz),,,About 350 EUR,,"GPS, A-GPS",HSPA 14.4/5.76 Mbps,,"480 x 800 pixels, 5:3 ratio (~252 ppi density)",,Up to 9 h (2G) / Up to 7 h (3G),"3.7 inches, 39.0 cm2(~48.4% screen-to-body ratio)",Discontinued,Adreno 220,GSM / HSPA,"White, Black",,,"Wi-Fi 802.11 b/g/n, DLNA, hotspot",,Up to 300 h (2G) / Up to 240 h (3G),HSDPA 1700 / 2100,"2011, June. Released 2011, July",,T-Mobile myTouch 4G Slide,,,Removable Li-Ion 1520 mAh battery,GSM 850 / 900 / 1800 / 1900,Mini-SIM,S-LCD,,"3.0, A2DP, EDR",Android 2.3.4 (Gingerbread),microUSB 2.0,,Yes,QWERTY,,,"Accelerometer, proximity",,1080p@30fps,122 x 66 x 14 mm (4.80 x 2.60 x 0.55 in),"Dual-LED flash, HDR",,"8 MP, AF",,,,4GB 768MB RAM,,,,Yes,,"microSDHC (dedicated slot), 8 GB included",https://fdn2.gsmarena.com/vv/bigpic/t-mobile-mytouch-4g-slide.jpg,"Stereo FM radio, RDS",
No,T_Mobile,,Yes,SNS applicationsMP3/WAV/AAC+ playerMP4/H.263 playerOrganizerPredictive text input,,121 g (4.27 oz),,"500 entries, Photocall",,,No,,,"320 x 480 pixels, 3:2 ratio (~165 ppi density)",Yes,Up to 4 h 30 min,"3.5 inches, 36.5 cm2(~52.2% screen-to-body ratio)",Discontinued,,GSM,Black,,,Wi-Fi 802.11 b/g,,Up to 200 h,,2011. Released 2011,"SMS, MMS, Email",T-Mobile Energy,Yes,,Removable Li-Ion battery,GSM 850 / 900 / 1800 / 1900,Mini-SIM,"TFT, 256K colors",,Yes,,microUSB 2.0,,,,Yes,Yes,,,Yes,116.5 x 60 x 12 mm (4.59 x 2.36 x 0.47 in),,,3.15 MP,,,,,,"20 dialed, 20 received, 20 missed calls",,Yes,,"microSD (dedicated slot), 2 GB included",https://fdn2.gsmarena.com/vv/bigpic/tmobile-energy.jpg,FM radio,
T-Mobile TVMP4/H.264 playerMP3/WAV/eAAC+ playerOrganizerPhoto/video editorDocument editorPredictive text input (Swype),T_Mobile,,Yes,,Dual-core 1.2 GHz Scorpion,607.8 (1.34 lb),,,About 350 EUR,,"GPS, A-GPS",HSPA 42.2/5.76 Mbps,,"800 x 1280 pixels, 16:10 ratio (~216 ppi density)",,Up to 7 h,"7.0 inches, 142.1 cm2(~58.0% screen-to-body ratio)",Discontinued,Adreno 220,GSM / HSPA,Black,,,"Wi-Fi 802.11 b/g/n, hotspot",,Up to 288 h,HSDPA 850 / 1700 / 2100,"2011, October. Released 2011, December",,T-Mobile SpringBoard,,,Non-removable Li-Po 7000 mAh battery,GSM 850 / 900 / 1800 / 1900,Mini-SIM,TFT,Qualcomm MSM8260 Snapdragon S3,"2.1, A2DP","Android 3.2 (Honeycomb), upgradable to 4.0 (Ice Cream Sandwich)",2.0,,1.3 MP,,,,"Accelerometer, compass",,720p,190 x 129 x 10.4 mm (7.48 x 5.08 x 0.41 in),,,"5 MP, AF",,,,16GB,,,,Yes,,microSDHC (dedicated slot),https://fdn2.gsmarena.com/vv/bigpic/t-mobile-springboard.jpg,No,
No,T_Mobile,,Yes,T-Mobile TVMP4/WMV/H.264 playerMP3/WAV/WMA/eAAC+ playerOrganizerDocument viewerVoice memo/dial/commandsPredictive text input (Swype),1.0 GHz Scorpion,160 g (5.64 oz),,,About 190 EUR,,"GPS, A-GPS",HSPA 42.2/5.76 Mbps,,"320 x 480 pixels, 3:2 ratio (~165 ppi density)",,Up to 3 h 20 min,"3.5 inches, 36.5 cm2(~47.1% screen-to-body ratio)",Discontinued,Adreno 205,GSM / HSPA,"Gray, Violet",,,"Wi-Fi 802.11 b/g/n, DLNA, UMA, hotspot",,Up to 280 h,HSDPA 1700 / 2100,"2011, October. Released 2011, November",,T-Mobile myTouch Q,,,Removable Li-Ion 1500 mAh battery,GSM 850 / 900 / 1800 / 1900,Mini-SIM,TFT,Qualcomm MSM8255 Snapdragon S2,"3.0, A2DP, EDR",Android 2.3 (Gingerbread),microUSB 2.0,,,QWERTY,,,"Accelerometer, proximity",,720p@30fps,121 x 64 x 13 mm (4.76 x 2.52 x 0.51 in),LED flash,,"5 MP, AF",,,,2GB 512MB RAM,,,,Yes,,"microSDHC (dedicated slot), 2 GB included",https://fdn2.gsmarena.com/vv/bigpic/tmobile-mytouch-q.jpg,"Stereo FM radio, RDS",
T-Mobile TVMP4/WMV/H.264 playerMP3/WAV/WMA/eAAC+ playerOrganizerDocument viewerVoice memo/dial/commandsPredictive text input (Swype),T_Mobile,,Yes,,1.0 GHz Scorpion,108 g (5.64 oz),,,About 190 EUR,,"GPS, A-GPS",HSPA 42.2/5.76 Mbps,,"480 x 800 pixels, 5:3 ratio (~246 ppi density)",,Up to 4 h,"3.8 inches, 41.1 cm2(~52.6% screen-to-body ratio)",Discontinued,Adreno 205,GSM / HSPA,"Black, White",,,"Wi-Fi 802.11 b/g/n, DLNA, UMA, hotspot",,Up to 312 h,HSDPA 1700 / 2100,"2011, October. Released 2011, November",,T-Mobile myTouch,,,Removable Li-Ion 1500 mAh battery,GSM 850 / 900 / 1800 / 1900,Mini-SIM,AMOLED,Qualcomm MSM8255 Snapdragon S2,"3.0, A2DP, EDR",Android 2.3 (Gingerbread),microUSB 2.0,,Yes,,,,"Accelerometer, proximity, compass",,720p@30fps,122 x 64 x 10 mm (4.80 x 2.52 x 0.39 in),,,"5 MP, AF",,,,2GB 512MB RAM,,,,Yes,,"microSDHC (dedicated slot), 2 GB included",https://fdn2.gsmarena.com/vv/bigpic/tmobile-mytouch.jpg,No,
HDMI portMP4/DivX/XviD/H.264/WMV playerMP3/WAV/WMA/eAAC+ playerDocument viewer/editorOrganizerVoice memoPredictive text input,T_Mobile,,Yes,,Dual-core 1.0 GHz Cortex-A9,621 g (1.37 lb),,,About 710 EUR,,"GPS, A-GPS",HSPA 10.2/2 Mbps,,"768 x 1280 pixels, 5:3 ratio (~168 ppi density)",,Up to 9 h 20 min,"8.9 inches, 225.5 cm2(~61.7% screen-to-body ratio)",Discontinued,ULP GeForce,GSM / HSPA,Black,,,"Wi-Fi 802.11 b/g/n, DLNA, hotspot",,Up to 273 h,HSDPA 1700 / 2100,"2011, February. Released 2011, April",,T-Mobile G-Slate,,,Non-removable Li-Ion battery,GSM 850 / 900 / 1800 / 1900,Mini-SIM,3D LCD,Nvidia Tegra 2 T20,"2.1, A2DP, EDR",Android 3.0 (Honeycomb),microUSB 2.0,,2 MP,,,,"Accelerometer, proximity, compass",,"1080p@24fps (2D), 720@30fps (3D)",243.8 x 150 x 12.7 mm (9.60 x 5.91 x 0.5 in),LED flash,,"5 MP, AF5 MP, AF","HTML, Adobe Flash",,,32GB,,,,"Yes, with stereo speakers",,microSDHC (dedicated slot),https://fdn2.gsmarena.com/vv/bigpic/t-mobile-g-slate-3d.jpg,No,
No,T_Mobile,,Yes,MP3/AAC+/WAV/WMA playerMP4/H.264 playerOrganizerDocument viewerVoice memo/dialPredictive text input,600 MHz,120 g (4.23 oz),,,,,"GPS, A-GPS",HSPA 7.2/2 Mbps,,"240 x 320 pixels, 4:3 ratio (~143 ppi density)",,,"2.8 inches, 24.3 cm2(~38.5% screen-to-body ratio)",Discontinued,,GSM / HSPA,"Red, Black, Pink",,,Wi-Fi 802.11 b/g,,,HSDPA 900 / 2100,"2011, June. Released 2011, Q2",,T-Mobile Move,,,Removable Li-Ion 1300 mAh battery,GSM 850 / 900 / 1800 / 1900,Mini-SIM,"TFT, 256K colors",,"3.0, A2DP","Android 2.2 (Froyo), upgradable to 2.3 (Gingerbread)",microUSB 2.0,,,,,,"Accelerometer, proximity, compass",,Yes,110 x 57.4 x 12.5 mm (4.33 x 2.26 x 0.49 in),,,2 MP,HTML,,,150MB 512MB RAM,,,,Yes,,microSDHC (dedicated slot),https://fdn2.gsmarena.com/vv/bigpic/t-mobile-move.jpg,"Stereo FM radio, RDS",
T-Mobile TVNVIDIA Tegra ZoneT-Mobile Video ChatHDMI portDivX/Xvid/MP4/H.264/WMV playerMP3/WAV/WMA/eAAC+ playerDocument editorOrganizerVoice memo/dial/commandsPredictive text input (Swype),T_Mobile,,Yes,,Dual-core 1.0 GHz Cortex-A9,141.8 g (4.97 oz),,,About 350 EUR,,"GPS, A-GPS",HSPA 21.1/5.76 Mbps,,"480 x 800 pixels, 5:3 ratio (~233 ppi density)",,Up to 7 h 40 min,"4.0 inches, 45.5 cm2(~57.6% screen-to-body ratio)",Discontinued,ULP GeForce,GSM / HSPA,Dark Ale,,,"Wi-Fi 802.11 b/g/n, DLNA, hotspot",,Up to 400 h,HSDPA 1700 / 2100,"2011, March. Released 2011, April",,T-Mobile G2x,,,Removable Li-Ion 1500 mAh battery,GSM 850 / 900 / 1800 / 1900,Mini-SIM,IPS LCD,Nvidia Tegra 2 AP20H,"2.1, A2DP","Android 2.2 (Froyo), upgradable to 2.3 (Gingerbread)",microUSB 2.0,,1.3 MP,,,,"Accelerometer, gyro, proximity, compass",,"1080p@24fps, 720p@30fps",124.5 x 63.5 x 10.2 mm (4.90 x 2.5 x 0.40 in),LED flash,,"8 MP, AF","HTML, Adobe Flash",,,8GB 512MB RAM,,,,Yes,,microSDHC (dedicated slot),https://fdn2.gsmarena.com/vv/bigpic/t-mobile-g2x.jpg,"Stereo FM radio, RDS",
HSDPA 2100,T_Mobile,,Yes,Optical trackpad,1.0 GHz Cortex-A8,162 g (5.71 oz),,,About 310 EUR,,"GPS, A-GPS",HSPA 7.2/5.76 Mbps,,"480 x 800 pixels, 5:3 ratio (~267 ppi density)",,Up to 6 h 30 min,"3.5 inches, 34.9 cm2(~45.0% screen-to-body ratio)",Discontinued,PowerVR SGX540,GSM / HSPA,"Matte black, Pearl magenta",,,"Wi-Fi 802.11 b/g/n, DLNA, hotspot",,Up to 456 h,HSDPA 1700 / 2100,"2011, March. Released 2011, April 20",,T-Mobile Sidekick 4G,,,Removable Li-Ion 1500 mAh battery,GSM 850 / 900 / 1800 / 1900,Mini-SIM,TFT,Hummingbird,"3.0, A2DP",Android 2.2 (Froyo),microUSB 2.0,0.34 W/kg (head)     0.96 W/kg (body),VGA,QWERTY,,,"Accelerometer, proximity",,480p@30fps,127 x 61 x 15 mm (5.0 x 2.40 x 0.59 in),,,"3.15 MP, AF","HTML, Adobe Flash",,"T-Mobile TVMP4/H.264 playerMP3/WAV/eAAC+ playerOrganizerThinkFree Office document editor , PDF viewerVoice memoPredictive text input",1GB 512MB RAM,,,,Yes,,"microSDHC (dedicated slot), 2 GB included",https://fdn2.gsmarena.com/vv/bigpic/t-mobile-sidekick-4g.jpg,Nо,
GSM 900 / 1800 / 1900,T_Mobile,1.26 W/kg (head),No,No,,105 g (3.70 oz),,"Yes, Photocall",,,No,,,"320 x 240 pixels, 4:3 ratio (~167 ppi density)",Yes,Up 16 h 40 min,"2.4 inches, 17.8 cm2(~25.5% screen-to-body ratio)",Discontinued,,GSM,Black,,,Wi-Fi 802.11 b/g,,Up to 726 h,,2011,"SMS, MMS, Email",T-Mobile Vairy Text II,Class 12,,Removable Li-Ion 850 mAh battery,GSM 850 / 1800 / 1900,Mini-SIM,"TFT, 256K colors",,"2.0, A2DP",,microUSB 2.0,,,QWERTY,"Yes, MIDP 2.0",Class 12,,,QCIF,118.5 x 59 x 12.2 mm (4.67 x 2.32 x 0.48 in),,,2 MP,,,MP3/eAAC+ playerMP4/H.264 playerDocument viewerOrganizerCalculatorVoice memoPredictive text input,70MB,,Yes,,Yes,,microSDHC (dedicated slot),https://fdn2.gsmarena.com/vv/bigpic/t-mobile-vairy-text-ii.jpg,"Stereo FM radio, RDS",
No,T_Mobile,,No,MP4/H.263 playerMP3/AAC+ playerOrganizerVoice memoPredictive text input,,95 g (3.35 oz),,"Yes, Photocall",About 50 EUR,,No,,,"240 x 400 pixels, 5:3 ratio (~167 ppi density)",Yes,Up to 6 h 30 min,"2.8 inches, 22.3 cm2(~38.6% screen-to-body ratio)",Discontinued,,GSM,"Black, Pink",,,No,,Up to 390 h,,"2010, November. Released 2010, November","SMS, MMS, Email",T-Mobile Vibe E200,Yes,,Removable Li-Ion battery,GSM 900 / 1800,Mini-SIM,"TFT resistive touchscreen, 256K colors",,"2.0, A2DP",,2.0,,,QWERTY,"Yes, MIDP 2.0",No,,,Yes,109 x 53 x 15 mm (4.29 x 2.09 x 0.59 in),,,2 MP,"WAP 2.0/xHTML, HTML",,,,,Yes,,Yes,,"microSD (dedicated slot), 2 GB included",https://fdn2.gsmarena.com/vv/bigpic/T-Mobile-Vibe-E200.jpg,FM radio,
No,T_Mobile,,Yes,MP3/WMA/eAAC+ playerMP4/H.264 playerOrganizerPhoto viewer/editorVoice memo/dial/commandsPredictive text input (Swype),528 MHz ARM 11,102.1 g (3.60 oz),,,About 150 EUR,,"GPS, A-GPS",HSPA 7.2/0.384 Mbps,,"240 x 320 pixels, 4:3 ratio (~143 ppi density)",,Up to 9 h,"2.8 inches, 24.3 cm2(~41.7% screen-to-body ratio)",Discontinued,No,GSM / HSPA,Black,,,"Wi-Fi 802.11 b/g/n, hotspot",,Up to 288 h,HSDPA 900 / 1700 / 2100,"2010, November. Released 2010, November",,T-Mobile Comet,,,Removable Li-Ion 1200 mAh battery,GSM 850 / 900 / 1800 / 1900,Mini-SIM,"TFT, 256K colors",Qualcomm MSM7225 Snapdragon S1,"2.0, A2DP",Android 2.2 (Froyo),microUSB 2.0,,,,,,Accelerometer,,CIF,104.1 x 55.9 x 12.7 mm (4.10 x 2.20 x 0.5 in),,,3.15 MP,"HTML, Adobe Flash",,,,,,,Yes,,"microSDHC (dedicated slot), 2 GB included",https://fdn2.gsmarena.com/vv/bigpic/T-Mobile-Comet.jpg,FM radio,
Optical trackpad,T_Mobile,,Yes,MP4/H.264 playerMP3/WAV/eAAC+ playerOrganizerDocument viewerVoice memo/dial/commandsPredictive text input (Swype),1.0 GHz Scorpion,153.1 g (5.40 oz),,,About 280 EUR,,"GPS, A-GPS",HSPA 14.4/5.76 Mbps,,"480 x 800 pixels, 5:3 ratio (~246 ppi density)",,Up to 9 h (2G) / Up to 10 h 20 min (3G),"3.8 inches, 41.1 cm2(~55.3% screen-to-body ratio)",Discontinued,Adreno 205,GSM / HSPA,Black,,,"Wi-Fi 802.11 b/g/n, DLNA, hotspot",,Up to 552 h (2G) / Up to 432 h (3G),HSDPA 900 / 1700 / 2100,"2010, October. Released 2010, November",,T-Mobile myTouch 4G,,,Removable Li-Ion 1400 mAh battery,GSM 850 / 900 / 1800 / 1900,Mini-SIM,TFT,Qualcomm MSM8255 Snapdragon S2,"2.1, A2DP","Android 2.2 (Froyo), upgradable to 2.3 (Gingerbread), Sense UI",miniUSB 2.0,,VGA videocall camera,,,,"Accelerometer, proximity",,720p@30fps,121.9 x 61 x 10.2 mm (4.80 x 2.40 x 0.40 in),LED flash,,"5 MP, AF","HTML, Adobe Flash",,,4GB 768MB RAM,,,,Yes,,"microSDHC (dedicated slot), 8 GB included",https://fdn2.gsmarena.com/vv/bigpic/t-mobile-mytouch-hd.jpg,FM radio,
Optical trackpad,T_Mobile,,Yes,No,800 MHz Scorpion,184.3 g (6.49 oz),Corning Gorilla Glass,,About 420 EUR,,"GPS, A-GPS",HSPA 14.4/2 Mbps,,"480 x 800 pixels, 5:3 ratio (~252 ppi density)",,Up to 9 h 50 min (2G) / Up to 6 h 40 min (3G),"3.7 inches, 39.0 cm2(~53.5% screen-to-body ratio)",Discontinued,Adreno 205,GSM / HSPA,"White, Black",,,"Wi-Fi 802.11 b/g/n, hotspot",,Up to 430 h (2G) / Up to 430 h (3G),HSDPA 1700 / 2100,"2010, September. Released 2010, October",,T-Mobile G2,,,Removable Li-Ion 1300 mAh battery,GSM 850 / 900 / 1800 / 1900,Mini-SIM,TFT,Qualcomm MSM7230,"2.1, A2DP",Android 2.2 (Froyo),microUSB 2.0,,,QWERTY,,,"Accelerometer, proximity, compass",,720p,119.4 x 61 x 15.2 mm (4.70 x 2.40 x 0.60 in),LED flash,,"5 MP, AF","HTML, Adobe Flash",,MP4/H.264 playerMP3/WAV/eAAC+ playerOrganizerDocument viewerVoice memoPredictive text input (Swype),4GB 512MB RAM,,,,Yes,,"microSDHC (dedicated slot), 8 GB included",https://fdn2.gsmarena.com/vv/bigpic/t-mobile-g2.jpg,Nо,
Optical trackpad,T_Mobile,,Yes,No,600 MHz ARM 11,167 (5.89 oz),Corning Gorilla Glass,,About 330 EUR,,"GPS, A-GPS",HSPA 7.2/2 Mbps,,"320 x 480 pixels, 3:2 ratio (~170 ppi density)",,Up to 6 h 40 min,"3.4 inches, 34.4 cm2(~52.1% screen-to-body ratio)",Discontinued,Adreno 130,GSM / HSPA,"White, Black, Red",,,Wi-Fi 802.11 b/g,,Up to 286 h,HSDPA 1700 / 2100,"2010, April. Released 2010, June",,T-Mobile myTouch 3G Slide,,,Removable Li-Ion 1300 mAh battery,GSM 850 / 900 / 1800 / 1900,Mini-SIM,"TFT, 65K colors",,"2.1, A2DP, EDR","Android 2.1 (Eclair), upgradable to 2.2 (Froyo)",microUSB 2.0,0.75 W/kg (head)     0.65 W/kg (body),,QWERTY,,,Accelerometer,,Yes,114 x 58 x 15 mm (4.49 x 2.28 x 0.59 in),LED flash,,"5 MP, AF",HTML,,MP4/H.264 playerMP3/WAV/eAAC+ playerOrganizerDocument viewerVoice memoPredictive text input,"512MB RAM, 512MB",,,,Yes,,"microSDHC (dedicated slot), 8 GB included",https://fdn2.gsmarena.com/vv/bigpic/t-mobile-mytouch-slide-ofic.jpg,No,
No,T_Mobile,,No,MP3/eAAC+/WAV playerMP4/H.264 playerDocument viewerPhoto viewer/editorOrganizerVoice memoPredictive text input,,136 g (4.80 oz),,,About 340 EUR,,"GPS, A-GPS, Garmin navigation",HSPA 7.2/0.384 Mbps,,"320 x 480 pixels, 3:2 ratio (~165 ppi density)",,Up to 4 h,"3.5 inches, 36.5 cm2(~50.6% screen-to-body ratio)",Discontinued,,GSM / HSPA,Black,,,Wi-Fi 802.11b/g,,Up to 144 h,HSDPA 1700 / 2100,"2010, February. Released 2010, June",,T-Mobile Garminfone,,,Removable Li-Ion 1150 mAh battery,GSM 850 / 900 / 1800 / 1900,Mini-SIM,"TFT, 256K colors",,"2.0, A2DP, EDR",Android 2.1 (Eclair),2.0,,,,,,"Accelerometer, proximity, compass",,480p@24fps,116 x 62.2 x 12 mm (4.57 x 2.45 x 0.47 in),,,"3.15 MP, AF",HTML,,,4GB 256MB RAM,,,,Yes,,microSDHC (dedicated slot),https://fdn2.gsmarena.com/vv/bigpic/t-mobile-garminfone.jpg,No,
No,T_Mobile,,Yes,MP3/WAV/WMA/eAAC+ playerMP4/H.264 playerDocument viewerOrganizerVoice memoPredictive text input,600 MHz ARM 11,110 g (3.88 oz),,,,,"GPS, A-GPS",HSPA 3.6/0.384 Mbps,,"240 x 320 pixels, 4:3 ratio (~143 ppi density)",,Up to 4 h,"2.8 inches, 24.3 cm2(~40.2% screen-to-body ratio)",Discontinued,Adreno 200,GSM / HSPA,"Black, White",,,Wi-Fi 802.11 b/g,,Up to 300 h,HSDPA 900 / 2100,"2010, February. Released 2010, May",,T-Mobile Pulse Mini,,,Removable Li-Ion 1150 mAh battery,GSM 900 / 1800 / 1900,Mini-SIM,"TFT resistive touchscreen, 256K colors",Qualcomm MSM7227 Snapdragon S1,"2.0, A2DP",Android 2.1 (Eclair),2.0,,,,,,Accelerometer,,Yes,106 x 57 x 14 mm (4.17 x 2.24 x 0.55 in),LED flash,,3.15 MP,HTML,,,300MB,,,,Yes,,microSDHC (dedicated slot),https://fdn2.gsmarena.com/vv/bigpic/t-mobile-pulse-mini.jpg,FM radio,
No,T_Mobile,,Yes,MP3/WAV/eAAC+ playerVoice memo/dial/commandsPredictive text input,528 MHz ARM 11,116 g (4.09 oz),,,About 300 EUR,,"GPS, A-GPS",HSPA 7.2/2 Mbps,,"320 x 480 pixels, 3:2 ratio (~180 ppi density)",,Up to 7 h,"3.2 inches, 30.5 cm2(~48.2% screen-to-body ratio)",Discontinued,Adreno 130,GSM / HSPA,Sunburst,,,"Wi-Fi 802.11 b/g, hotspot (Android 2.2)",,Up to 408 h,HSDPA 900 / 1700 / 2100,"2009, October. Released 2010, January",,T-Mobile myTouch 3G Fender Edition,,,Removable Li-Ion 1340 mAh battery,GSM 850 / 900 / 1800 / 1900,Mini-SIM,"TFT, 65K colors",Qualcomm MSM7201A,"2.0, A2DP (headset support only)","Android 1.6 (Donut), upgradable to 2.2 (Froyo)",miniUSB 2.0,,,,,,"Accelerometer, compass",,CIF,113 x 56 x 14.7 mm (4.45 x 2.20 x 0.58 in),,,"3.15 MP, AF",HTML,,,"192MB RAM, 512MB",,,,Yes,,"microSDHC (dedicated slot), 16 GB included",https://fdn2.gsmarena.com/vv/bigpic/t-mobile-mytouch-3g-fender.jpg,No,
No,T_Mobile,,Yes,"MP3/WAV/WMA/eAAC+ playerMP4/WMV/H.264 playerPocket OfficeHTC Peep, HTC FootprintsT-mobile services: MobiTV, BLOCKBUSTER, Barnes & Nobl, Gogo Inflight InternetTransformers & Transformers 2 movies preloadedVoice memoPredictive text input",1.0 GHz Scorpion,157 g (5.54 oz),,,About 230 EUR,,"GPS, A-GPS; NaviPanel",HSPA 7.2/2 Mbps,,"480 x 800 pixels, 5:3 ratio (~217 ppi density)",,Up to 6 h,"4.3 inches, 52.6 cm2(~64.4% screen-to-body ratio)",Discontinued,Adreno 200,GSM / HSPA,Black,,,Wi-Fi 802.11 b/g,,Up to 480 h,HSDPA 1700 / 2100,"2010, January. Released 2010, March",,T-Mobile HD2,,,Removable Li-Ion 1230 mAh battery,GSM 850 / 900 / 1800 / 1900,Mini-SIM,"TFT, 65K colors",Qualcomm QSD8250 Snapdragon S1,"2.1, A2DP","Microsoft Windows Mobile 6.5 Professional, Sense UI",microUSB,,,,,,"Accelerometer, proximity, compass",,480p@30fps,122 x 67 x 11 mm (4.80 x 2.64 x 0.43 in),Dual-LED flash,,"5 MP, AF","WAP 2.0/xHTML, HTML",,,"576MB RAM, 1GB ROM",,,,Yes,,"microSDHC (dedicated slot), 16 GB included",https://fdn2.gsmarena.com/vv/bigpic/t-mobile-hd2.jpg,"Stereo FM radio, RDS",
No,T_Mobile,,No,MP3/AAC+/WAV playerMP4/H.264 playerVoice memoPredictive text input,,104.9 g (3.67 oz),,"1000 entries, Photocall",About 80 EUR,,"GPS, A-GPS",HSPA 3.6/0.384 Mbps,,"240 x 320 pixels, 4:3 ratio (~143 ppi density)",Yes,Up to 5 h,"2.8 inches, 24.3 cm2(~40.7% screen-to-body ratio)",Discontinued,,GSM / HSPA,"Berry, Midnight Blue",,,No,,Up to 240 h,HSDPA 1700 / 2100,"2009, October. Released 2009, November","SMS, MMS, Email, IM",T-Mobile Tap,,,Removable Li-Ion 1150 mAh battery,GSM 850 / 900 / 1800 / 1900,Mini-SIM,"TFT resistive touchscreen, 256K colors",,"2.0, A2DP",,miniUSB,,,,"Yes, MIDP 2.1",,,,Yes,106.7 x 55.9 x 12.7 mm (4.20 x 2.20 x 0.5 in),,,2 MP,WAP 2.0 / xHTML,,,,,"30 received, dialed and missed calls",,Yes,,microSD (dedicated slot),https://fdn2.gsmarena.com/vv/bigpic/t-mobile-tap-midnight-blue.jpg,No,
Trackball,T_Mobile,,No,2.5 mm audio jack,,130 g (4.59 oz),,,About 250 EUR,,"GPS, A-GPS",HSPA 7.2/2 Mbps,,"320 x 480 pixels, 3:2 ratio (~165 ppi density)",,Up to 4 h,"3.5 inches, 36.5 cm2(~49.9% screen-to-body ratio)",Discontinued,,GSM / HSPA,Black,,,Wi-Fi 802.11 b/g,,Up to 300 h,HSDPA 900 / 2100,"2009, August. Released 2009, October",,T-Mobile Pulse,,,Removable Li-Ion 1500 mAh battery,GSM 850 / 900 / 1800 / 1900,Mini-SIM,"TFT, 65K colors",,"2.0, A2DP",Android 1.5 (Cupcake),Proprietary,,VGA,,,,Accelerometer,,Yes,116 x 63 x 13.5 mm (4.57 x 2.48 x 0.53 in),,,"3.15 MP, AF",HTML,,MP3/AAC+/WAV playerMP4/H.264 playerVoice memoPredictive text input,192MB,,,,Yes,,microSDHC (dedicated slot),https://fdn2.gsmarena.com/vv/bigpic/t-mobile-pulse-new.jpg,No,
No,T_Mobile,,No,"MP3/eAAC+ playerMP4/H.264 playerDocument viewer (Word, Excel, PPT, PDF)OrganizerCalculatorVoice memoPredictive text input",,103 g (3.63 oz),,"800 entries, Photocall",,,No,,,"320 x 240 pixels, 4:3 ratio (~167 ppi density)",Yes,Up 9 h,"2.4 inches, 17.8 cm2(~27.7% screen-to-body ratio)",Discontinued,,GSM,Black,,,No,,Up to 450 h,,"2009, September. Released 2009, October","SMS, MMS, Email",T-Mobile Vairy Text,Yes,,Removable Li-Ion 850 mAh battery,GSM 850 / 1800 / 1900,Mini-SIM,"TFT, 256K colors",,"2.0, A2DP",,Proprietary,,,QWERTY,"Yes, MIDP 2.0",Yes,,,Yes,111 x 58 x 13.9 mm (4.37 x 2.28 x 0.55 in),,,2 MP,WAP 2.0/xHTML,,,20MB,,Yes,,Yes,,"microSDHC (dedicated slot), 2 GB included",https://fdn2.gsmarena.com/vv/bigpic/t-mobile-vairy-text.jpg,"Stereo FM radio, RDS",
GSM 900 / 1800,T_Mobile,,No,No,,83 g (2.93 oz),,"1000 contacts, Photocall",About 70 EUR,,No,,,"240 x 400 pixels, 5:3 ratio (~167 ppi density)",Yes,Up to 4 h 50 min,"2.8 inches, 22.3 cm2(~43.8% screen-to-body ratio)",Discontinued,,GSM,Black,,,No,,Up to 300 h,,"2010, Feburary. Released 2010, February","SMS, MMS",T-Mobile Vairy Touch II,Class 10,,Removable Li-Ion 800 mAh battery,GSM 900 / 1800 / 1900,Mini-SIM,"TFT resistive touchscreen, 65K colors",,"2.0, A2DP",,Proprietary,,,,"Yes, MIDP 2.0",Class 10,,,Yes,102 x 50 x 12.5 mm (4.02 x 1.97 x 0.49 in),,,2 MP,WAP 2.0/xHTML,,MP3/AAC+/WAV/WMA playerOrganizerVoice memoPredictive text input,,,"30 dialed, 30 received, 30 missed calls",,Yes,,microSDHC (dedicated slot),https://fdn2.gsmarena.com/vv/bigpic/t-mobile-vairy-touch-ii.jpg,Stereo FM radio,
Trackball,T_Mobile,,Yes,No,528 MHz ARM 11,135 g (4.76 oz),,,About 260 EUR,,"GPS, A-GPS",HSPA 7.2/2 Mbps,,"320 x 480 pixels, 3:2 ratio (~180 ppi density)",,Up to 8 h (2G) / Up to 7 h (3G),"3.2 inches, 30.5 cm2(~48.4% screen-to-body ratio)",Discontinued,Adreno 130,GSM / HSPA,Black,,,Wi-Fi 802.11 b/g,,Up to 440 h (2G) / Up to 750 h (3G),HSDPA 900 / 2100,"2009, July. Released 2009, July",,T-Mobile G2 Touch,,,Removable Li-Ion 1350 mAh battery,GSM 850 / 900 / 1800 / 1900,Mini-SIM,"TFT, 65K colors",Qualcomm MSM7200A,"2.0, A2DP","Android 1.5 (Cupcake), Sense UI",miniUSB,,,,,,"Accelerometer, proximity, compass",,Yes,112 x 56.2 x 14.4 mm (4.41 x 2.21 x 0.57 in),,,"5 MP, AF",HTML,,Dedicated search keyScenes quick profile switcherMP3/AAC+/WAV/WMA9 playerMP4/H.264/WMV9 playerVoice memoPredictive text input,"288MB RAM, 512MB",,,,Yes,,microSD (dedicated slot),https://fdn2.gsmarena.com/vv/bigpic/t-mobile-g2-touch.jpg,No,
Trackball,T_Mobile,,No,No,528 MHz,120 g (4.23 oz),,,About 180 EUR,,"GPS, A-GPS",HSPA 7.2/0.384 Mbps,,"320 x 240 pixels, 4:3 ratio (~167 ppi density)",,Up 8 h 30 min (2G) / Up to 5 h (3G),"2.4 inches, 17.8 cm2(~24.9% screen-to-body ratio)",Discontinued,,GSM / HSPA,Brown,,,Wi-Fi 802.11b/g,,Up to 380 h (2G) / Up to 480 h (3G),HSDPA 1700 / 2100,"2009, March. Released 2009, June",,T-Mobile Dash 3G,,,Removable Li-Ion 1500 mAh battery,GSM 850 / 900 / 1800 / 1900,Mini-SIM,"TFT, 65K colors",,"2.0, A2DP",Microsoft Windows Mobile 6.1 Standard,Proprietary,,,QWERTY,,,,,Yes,116.5 x 61.5 x 12 mm (4.59 x 2.42 x 0.47 in),,,2 MP,"WAP 2.0/xHTML, HTML",,MP3/WAV/WMA/eAAC+ playerMP4/H.264 playerDocument viewerOrganizerCalculatorVoice memoPredictive text input,"192MB RAM, 256MB ROM",,,,Yes,,microSDHC (dedicated slot),https://fdn2.gsmarena.com/vv/bigpic/t-mobile-dash-3g.jpg,No,
No,T_Mobile,,Yes,Voice memoMP3 playerPredictive text input,528 MHz ARM 11,116 g (4.09 oz),,,,,GPS,HSPA 7.2/2 Mbps,,"320 x 480 pixels, 3:2 ratio (~180 ppi density)",,,"3.2 inches, 30.5 cm2(~48.2% screen-to-body ratio)",Discontinued,Adreno 130,GSM / HSPA,"White, Black, Red",,,Wi-Fi 802.11 b/g,,,HSDPA 900 / 1700 / 2100,2011. Released 2011,,T-Mobile myTouch 3G 1.2,,,Removable Li-Ion battery,GSM 850 / 900 / 1800 / 1900,Mini-SIM,"TFT, 65K colors",Qualcomm MSM7201A,"2.0, A2DP (headset support only)",Android 1.5 (Cupcake),miniUSB,,,,,,"Accelerometer, compass",,CIF,113 x 56 x 14.7 mm (4.45 x 2.20 x 0.58 in),,,"3.15 MP, AF",HTML,,,"256MB RAM, 512MB",,,,Yes,,microSD (dedicated slot),https://fdn2.gsmarena.com/vv/bigpic/t-mobile-mytouch-3g.jpg,No,
Trackball,T_Mobile,,No,No,528 MHz ARM 11,116 g (4.09 oz),Corning Gorilla Glass,,About 250 EUR,,"GPS, A-GPS",HSPA 7.2/2 Mbps,,"320 x 480 pixels, 3:2 ratio (~180 ppi density)",,Up to 6 h,"3.2 inches, 30.5 cm2(~48.2% screen-to-body ratio)",Discontinued,Adreno 130,GSM / HSPA,"White, Black, Red",,,Wi-Fi 802.11 b/g,,Up to 600 h,HSDPA 1700 / 2100,"2009, June. Released 2009, April",,T-Mobile myTouch 3G,,,Removable Li-Ion 1340 mAh battery,GSM 850 / 900 / 1800 / 1900,Mini-SIM,"TFT, 65K colors",Qualcomm MSM7201A,"2.0, A2DP, EDR",Android 1.5 (Cupcake),miniUSB 2.0,1.37 W/kg (head)     1.05 W/kg (body),,,,,"Accelerometer, compass",,CIF,113 x 56 x 14.7 mm (4.45 x 2.20 x 0.58 in),,,"3.15 MP, AF",HTML,,Voice memoMP3 playerPredictive text input,"192MB RAM, 512MB",,,,Yes,,"microSDHC (dedicated slot), 4 GB included",https://fdn2.gsmarena.com/vv/bigpic/t-mobile-mytouch-3g.jpg,No,
TouchFLO 3D finger swipe navigationTouch-sensitive zoom barHandwriting recognition,T_Mobile,,No,Pocket OfficeVoice memoMP3 playerTV-out,528 MHz ARM 11,178.5 g (6.28 oz),,,,,GPS,HSPA 7.2/2 Mbps,,"480 x 800 pixels, 5:3 ratio (~259 ppi density)",,Up to 8 h 30 min (2G) / Up to 6 h 30 min (3G),"3.6 inches, 36.9 cm2(~53.7% screen-to-body ratio)",Discontinued,Adreno 130,GSM / HSPA,Black/Grey,,,Wi-Fi 802.11 b/g,,Up to 500 h (2G) / Up to 750 h (3G),HSDPA 900 / 2100,"2009, February. Released 2009, June",,T-Mobile MDA Vario V,,,Removable Li-Ion 1500 mAh battery,GSM 850 / 900 / 1800 / 1900,Mini-SIM,"TFT resistive touchscreen, 65K colors",Qualcomm MSM7200A,"2.0, A2DP",Microsoft Windows Mobile 6.1 Professional,miniUSB,,VGA videocall camera,QWERTY,,,Accelerometer,,480p,116 x 59.2 x 17.3 mm (4.57 x 2.33 x 0.68 in),,,"3.15 MP, AF",HTML,,,"288MB RAM, 512MB ROM",,,,Yes,,microSD (dedicated slot),https://fdn2.gsmarena.com/vv/bigpic/t-mobile-mda-vario-v.jpg,"Factory locked by default, can be enabled",
TouchFLO 3D finger swipe navigationTouch-sensitive zoom barHandwriting recognition,T_Mobile,,No,Pocket OfficeVoice memoMP3 player,528 MHz ARM 11,117 g (4.13 oz),,,,,"GPS, A-GPS",HSPA 7.2/2 Mbps,,"480 x 800 pixels, 5:3 ratio (~292 ppi density)",,Up to 5 h,"3.2 inches, 29.1 cm2(~50.9% screen-to-body ratio)",Discontinued,Adreno 130,GSM / HSPA,Black,,,Wi-Fi 802.11 b/g,,Up to 500 h,HSDPA 900 / 2100,"2009, February. Released 2009, June",,T-Mobile MDA Compact V,,,Removable Li-Ion 1100 mAh battery,GSM 850 / 900 / 1800 / 1900,Mini-SIM,"TFT resistive touchscreen, 65K colors",Qualcomm MSM7200A,"2.0, A2DP",Microsoft Windows Mobile 6.1 Professional,miniUSB,,VGA videocall camera,,,,Accelerometer,,480p@15fps,107.9 x 53.1 x 13.7 mm (4.25 x 2.09 x 0.54 in),,,"5 MP, AF",HTML,,,"288MB RAM, 512MB ROM",,,,Yes,,microSD (dedicated slot),https://fdn2.gsmarena.com/vv/bigpic/t-mobile-mda-compact-v.jpg,"Stereo FM radio, RDS",
Trackball,T_Mobile,,Yes,Swivel display,,165 g (5.82 oz),,"2000 contacts, Photo call",About 220 EUR,,"GPS, A-GPS","Yes, 384 kbps",,"854 x 480 pixels, 16:9 ratio (~306 ppi density)",Yes,Up to 5 h 30 min,"3.2 inches, 28.2 cm2(~35.0% screen-to-body ratio)",Discontinued,,GSM / UMTS,"Orchid, Carbon",,,No,,Up to 192 h,UMTS 1700 / 2100,"2009, April","SMS, MMS, Email, IM",T-Mobile Sidekick LX 2009,,,Removable Li-Ion 1250 mAh battery,GSM 850 / 900 / 1800 / 1900,Mini-SIM,"TFT, 65K colors",,"2.0, A2DP",,miniUSB,0.40 W/kg (head)     0.46 W/kg (body),,QWERTY,"Yes, MIDP 2.0",,,,Yes,132 x 61 x 16.3 mm (5.20 x 2.40 x 0.64 in),LED flash,,"3.15 MP, AF","WAP 2.0/xHTML, HTML",,No,,,"30 dialed, 30 received, 30 missed calls",,Yes,"MP3/WMA/WAV audio playerMP4/3gp playerVoice memoMySpace, Facebook, Twitter, Photobucket, YouTube apps","microSDHC (dedicated slot), 1 GB included",https://fdn2.gsmarena.com/vv/bigpic/sidekick-lx-2009.jpg,No,
No,T_Mobile,,No,Pocket OfficeMP3/AAC playerVoice memo/dialPredictive text input,260 MHz,150.3 g (5.29 oz),,,About 150 EUR,,No,,,"240 x 320 pixels, 4:3 ratio",,Up to 7 h,,Discontinued,,GSM,"White Mint, Black Burgundy",,,"Wi-Fi 802.11 b/g, UMA",,Up to 168 h,,"2009, January",,T-Mobile Shadow 2,Class 10,,Removable Li-Ion 1100 mAh battery,GSM 850 / 900 / 1800 / 1900,Mini-SIM,"TFT, 65K colors",TI OMAP V1030,2.0,Microsoft Windows Mobile 6.1 Standard,miniUSB,,,Half-QWERTY,,Class 10,,,Yes,104.1 x 53.3 x 15.2 mm (4.10 x 2.10 x 0.60 in),,,2 MP,"WAP 2.0/xHTML, HTML (PocketIE)",,,,,,,Yes,,microSDHC (dedicated slot),https://fdn2.gsmarena.com/vv/bigpic/t-mobile-shadow-2.jpg,No,
T-Mobile 3D UI,T_Mobile,,No,No,,84 g (2.96 oz),,"1000 contacts, Photocall",,,No,,,"240 x 320 pixels, 4:3 ratio (~167 ppi density)",Yes,Up to 3 h,"2.4 inches, 17.8 cm2(~36.9% screen-to-body ratio)",Discontinued,,GSM,Black,,,No,,Up to 180 h,,"2009, March","SMS, MMS",T-Mobile Vairy Touch,Class 10,,Removable Li-Ion battery,GSM 900 / 1800,Mini-SIM,"TFT, 65K colors",,2.0,,miniUSB 2.0,,,,No,No,,,Yes,93 x 52 x 16 mm (3.66 x 2.05 x 0.63 in),,,1.3 MP,WAP 2.0/xHTML,,MP3/MP4 playerOrganizerVoice memoPredictive text input,,,"30 dialed, 30 received, 30 missed calls",,Yes,,microSDHC (dedicated slot),https://fdn2.gsmarena.com/vv/bigpic/t-mobile-vairy-touch.jpg,"Stereo FM radio, RDS",
TouchFLO finger swipe navigationHandwriting recognition5-way navigation,T_Mobile,,No,No,200 MHz ARM926EJ-S,110 g (3.88 oz),,,,,No,,,"240 x 320 pixels, 4:3 ratio (~143 ppi density)",,Up to 8 h,"2.8 inches, 24.3 cm2(~39.2% screen-to-body ratio)",Discontinued,,GSM,Gray,,,Wi-Fi 802.11b/g,,Up to 270 h,,"2009, January",,T-Mobile MDA Basic,Class 10,,Removable Li-Ion 1100 mAh battery,GSM 850 / 900 / 1800 / 1900,Mini-SIM,"TFT resistive touchscreen, 65K colors",TI OMAP 850,"2.0, A2DP",Microsoft Windows Mobile 6.1 Professional,miniUSB,,,,,Class 10,,,Yes,105 x 59 x 16 mm (4.13 x 2.32 x 0.63 in),,,2 MP,"WAP 2.0/xHTML, HTML (PocketIE)",,Pocket OfficeVoice memoMP3/AAC player,"128MB RAM, 256MB ROM",,,,Yes,,microSD (dedicated slot),https://fdn2.gsmarena.com/vv/bigpic/mda-basic.jpg,No,
HSDPA 1700 / 2100 - American version,T_Mobile,,No,Trackball,528 MHz ARM 11,158 g (5.57 oz),Corning Gorilla Glass,,About 290 EUR,,GPS,HSPA 7.2/2 Mbps,,"320 x 480 pixels, 3:2 ratio (~180 ppi density)",,Up to 5 h 20 min,"3.2 inches, 30.5 cm2(~46.8% screen-to-body ratio)",Discontinued,Adreno 130,GSM / HSPA,"White, Black, Brown",,Noise -87.2dB / Crosstalk -86.1dB,Wi-Fi 802.11 b/g,,Up to 406 h,HSDPA 2100,"2008, September. Released 2008, October",,T-Mobile G1,,,Removable Li-Ion 1150 mAh battery,GSM 850 / 900 / 1800 / 1900,Mini-SIM,"TFT, 65K colors",Qualcomm MSM7201A,"2.0, A2DP (headset support only)",Android 1.6 (Donut),miniUSB,0.71 W/kg (head)     0.84 W/kg (body),,QWERTY,,,"Accelerometer, compass",,Yes,117 x 55.7 x 17.1 mm (4.61 x 2.19 x 0.67 in),,,"3.15 MP, AF",HTML,,No,"192MB RAM, 256MB",,,,Yes,Voice memoMP3 player,microSD (dedicated slot),https://fdn2.gsmarena.com/vv/bigpic/t-mobile-g1.jpg,No,
TouchFLO 3D finger swipe navigationHandwriting recognition,T_Mobile,,No,TV-out (cable not included)Pocket OfficeVoice memoMP3 playerPredictive text input,528 MHz ARM 11,165 g (5.82 oz),,,,,"GPS, A-GPS",HSPA 7.2/0.384 Mbps,,"480 x 640 pixels, 4:3 ratio (~286 ppi density)",,Up to 8 h,"2.8 inches, 24.3 cm2(~46.7% screen-to-body ratio)",Discontinued,Adreno 130,GSM / HSPA,Black,,,Wi-Fi 802.11 b/g,,Up to 406 h,HSDPA 900 / 2100,"2008, June. Released 2008",,T-Mobile MDA Vario IV,,,Removable Li-Ion 1340 mAh battery,GSM 850 / 900 / 1800 / 1900,Mini-SIM,"TFT resistive touchscreen, 65K colors",Qualcomm MSM7201A,"2.0, A2DP",Microsoft Windows Mobile 6.1 Professional,miniUSB,1.34 W/kg (head)     0.87 W/kg (body),VGA videocall camera,QWERTY,,,Accelerometer,,Yes,102 x 51 x 18.1 mm (4.02 x 2.01 x 0.71 in),LED flash,,"3.15 MP, AF","WAP 2.0/xHTML, HTML (Opera 9.5)",,,"256MB RAM, 512MB ROM",,,,Yes,,microSD (dedicated slot),https://fdn2.gsmarena.com/vv/bigpic/mda-vario-4.jpg,"Stereo FM radio, RDS",
No,T_Mobile,,No,Pocket OfficeMP3/AAC playerVoice memo/dialPredictive text input,200 MHz ARM926EJ-S,150 g (5.29 oz),,,About 260 EUR,,No,,,"240 x 320 pixels, 4:3 ratio",,Up to 5 h,", 53 x 40 mm",Discontinued,,GSM,Black,,,Wi-Fi 802.11 b/g,,Up to 150 h,,"2007, October",,T-Mobile Shadow,Class 10,,Removable Li-Ion 920 mAh battery,GSM 850 / 900 / 1800 / 1900,Mini-SIM,"TFT, 65K colors",TI OMAP 850,2.0,Microsoft Windows Mobile 6.0 Standard,miniUSB,0.35 W/kg (head)     0.67 W/kg (body),,Half-QWERTY,,Class 10,,,Yes,103 x 53 x 15 mm (4.06 x 2.09 x 0.59 in),,,2 MP,"WAP 2.0/xHTML, HTML (PocketIE)",,,"128MB RAM, 256MB ROM",,,,Yes,,microSD (dedicated slot),https://fdn2.gsmarena.com/vv/bigpic/htc-shadow.jpg,No,
TouchFLO 3D finger swipe navigationHandwriting recognition,T_Mobile,,No,Pocket OfficeVoice memoMP3 playerPredictive text input,528 MHz ARM 11,98 g (3.46 oz),,,,,"GPS, A-GPS",HSPA 7.2/0.384 Mbps,,"480 x 640 pixels, 4:3 ratio (~286 ppi density)",,Up to 5 h 30 min,"2.8 inches, 24.3 cm2(~42.4% screen-to-body ratio)",Discontinued,Adreno 130,GSM / HSPA,Black,,,Wi-Fi 802.11 b/g,,Up to 285 h,HSDPA 900 / 2100,"2008, May. Released 2009, Q1",,T-Mobile MDA Compact IV,,,Removable Li-Ion 900 mAh battery,GSM 900 / 1800 / 1900,Mini-SIM,"TFT resistive touchscreen, 65K colors",Qualcomm MSM7201A,"2.0, A2DP",Microsoft Windows Mobile 6.1 Professional,miniUSB,1.33 W/kg (head)     1.44 W/kg (body),VGA videocall camera,,,,Accelerometer,,CIF@30fps,110 x 52 x 12 mm (4.33 x 2.05 x 0.47 in),,,"3.15 MP, AF","WAP 2.0/xHTML, HTML (Opera 9.5)",,,4GB 128MB RAM,,,,Yes,,No,https://fdn2.gsmarena.com/vv/bigpic/mda-compact-4.jpg,"Stereo FM radio, RDS",
Swivel display,T_Mobile,,Yes,No,,128 g (4.52 oz),,,,,No,,,"240 x 400 pixels, 5:3 ratio (~179 ppi density)",,Up to 5 h,"2.6 inches, 19.2 cm2(~27.9% screen-to-body ratio)",Discontinued,,GSM,Black,,,No,,Up to 216 h,,"2008, July",,T-Mobile Sidekick,Class 10,,Removable Li-Ion 1030 mAh battery,GSM 850 / 900 / 1800 / 1900,Mini-SIM,"TFT, 65K colors",,"2.0, A2DP",Danger 4.7,miniUSB,,,QWERTY,,Class 10,,,Yes,119 x 58 x 18 mm (4.69 x 2.28 x 0.71 in),,,1.3 MP,"WAP 2.0/xHTML, HTML",,MP3/WAV/WMA audio playerMP4 playerVoice memoPredictive text input,"128MB RAM, 64MB ROM",,,,Yes,,microSD (dedicated slot),https://fdn2.gsmarena.com/vv/bigpic/sidekick.jpg,No,
No,T_Mobile,,No,"MP3 player (iMelody,MIDI,MP3,AMR formats)Predictive text inputCalculatorStopwatch",200 MHz ARM926EJ-S,150 g (5.29 oz),,2000 entries,About 100 EUR,,No,,,"240 x 320 pixels, 4:3 ratio (~160 ppi density)",Yes,Up to 7 h,"2.5 inches, 50.8 x 38 mm, 19.4 cm2(~26.6% screen-to-body ratio)",Discontinued,,GSM,Black,,,No,,Up to 156 h,,"2007, September. Released 2007, November","SMS, EMS, MMS, Email, Instant Messaging",T-Mobile Sidekick Slide,Class 10,,Removable Li-Ion 1130 mAh battery,GSM 850 / 900 / 1800 / 1900,Mini-SIM,"TFT, 65K colors",TI OMAP 850,2.0,,miniUSB,0.67 W/kg (head)     0.37 W/kg (body),,QWERTY,No,Class 10,,"Vibration; Polyphonic(64), MP3 ringtones",No,119.4 x 61 x 17.8 mm (4.70 x 2.40 x 0.70 in),,,1.3 MP,WAP 2.0/xHTML,,,128MB,,"10 dialed, 10 received, 10 missed calls",,Yes,,microSDHC (dedicated slot),https://fdn2.gsmarena.com/vv/bigpic/sidekick-slide.jpg,No,
No,T_Mobile,,No,MP3/WMA audio playerMP4 playerVoice memo,,162 g (5.71 oz),,,About 160 EUR,,No,,,"240 x 400 pixels, 5:3 ratio (~155 ppi density)",,Up to 6 h 50 min,"3.0 inches, 25.6 cm2(~33.0% screen-to-body ratio)",Discontinued,,GSM,Black,,,No,,Up to 96 h,,"2007, September",,T-Mobile Sidekick LX,Class 10,,Removable Li-Ion 1540 mAh battery,GSM 850 / 900 / 1800 / 1900,Mini-SIM,"TFT, 65K colors",,2.0,Danger OS,Proprietary,0.40 W/kg (head)     0.46 W/kg (body),,QWERTY,,Class 10,,,Yes,129.5 x 60 x 22 mm (5.10 x 2.36 x 0.87 in),,,1.3 MP,"WAP 2.0/xHTML, HTML",,,"64MB RAM, 64MB ROM",,,,Yes,,microSD (dedicated slot),https://fdn2.gsmarena.com/vv/bigpic/sidekick-lx.jpg,No,
Swivel display,T_Mobile,,No,No,,190 g (6.70 oz),,,,,No,,,"160 x 240 pixels, 3:2 ratio (~111 ppi density)",,Up to 4 h 50 min,"2.6 inches, 20.1 cm2(~26.2% screen-to-body ratio)",Discontinued,,GSM,Black,,,No,,Up to 72 h,,"2006, June",,T-Mobile Sidekick 3,Class 10,,Removable Li-Ion 1500 mAh battery,GSM 850 / 1800 / 1900,Mini-SIM,"TFT, 65K colors",,1.2,Danger 3.0,1.1,,,QWERTY,,Class 10,,,No,130 x 59 x 22 mm (5.12 x 2.32 x 0.87 in),LED flash,,1.3 MP,"WAP 2.0/xHTML, HTML",,MP3 audio playerVoice memo,64MB RAM,,,,Yes,,miniSD,https://fdn2.gsmarena.com/vv/bigpic/sidekick-3.jpg,No,
Handwriting recognition,T_Mobile,,No,No,200 MHz ARM926EJ-S,168 g (5.93 oz),,,,,No,,,"240 x 320 pixels, 4:3 ratio (~143 ppi density)",,Up to 5 h,"2.8 inches, 24.3 cm2(~38.1% screen-to-body ratio)",Discontinued,,GSM,Black,,,Wi-Fi 802.11b/g,,Up to 200 h,,"2006, November",,T-Mobile Wing,Class 10,,Removable Li-Ion 1130 mAh battery,GSM 850 / 900 / 1800 / 1900,Mini-SIM,"TFT resistive touchscreen, 65K colors",TI OMAP 850,"2.0, A2DP",Microsoft Windows Mobile 6 Professional,1.1,,,QWERTY,,Class 10,,,QCIF,109 x 58.5 x 18.7 mm (4.29 x 2.30 x 0.74 in),,,2 MP,"WAP 2.0/xHTML, HTML (PocketIE)",,Pocket OfficeVoice memoMP3/WAV playerPredictive text input,"64MB RAM, 128MB ROM",,,,Yes,,microSD (dedicated slot),https://fdn2.gsmarena.com/vv/bigpic/wing.jpg,No,
HTC JOGGR touch-sensitive navigation bar,T_Mobile,,No,No,200 MHz ARM926EJ-S,119 g (4.20 oz),,,,,No,,,"240 x 320 pixels, 4:3 ratio (~167 ppi density)",,Up to 5 h,"2.4 inches, 17.8 cm2(~25.6% screen-to-body ratio)",Discontinued,,GSM,,,,Wi-Fi 802.11b/g,,Up to 220 h,,"2006, September",,T-Mobile Dash,Class 10,,Removable Li-Ion 960 mAh battery,GSM 850 / 900 / 1800 / 1900,Mini-SIM,"TFT, 65K colors",TI OMAP 850,"2.0, A2DP",Microsoft Windows Mobile 5.0 Smartphone,1.1,,,QWERTY,,Class 10,,,Yes,111.5 x 62.5 x 12.8 mm (4.39 x 2.46 x 0.50 in),,,1.3 MP,"WAP 2.0/xHTML, HTML (PocketIE)",,MP3/WAV playerPocket OfficeOrganizerPredictive text input,"64MB RAM, 128MB ROM",,,,Yes,,microSD (dedicated slot),https://fdn2.gsmarena.com/vv/bigpic/dash.jpg,No,
T-Mobile TVMP4/WMV/H.264 playerMP3/WAV/WMA/eAAC+ playerOrganizerDocument viewerVoice memo/dial/commandsPredictive text input,T_Mobile,,Yes,,1.4 GHz,-,,,,,"GPS, A-GPS",HSPA 21.1/5.76 Mbps,,"480 x 800 pixels, 5:3 ratio (~233 ppi density)",,,"4.0 inches, 45.5 cm2",Cancelled,,GSM / HSPA,"White, Black",,,"Wi-Fi 802.11 b/g/n, DLNA, hotspot",,,HSDPA 850 / 1700 / 1900 / 2100,Not officially announced yet,,T-Mobile myTouch qwerty,,,Removable Li-Ion battery,GSM 850 / 900 / 1800 / 1900,Mini-SIM,IPS LCD,,"4.0, A2DP",Android 4.0 (Ice Cream Sandwich),microUSB 2.0,,Yes,QWERTY,,,"Accelerometer, proximity, compass",,1080p@30fps,-,"LED flash, HDR",,"5 MP, AF",,,,4GB 1GB RAM,,,,Yes,,microSDHC,https://fdn2.gsmarena.com/vv/bigpic/huawei-ascend-g312-qwerty.jpg,FM Radio,
