Unnamed: 0,Brand,3.5mm jack,_1,CPU,Weight,Display,Protection,Loudspeaker_1,Build,Phonebook,Price,NFC,Positioning,Speed,Dual,Resolution,Games,Talk time,Size,Status,Infrared port,GPU,Technology,Colors,Triple,WLAN,Charging,Stand-by,3G bands,Announced,Messaging,Model Name,GPRS,Video_1,Type_1,2G bands,SIM,Type,Chipset,Single_1,OS,Bluetooth,USB,SAR,_4,Java,EDGE,Sensors,Video,Dimensions,Features,Single,5G bands,Quad,128GB 4GB RAM,_2,_5,Internal,Models,Call records,_3,Loudspeaker,Features_1,Card slot,Model Image,Radio,4G bands,URL,Image
HSDPA 850 / 900 / 1700(AWS) / 1900 / 2100 - T442A,TCL,Yes,"1, 2, 3, 4, 5, 7, 8, 12, 13, 17, 26, 28, 38, 40, 41, 66 - T442A",Octa-core (4x1.6 GHz Cortex-A55 & 4x1.2 GHz Cortex-A55),185.5 g (6.56 oz),,,,"Glass front, plastic back, plastic frame",,About 100 EUR,No,"GPS, GLONASS, GALILEO, BDS","HSPA, LTE",,"720 x 1612 pixels, 20:9 ratio (~267 ppi density)",,,"6.6 inches, 104.6 cm2(~84.6% screen-to-body ratio)","Available. Released 2024, October",,PowerVR GE8322,GSM / HSPA / LTE,"Space Gray, Midnight Blue",,"Wi-Fi 802.11 b/g/n, Wi-Fi Direct",10W wired,,HSDPA 850 / 900 / 1900 / 2100 - T442M,"2024, February 26",,TCL 503,,1080p@30fps,5000 mAh,GSM 850 / 900 / 1800 / 1900,Nano-SIMNano-SIM + Nano-SIM,"IPS LCD, 350 nits (typ)",Unisoc SC9863A (28 nm),"5 MP (upscaled to 8 MP), f/2.2, (wide), 1/5.0"", 1.12µm",Android 14 (Go edition),"4.2, A2DP",USB Type-C 2.0,,,,,"Fingerprint (rear-mounted), accelerometer",1080p@30fps,163.9 x 75.5 x 8.9 mm (6.45 x 2.97 x 0.35 in),"LED flash, HDR, panorama","8 MP (upscaled to 13 MP), f/2.0, (wide), 1/4.0"", 1.12µm, AFAuxiliary lens",,,,eMMC 5.1,,64GB 3GB RAM,"T442M, T442A, T442J",,Virtual proximity sensing,Yes,,microSDXC (dedicated slot),https://fdn2.gsmarena.com/vv/bigpic/tcl-503.jpg,Unspecified,"1, 3, 5, 7, 8, 20, 26, 28, 38, 40, 41 - T442M",,
"1, 2, 3, 4, 5, 7, 8, 17, 20, 26, 28, 32, 38, 40, 41, 42 - T803D",TCL,Yes,"1, 2, 3, 5, 7, 28, 40, 66, 77, 78 SA/NSA - T803E",Octa-core (2x2.4 GHz Cortex-A76 & 6x2.0 GHz Cortex-A55),196 g (6.91 oz),,,,,,About 300 EUR,Yes,"GPS, GLONASS, BDS, GALILEO","HSPA, LTE, 5G",,1080 x 2460 pixels (~395 ppi density),,,"6.8 inches, 109.8 cm2(~86.8% screen-to-body ratio)","Available. Released 2024, September",,Mali-G57 MC2,GSM / HSPA / LTE / 5G,"Moon Gray, Midnight Blue, Alps White, Pale Gold, Rosy Purple","108 MP, f/1.8, (wide), 1/1.67"", 0.64µm, PDAF8 MP, f/2.2, 120˚ (ultrawide), 1/4.0"", 1.12µm2 MP, f/2.4, (macro)","Wi-Fi 802.11 a/b/g/n/ac, dual-band, Wi-Fi Direct",33W wired,,HSDPA 850 / 900 / 1700(AWS) / 1900 / 2100,"2024, September 04",,TCL 50 Pro NxtPaper,,1080p@30fps,5010 mAh,GSM 850 / 900 / 1800 / 1900,Nano-SIM +eSIMNano-SIM + Nano-SIM,"IPS LCD, 120Hz",Mediatek Dimensity 6300 (6 nm),,"Android 14, up to 2 major Android upgrades","5.3, A2DP, LE",USB Type-C 2.0,,,,,"Fingerprint (side-mounted), gyro, accelerometer, proximity, compass, barometer (T803D only)",1080p@30fps,167.6 x 75.5 x 8 mm (6.60 x 2.97 x 0.31 in),"LED flash, HDR","32 MP, f/2.0, (wide), 1/3.45"", 0.64µm","1, 3, 5, 7, 8, 20, 26, 28, 38, 40, 41, 48, 77, 78 SA/NSA - T803D",,,NxtPaper technology,,512GB 8GB RAM,"T803E, T803D",,DTS-certified 3D Boom Sound,"Yes, with stereo speakers",HDR,microSDXC (uses shared SIM slot),https://fdn2.gsmarena.com/vv/bigpic/tcl-50-pro-nxtpaper.jpg,Unspecified,"1, 2, 3, 4, 5, 7, 8, 12, 13, 17, 20, 25, 26, 28, 38, 40, 41, 42, 48, 66 - T803E",,
NxtPaper technology,TCL,Yes,DTS-certified 3D Boom Sound,Octa-core (2x2.4 GHz Cortex-A76 & 6x2.0 GHz Cortex-A55),196 g (6.91 oz),,,,,,About 230 EUR,Yes,"GPS, GLONASS, BDS, GALILEO","HSPA, LTE, 5G",,1080 x 2460 pixels (~395 ppi density),,,"6.8 inches, 109.8 cm2(~86.8% screen-to-body ratio)","Available. Released 2024, September",,Mali-G57 MC2,GSM / HSPA / LTE / 5G,"Moon Gray, Midnight Blue, Pale Gold, Rosy Purple","108 MP, f/1.8, (wide), 1/1.67"", 0.64µm, PDAF8 MP, f/2.2, 120˚ (ultrawide), 1/4.0"", 1.12µm2 MP, f/2.4, (macro)","Wi-Fi 802.11 a/b/g/n/ac, dual-band, Wi-Fi Direct",33W wired,,HSDPA 850 / 900 / 1700(AWS) / 1900 / 2100,"2024, September 04",,TCL 50 NxtPaper,,1080p@30fps,5010 mAh,GSM 850 / 900 / 1800 / 1900,Nano-SIM +eSIM,"IPS LCD, 120Hz",Mediatek Dimensity 6300 (6 nm),,"Android 14, up to 2 major Android upgrades","5.3, A2DP, LE",USB Type-C 2.0,,,,,"Fingerprint (side-mounted), gyro, accelerometer, proximity, compass, barometer",1080p@30fps,167.6 x 75.5 x 8 mm (6.60 x 2.97 x 0.31 in),"LED flash, HDR","8 MP, f/2.0, (wide), 1/4.0"", 1.12µm","1, 3, 5, 7, 8, 20, 26, 28, 38, 40, 41, 48, 77, 78 SA/NSA",,,,,256GB 8GB RAM,,,,"Yes, with stereo speakers",HDR,microSDXC (dedicated slot),https://fdn2.gsmarena.com/vv/bigpic/tcl-50-nxtpaper.jpg,Unspecified,"1, 2, 3, 4, 5, 7, 8, 17, 20, 26, 28, 32, 38, 40, 41, 42",,
NxtPaper technology,TCL,Yes,,Octa-core (2x1.8 GHz Cortex-A76 & 6x1.8 GHz Cortex-A55),185 g (6.53 oz),,,,,,,Yes (market/region dependent),"GPS, GLONASS, BDS, GALILEO","HSPA, LTE, 5G","50 MP, (wide), PDAF5 MP, (ultrawide)2 MP, (depth)","720 x 1612 pixels, 20:9 ratio (~269 ppi density)",,,"6.56 inches, 103.4 cm2(~84.0% screen-to-body ratio)","Available. Released 2024, July",,Mali-G57 MC2,GSM / HSPA / LTE / 5G,Space Blue,,"Wi-Fi 802.11 a/b/g/n/ac, dual-band, Wi-Fi Direct",18W wired,,HSDPA 850 / 1700(AWS) / 1900,"2024, June",,TCL 50 XE NxtPaper,,1080p@30fps,5010 mAh,GSM 850 / 900 / 1800 / 1900,Nano-SIM,"IPS LCD, 90Hz",Mediatek Dimensity 6100+ (6 nm),,Android 14,"5.3, A2DP, LE","USB Type-C, OTG",1.19 W/kg (head)     1.10 W/kg (body),,,,"Fingerprint (side-mounted), gyro, accelerometer, proximity, compass, barometer",1080p@30fps,164.1 x 75 x 8.3 mm (6.46 x 2.95 x 0.33 in),"LED flash, HDR, panorama","8 MP, (wide)","2, 5, 25, 41, 48, 66, 71, 77 SA/NSA/Sub6",,,,,128GB 4GB RAM,,,,"Yes, with stereo speakers",,microSDXC,https://fdn2.gsmarena.com/vv/bigpic/tcl-50-xe-nxtpaper.jpg,FM radio,"1, 2, 3, 4, 5, 7, 8, 12, 13, 20, 25, 26, 28, 38, 39, 40, 41, 66, 71",,
Stylus support,TCL,No,NxtPaper technologyAnti-glare display,Octa-core (2x2.2 GHz Cortex-A76 & 6x2.0 GHz Cortex-A55),760 g (1.68 lb),,,,,,About 450 EUR,No,GPS,,13 MP5 MP,"1600 x 2400 pixels, 3:2 ratio (~202 ppi density)",,,"14.3 inches, 608.9 cm2(~85.1% screen-to-body ratio)","Available. Released 2024, July",,Mali-G57 MC2,No cellular connectivity,Navy Blue,,"Wi-Fi 802.11 a/b/g/n/ac, dual-band",33W wired,,,"2024, February",,TCL NxtPaper 14,No,1080p@30fps,10000 mAh,,No,"IPS, 400 nits",Mediatek Helio G99 (6 nm),,Android 14,"5.0, A2DP, LE","USB Type-C 2.0, OTG",,,,No,"Accelerometer, proximity, compass",1080p@30fps,322.4 x 222 x 7 mm (12.69 x 8.74 x 0.28 in),LED flash,"8 MP, AF",,,,,,256GB 8GB RAM,,,,"Yes, with stereo speakers (4 speakers)",,microSDXC (dedicated slot),https://fdn2.gsmarena.com/vv/bigpic/tcl-nxtpaper-14.jpg,No,,,
Stylus support,TCL,No,NxtPaper technology,Octa-core (2x2.2 GHz Cortex-A76 & 6x2.0 GHz Cortex-A55),480 g (1.06 lb),,,,,,,No,Unspecified,"HSPA, LTE, 5G",,"1200 x 2000 pixels, 5:3 ratio (~224 ppi density)",,,"10.4 inches, 307.9 cm2(~80.2% screen-to-body ratio)","Available. Released 2024, June",,,GSM / HSPA / LTE / 5G,Dark Blue,,"Wi-Fi 802.11 a/b/g/n/ac, dual-band",18W wired,,HSDPA 850 / 900 / 1700(AWS) / 1900 / 2100,"2024, February",,TCL Tab 10 NxtPaper,,1080p@30fps,6000 mAh,GSM 850 / 900 / 1800 / 1900,Nano-SIM,IPS LCD,MediaTek 24E,8 MP,Android 14,"5.3, A2DP, LE",USB Type-C 2.0,,,,,"Accelerometer, gyro",1080p@30fps,246.1 x 155.9 x 7.8 mm (9.69 x 6.14 x 0.31 in),LED flash,"8 MP, AF","2, 5, 48, 66, 77 SA/NSA - USA",,,,,128GB 6GB RAM,9199S,,,"Yes, with dual speakers",,microSDXC (dedicated slot),https://fdn2.gsmarena.com/vv/bigpic/tcl-tab-10-nxtpaper-5g.jpg,No,"1, 2, 3, 4, 5, 7, 12, 13, 17, 20, 28, 48, 66 - USA",,
,TCL,Yes,,Octa-core,472 g (1.04 lb),,,,"Glass front, aluminum frame",,About 110 EUR,No,GPS - cellular model only,"HSPA, LTE - cellular model only",,"800 x 1280 pixels, 16:10 ratio (~149 ppi density)",,,"10.1 inches, 295.8 cm2(~78.3% screen-to-body ratio)","Available. Released 2024, August",,PowerVR GE8320,GSM / HSPA / LTE,Gray,,"Wi-Fi 802.11 a/b/g/n/ac, dual-band, Wi-Fi Direct",10W wired,,HSDPA 850 / 900 / 1700(AWS) / 1900 / 2100,"2024, July",,TCL Tab 10L Gen 3,,1080p@30fps,6000 mAh,GSM 850 / 900 / 1800 / 1900,Nano-SIM (cellular model only),"IPS LCD, 350 nits",Mediatek MT8768V/CX,5 MP,Android 14,"5.0, A2DP, LE",USB Type-C 2.0,,,,,"Accelerometer, proximity (accessories only)",1080p@30fps,241.2 x 156.6 x 8 mm (9.50 x 6.17 x 0.31 in),LED flash,8 MP,,,,,,64GB 4GB RAM,,,,"Yes, with dual speakers",,microSDXC (dedicated slot),https://fdn2.gsmarena.com/vv/bigpic/tcl-tab-10l-gen3.jpg,No,"1, 2, 3, 4, 5, 7, 8, 12, 13, 17, 20, 26, 28, 38, 40, 41, 66",,
NxtPaper technology,TCL,Yes,,Octa-core (2x2.2 GHz Cortex-A76 & 6x2.0 GHz Cortex-A55),198.7 g (7.02 oz),,,,,,,Yes,"GPS, GLONASS, BDS, GALILEO","HSPA, LTE, 5G",,1080 x 2460 pixels (~396 ppi density),,,"6.78 inches, 109.2 cm2(~86.3% screen-to-body ratio)","Available. Released 2024, July 05",,Mali-G57 MC2,GSM / HSPA / LTE / 5G,Space Blue,"50 MP, (wide), PDAF5 MP, (ultrawide)2 MP, (depth)","Wi-Fi 802.11 a/b/g/n/ac, dual-band",18W wired,,HSDPA 850 / 1700(AWS) / 1900 / 2100,"2024, June 26",,TCL 50 XL NxtPaper,,1080p@30fps,5010 mAh,GSM 850 / 900 / 1800 / 1900,Nano-SIM,"IPS LCD, 120Hz",Mediatek Dimensity 6100+ (6 nm),,Android 14,"5.3, A2DP, LE","USB Type-C, OTG",1.22 W/kg (head)     0.87 W/kg (body),,,,"Fingerprint (side-mounted), gyro, accelerometer, proximity, compass, barometer",1080p@30fps,167.6 x 75.5 x 8.2 mm (6.60 x 2.97 x 0.32 in),"LED flash, HDR, panorama","32 MP, (wide)","2, 5, 25, 41, 48, 66, 71, 77 SA/NSA/Sub6",,,,,128GB 6GB RAM,,,,"Yes, with stereo speakers",,microSDXC,https://fdn2.gsmarena.com/vv/bigpic/tcl-50-xl-nxtpaper-5g.jpg,FM radio,"1, 2, 3, 4, 5, 7, 8, 12, 13, 20, 25, 26, 28, 38, 39, 40, 41, 48, 66, 71",,
,TCL,Yes,,Octa-core (2x2.2 GHz Cortex-A76 & 6x2.0 GHz Cortex-A55),195 g (6.88 oz),,,,,,,Yes,"GPS, GLONASS, BDS, GALILEO","HSPA, LTE, 5G","50 MP, (wide), PDAF2 MP, (ultrawide)2 MP, (depth)",1080 x 2460 pixels (~396 ppi density),,,"6.78 inches, 109.2 cm2(~86.3% screen-to-body ratio)","Available. Released 2024, July 05",,Mali-G57 MC2,GSM / HSPA / LTE / 5G,Slate Gray,,"Wi-Fi 802.11 a/b/g/n/ac, dual-band",18W wired,,HSDPA 850 / 1700(AWS) / 1900 / 2100,"2024, June 26",,TCL 50 XL,,1080p@30fps,5010 mAh,GSM 850 / 900 / 1800 / 1900,Nano-SIM,"IPS LCD, 120Hz",Mediatek Dimensity 6100+ (6 nm),,Android 14,"5.3, A2DP, LE","USB Type-C, OTG",1.22 W/kg (head)     0.87 W/kg (body),,,,"Fingerprint (side-mounted), gyro, accelerometer, proximity, compass, barometer",1080p@30fps,167.6 x 75.5 x 8.2 mm (6.60 x 2.97 x 0.32 in),"LED flash, HDR, panorama","8 MP, (wide)","25, 41, 66, 71, 77 SA/NSA/Sub6",,,,,128GB 6GB RAM,,,,"Yes, with stereo speakers",,microSDXC,https://fdn2.gsmarena.com/vv/bigpic/tcl-50-xl-5g.jpg,FM radio,"1, 2, 3, 4, 5, 7, 8, 12, 13, 20, 25, 26, 28, 38, 39, 40, 41, 48, 66, 71",,
,TCL,Yes,,Octa-core (2x2.2 GHz Cortex-A76 & 6x2.0 GHz Cortex-A55),185 g (6.53 oz),,,,,,,Yes,"GPS, GLONASS, BDS, GALILEO","HSPA, LTE, 5G","50 MP, (wide), PDAF5 MP, (ultrawide)2 MP, (depth)","720 x 1612 pixels, 20:9 ratio (~269 ppi density)",,,"6.56 inches, 103.4 cm2(~84.0% screen-to-body ratio)","Available. Released 2024, July 05",,Mali-G57 MC2,GSM / HSPA / LTE / 5G,Dark Blue,,"Wi-Fi 802.11 a/b/g/n/ac, dual-band, Wi-Fi Direct",18W wired,,HSDPA 850 / 1700(AWS) / 1900,"2024, June 26",,TCL 50 XE,,1080p@30fps,5010 mAh,GSM 850 / 900 / 1800 / 1900,Nano-SIM,"IPS LCD, 90Hz",Mediatek Dimensity 6100+ (6 nm),,Android 14,"5.3, A2DP, LE","USB Type-C, OTG",,,,,"Fingerprint (side-mounted), gyro, accelerometer, proximity, compass, barometer",1080p@30fps,164.1 x 75 x 8.3 mm (6.46 x 2.95 x 0.33 in),"LED flash, HDR, panorama","8 MP, (wide)","2, 5, 25, 41, 48, 66, 71, 77 SA/NSA/Sub6",,,,,128GB 4GB RAM,,,,"Yes, with stereo speakers",,microSDXC,https://fdn2.gsmarena.com/vv/bigpic/tcl-50-xe-5g.jpg,FM radio,"1, 2, 3, 4, 5, 7, 8, 12, 13, 20, 25, 26, 28, 38, 39, 40, 41, 66, 71",,
,TCL,Yes,,Octa-core (2x2.2 GHz Cortex-A76 & 6x2.0 GHz Cortex-A55),195 g (6.88 oz),,,,,,,No,"GPS, GLONASS, GALILEO","HSPA, LTE","13 MP, (wide), AF2 MP, (depth)","720 x 1612 pixels, 20:9 ratio (~267 ppi density)",,,"6.6 inches, 104.6 cm2(~84.4% screen-to-body ratio)","Available. Released 2024, July 05",,Mali-G57 MC2,GSM / HSPA / LTE,Storm Gray,,"Wi-Fi 802.11 a/b/g/n/ac, dual-band, Wi-Fi Direct",18W wired,,HSDPA 850 / 900 / 1700(AWS) / 1900 / 2100,"2024, June 26",,TCL 50 LE,,1080p@30fps,4000 mAh,GSM 850 / 900 / 1800 / 1900,Nano-SIM,"IPS LCD, 90Hz",Mediatek Dimensity 700 (7 nm),,Android 14,"5.1, A2DP, LE","USB Type-C, OTG",,,,,"Fingerprint (side-mounted), accelerometer, gyro, proximity, compass, barometer",1080p@30fps,164.5 x 75.4 x 9 mm (6.48 x 2.97 x 0.35 in),"LED flash, HDR, panorama","8 MP, (wide)",,,,,,64GB 4GB RAM,,,,Yes,,microSDXC,https://fdn2.gsmarena.com/vv/bigpic/tcl-50-le.jpg,FM radio,"2, 3, 4, 5, 7, 12, 13, 20, 28, 66",,
HSDPA 850 / 900 / 1700(AWS) / 1900 / 2100 - 4056S,TCL,Yes,"2, 3, 4, 5, 7, 12, 13, 66 - 4056S",Quad-core 1.3 GHz Cortex-A53,133 g (4.69 oz),,,,,,About 80 EUR,No,GPS,"HSPA, LTE",,"240 x 320 pixels, 4:3 ratio (~143 ppi density)",,,"2.8 inches, 24.3 cm2(~40.7% screen-to-body ratio)",Available. Released 2024,,Adreno 308,GSM / HSPA / LTE,"Midnight Blue, Dark Gray, Slate Gray",,Wi-Fi 802.11 b/g/n,5W wired,,HSDPA 850 / 1700(AWS) / 1900 - 4056W,2024,,TCL Flip,,,1850 mAh,GSM 850 / 1900,Nano-SIM,TFT LCD,Qualcomm QM215 Snapdragon 215 (28 nm),,KaiOS 3.0,"4.2, A2DP",USB Type-C,0.78 W/kg (head)     1.27 W/kg (body),,,,,480p@30fps,107.3 x 55.6 x 19.9 mm (4.22 x 2.19 x 0.78 in),,2 MP,,,,"External display: 1.44"", TFT-TN LCD",,4GB 512MB RAM,"4056W, 4056S",,No,Yes,,microSDHC (dedicated slot),https://fdn2.gsmarena.com/vv/bigpic/tcl-flip.jpg,FM radio,"2, 4, 5, 12, 25, 26, 41, 66, 71 - 4056W",,
"External display: 1.44"", TFT-TN LCD",TCL,Yes,No,Quad-core 1.5 GHz Cortex-A53,139.8 g (4.94 oz),,,,,Yes,About 70 EUR,No,GPS,"HSPA, LTE",,"240 x 320 pixels, 4:3 ratio (~143 ppi density)",Yes,,"2.8 inches, 24.3 cm2(~40.7% screen-to-body ratio)",Available. Released 2024,,PowerVR GE8100,GSM / HSPA / LTE,Black,,Wi-Fi 802.11 b/g/n,5W wired,,HSDPA 850 / 1700(AWS) / 1900,2024,"SMS, MMS",TCL Classic,,,1850 mAh,GSM 850 / 900 / 1800 / 1900,Nano-SIM,TFT LCD,Mediatek MT6739 (28 nm),,,"4.2, A2DP",USB Type-C,0.86 W/kg (head)     1.29 W/kg (body),,No,,Barometer,480p@30fps,107.3 x 55.6 x 19.8 mm (4.22 x 2.19 x 0.78 in),LED flash,2 MP,,,,,,4GB 512MB RAM,4058C,Yes,,Yes,,microSDHC (dedicated slot),https://fdn2.gsmarena.com/vv/bigpic/tcl-classic.jpg,No,"2, 4, 5, 12, 14",,
"External display: 1.77"", TFT-TN LCD",TCL,Yes,No,Quad-core 1.3 GHz Cortex-A53,143.5 g (5.04 oz),,,,,,About 80 EUR,No,GPS,"HSPA, LTE",,"240 x 320 pixels, 4:3 ratio (~125 ppi density)",,,"3.2 inches, 31.7 cm2(~49.8% screen-to-body ratio)",Available. Released 2024,,Adreno 308,GSM / HSPA / LTE,Black,,Wi-Fi 802.11 b/g/n,5W wired,,HSDPA 850 / 1700(AWS) / 1900 / 2100,2024,,TCL Flip 3,,,1850 mAh,GSM 850 / 900 / 1800 / 1900,Nano-SIM,TFT LCD,Qualcomm QM215 Snapdragon 215 (28 nm),,KaiOS 3.1,"4.2, A2DP",USB Type-C,1.36 W/kg (head)     0.94 W/kg (body),,,,Barometer,480p@30fps,107.2 x 59.4 x 19.8 mm (4.22 x 2.34 x 0.78 in),LED flash,5 MP,,,,,,16GB 1GB RAM,T435D,,,Yes,,microSDXC (dedicated slot),https://fdn2.gsmarena.com/vv/bigpic/tcl-flip3.jpg,FM radio,"2, 4, 5, 12, 13, 41, 41, 66",,
"External display: 1.44"", TFT-TN LCD",TCL,Yes,No,Quad-core 1.5 GHz Cortex-A53,140 g (4.94 oz),,,,,Yes,About 70 EUR,No,GPS,"HSPA, LTE",,"240 x 320 pixels, 4:3 ratio (~143 ppi density)",Yes,,"2.8 inches, 24.3 cm2(~40.7% screen-to-body ratio)",Available. Released 2024,,PowerVR GE8100,GSM / HSPA / LTE,"Black, Blue",,Wi-Fi 802.11 b/g/n,5W wired,,HSDPA 850 / 1700(AWS) / 1900,2024,"SMS, MMS",TCL Flip 2,,,1850 mAh,GSM 850 / 900 / 1800 / 1900,Nano-SIM,TFT LCD,Mediatek MT6739-CH (28 nm),,,"4.2, A2DP",USB Type-C,0.86 W/kg (head)     1.29 W/kg (body),,No,,Barometer,480p@30fps,107.3 x 55.6 x 19.9 mm (4.22 x 2.19 x 0.78 in),LED flash,2 MP,,,,,,4GB 1GB RAM,"4058G, 4058W",Yes,,Yes,,microSDHC (dedicated slot),https://fdn2.gsmarena.com/vv/bigpic/tcl-flip2.jpg,FM radio,"2, 4, 5, 12, 25, 26, 41, 66, 71",,
IP54 dust and splash resistant,TCL,Yes,,Octa-core (2x2.2 GHz Cortex-A76 & 6x2.0 GHz Cortex-A55),183.5 g (6.49 oz),,,,,,€ 149.99 / £ 129.99,Yes,"GPS, GLONASS, BDS, GALILEO","HSPA, LTE, 5G","50 MP, f/1.8, (wide), 1/2.5"", 0.7µm, PDAF5 MP, f/2.2, (ultrawide), 1/5.0"", 1.12µm","720 x 1612 pixels, 20:9 ratio (~267 ppi density)",,,"6.6 inches, 104.6 cm2(~84.9% screen-to-body ratio)","Available. Released 2024, April",,Mali-G57 MC2,GSM / HSPA / LTE / 5G,"Dark Blue, Space Gray",,"Wi-Fi 802.11 a/b/g/n/ac, dual-band, Wi-Fi Direct",18W wired,,HSDPA 850 / 900 / 1700(AWS) / 1900 / 2100,"2024, February 26",,TCL 50 5G,,1080p@30fps,5010 mAh,GSM 850 / 900 / 1800 / 1900,Nano-SIM +eSIM,"IPS LCD, 90Hz, 480 nits (typ)",Mediatek Dimensity 6100+ (6 nm),,"Android 14, planned upgrade to Android 15","5.3, A2DP, LE",USB Type-C 2.0,,,,,"Fingerprint (side-mounted), accelerometer, gyro, proximity, compass",1080p@30fps,164.1 x 75.1 x 8.3 mm (6.46 x 2.96 x 0.33 in),"LED flash, HDR, panorama","8 MP, (wide), 1/4.0"", 1.12µm","1, 3, 5, 7, 8, 20, 26, 28, 38, 40, 41, 48, 77, 78 SA/NSA",,€ 149.99,,,128GB 4GB RAM,,,,"Yes, with stereo speakers",,microSDXC,https://fdn2.gsmarena.com/vv/bigpic/tcl-50-5g-.jpg,Unspecified,"1, 2, 3, 4, 5, 7, 8, 13, 17, 20, 26, 28, 32, 38, 40, 41, 42",,
eMMC 5.1,TCL,Yes,,Octa-core (2x2.0 GHz Cortex-A75 & 6x1.8 GHz Cortex-A55),195 g (6.88 oz),,,,"Glass front, plastic frame, plastic back",,About 150 EUR,Yes (market/region dependent),"GPS, GLONASS, GALILEO, BDS","HSPA, LTE","50 MP, f/1.8, (wide), 1/2.76"", 0.64µm, PDAF2 MP, f/2.4, (macro)",1080 x 2460 pixels (~396 ppi density),,,"6.78 inches, 109.2 cm2(~86.0% screen-to-body ratio)","Available. Released 2024, April 08",,Mali-G52 MC2,GSM / HSPA / LTE,"Midnight Blue, Space Gray",,"Wi-Fi 802.11 a/b/g/n/ac, dual-band, Wi-Fi Direct","33W wired, 50% in 30 min",,HSDPA 850 / 900 / 1700(AWS) / 1900 / 2100,"2024, February 26",,TCL 50 SE,,1080p@30fps,5010 mAh,GSM 850 / 900 / 1800 / 1900,Nano-SIMNano-SIM + Nano-SIM,"IPS LCD, 90Hz, 550 nits (typ)",Mediatek Helio G88 (12 nm),,"Android 14, planned upgrade to Android 15","5.1, A2DP, LE",USB Type-C 2.0,,,,,"Fingerprint (side-mounted), accelerometer, proximity, compass",1080p@30fps,168.2 x 75.5 x 8.1 mm (6.62 x 2.97 x 0.32 in),"LED flash, HDR, panorama","8 MP, f/2.0, (wide), 1/4.0"", 1.12µm",,,,,,"128GB 4GB RAM, 256GB 6GB RAM",,,,"Yes, with stereo speakers",HDR,microSDXC (dedicated slot),https://fdn2.gsmarena.com/vv/bigpic/tcl-50-se-.jpg,Unspecified,"1, 2, 3, 4, 5, 7, 8, 12, 13, 17, 20, 26, 28, 38, 40, 41, 66",,
eMMC 5.1,TCL,Yes,,Octa-core (4x2.2 GHz Cortex-A53 & 4x1.6 GHz Cortex-A53),-,,,,,,,No,"GPS, GLONASS, GALILEO, BDS","HSPA, LTE",,540 x 1092 pixels (~203 ppi density),,,"6.0 inches, 92.3 cm2(~78.7% screen-to-body ratio)","Available. Released 2024, April",,PowerVR GE8320,GSM / HSPA / LTE,"Black, Glacial Blue",,"Wi-Fi 802.11 a/b/g/n/ac, dual-band, Wi-Fi Direct",10W wired,,HSDPA 850 / 900 / 1900 / 2100,"2024, February 26",,TCL 501,,720p@30fps,3000 mAh,GSM 850 / 900 / 1800 / 1900,Nano-SIM + Nano-SIM,IPS LCD,Mediatek Helio G36 (12 nm),"2 MP, f/2.8",Android 14 (Go edition),"5.1, A2DP, LE",USB Type-C,,,,,Accelerometer,1080p@30fps,156.5 x 74.9 x 9.7 mm (6.16 x 2.95 x 0.38 in),LED flash,"5 MP, f/2.2",,,,,,32GB 2GB RAM,T433D,,,Yes,,microSDXC (dedicated slot),https://fdn2.gsmarena.com/vv/bigpic/tcl-501.jpg,Unspecified,"1, 3, 5, 7, 8, 20, 28, 38, 40, 41",,
eMMC 5.1,TCL,Yes,Virtual proximity sensing,Octa-core (4x2.2 GHz Cortex-A53 & 4x1.6 GHz Cortex-A53),190 g (6.70 oz),,,,,,,Yes (market/region dependent),"GPS, GLONASS, GALILEO, BDS","HSPA, LTE","50 MP, f/1.8, 26mm (wide), 1/2.55"", 0.7µm, PDAF2 MP, f/2.4, (depth)","720 x 1600 pixels, 20:9 ratio (~260 ppi density)",,,"6.75 inches, 110.0 cm2(~85.2% screen-to-body ratio)","Available. Released 2024, March",,PowerVR GE8320,GSM / HSPA / LTE,"Ocean Blue, Space Grey",,"Wi-Fi 802.11 a/b/g/n/ac, dual-band, Wi-Fi Direct",10W wired,,HSDPA 850 / 900 / 1900 / 2100,"2024, February 06",,TCL 505,,1080p@30fps,5010 mAh,GSM 850 / 900 / 1800 / 1900,Nano-SIMNano-SIM + Nano-SIM,"IPS LCD, 90Hz, 400 nits (typ)",Mediatek Helio G36 (12 nm),,Android 14,"5.1, A2DP, LE","USB Type-C 2.0, OTG",,,,,"Fingerprint (side-mounted; market/region dependent), accelerometer",1080p@30fps,168.3 x 76.7 x 8.3 mm (6.63 x 3.02 x 0.33 in),"LED flash, HDR, panorama","5 MP, f/2.2, 27mm (wide), 1/5.0"", 1.12µm",,,,,,"64GB 4GB RAM, 128GB 4GB RAM",,,,"Yes, with stereo speakers",,microSDXC (dedicated slot),https://fdn2.gsmarena.com/vv/bigpic/tcl-505.jpg,FM radio,"1, 3, 5, 7, 8, 20, 26, 28, 38, 40, 41",,
,TCL,Yes,,Quad-core (4x1.8 GHz Cortex-A53),472 g (1.04 lb),,,,"Glass front, aluminum frame",,About 110 EUR,No,GPS - cellular model only,"HSPA, LTE - cellular model only",,"800 x 1280 pixels, 16:10 ratio (~149 ppi density)",,,"10.1 inches, 295.8 cm2(~78.3% screen-to-body ratio)","Available. Released 2023, September",,PowerVR GE8300,GSM / HSPA / LTE,Space Black,,"Wi-Fi 802.11 a/b/g/n/ac, dual-band, Wi-Fi Direct",10W wired,,HSDPA 850 / 900 / 1700(AWS) / 1900 / 2100,"2023, August 29",,TCL Tab 10L Gen2,,Yes,Li-Po 6000 mAh,GSM 850 / 900 / 1800 / 1900,Nano-SIM (cellular model only),"IPS LCD, 350 nits",Mediatek MT8766B,2 MP,Android 13,"5.0, A2DP, LE",USB Type-C 2.0,,,,,Accelerometer,Yes,241.2 x 156.6 x 8 mm (9.50 x 6.17 x 0.31 in),LED flash,2 MP,,,,,,32GB 3GB RAM,,,,"Yes, with dual speakers",,microSDXC (dedicated slot),https://fdn2.gsmarena.com/vv/bigpic/tcl-tab-10l-gen2.jpg,Unspecified,"1, 2, 3, 4, 5, 7, 8, 12, 13, 17, 20, 28, 38, 40, 41, 66",,
Stylus support,TCL,No,,Octa-core (4x2.0 GHz Cortex-A53 & 4x1.5 GHz Cortex-A53),425 g (14.99 oz),,,,"Glass front, aluminum frame",,About 170 EUR,No,Unspecified,"HSPA, LTE - cellular model only",,"1200 x 2000 pixels, 5:3 ratio (~225 ppi density)",,,"10.36 inches, 305.5 cm2(~80.6% screen-to-body ratio)","Available. Released 2023, September",,PowerVR GE8320,GSM / HSPA / LTE,"Space Gray, Glacier Blue",,"Wi-Fi 802.11 a/b/g/n/ac, dual-band, Wi-Fi Direct",10W wired,,HSDPA 850 / 900 / 1700(AWS) / 1900 / 2100,"2023, August 29",,TCL Tab 10 Gen2,,1080p@30fps,Li-Po 6000 mAh,GSM 850 / 900 / 1800 / 1900,Nano-SIM (cellular model only),"IPS LCD, 350 nits",Mediatek MT6762 Helio P22T (12 nm),5 MP,Android 13,"5.0, A2DP, LE",USB Type-C 2.0,,,,,Accelerometer,1080p@30fps,244.9 x 154.7 x 7.4 mm (9.64 x 6.09 x 0.29 in),LED flash,8 MP,,,,,,"64GB 4GB RAM, 128GB 4GB",,,,"Yes, with dual speakers",,microSDXC (dedicated slot),https://fdn2.gsmarena.com/vv/bigpic/tcl-tab-10-gen2.jpg,Unspecified,"1, 2, 3, 4, 5, 7, 8, 12, 13, 17, 20, 28, 34, 38, 39, 40, 41, 66",,
,TCL,Yes,,Octa-core (2x2.2 GHz Cortex-A76 & 6x2.0 GHz Cortex-A55),192 g (6.77 oz),"1892:1 contrast ratio, 611 nits max brightness (measured)",,,,,About 250 EUR,Yes,"GPS, GLONASS, BDS, GALILEO","HSPA, LTE, 5G",,"720 x 1612 pixels, 20:9 ratio (~267 ppi density)",,,"6.6 inches, 104.6 cm2(~84.4% screen-to-body ratio)","Available. Released 2023, October",,Mali-G57 MC2,GSM / HSPA / LTE / 5G,Starlight Black,"50 MP, f/1.8, (wide), 1/2.76"", 0.64µm, PDAF2 MP, f/2.4, (macro)2 MP, f/2.4, (depth)","Wi-Fi 802.11 a/b/g/n/ac, dual-band, Wi-Fi Direct",15W wired,,HSDPA 850 / 900 / 1700(AWS) / 1900 / 2100,"2023, August 29",,TCL 40 NxtPaper 5G,,1080p@30fps,Li-Ion 5000 mAh,GSM 850 / 900 / 1800 / 1900,Nano-SIM + Nano-SIM,"LCD, 90Hz, 500 nits",Mediatek Dimensity 6020 (7 nm),,"Android 13, TCL UI","5.1, A2DP, LE",USB Type-C 2.0,,,,,"Fingerprint (side-mounted), accelerometer, proximity, compass",1080p@30fps,164.5 x 75.4 x 9 mm (6.48 x 2.97 x 0.35 in),"LED flash, HDR, panorama","8 MP, (wide), 1/4.0"", 1.12µm","1, 3, 5, 7, 8, 20, 28, 38, 40, 41, 78 SA/NSA",,,,,256GB 6GB RAM,,,,Yes,,microSDXC (uses shared SIM slot),https://fdn2.gsmarena.com/vv/bigpic/tcl-40-nxtpaper-5g.jpg,FM radio,"1, 3, 5, 7, 8, 20, 28, 32, 38, 40, 41, 42",,
Stylus support,TCL,Yes,NxtPaper technology,Octa-core (2x2.0 GHz Cortex-A75 & 6x1.8 GHz Cortex-A55),195 g (6.88 oz),,,,,,About 200 EUR,Yes,"GPS, GLONASS, BDS, GALILEO","HSPA, LTE",,1080 x 2460 pixels (~396 ppi density),,,"6.78 inches, 109.2 cm2(~86.2% screen-to-body ratio)","Available. Released 2023, September",,Mali-G52 MC2,GSM / HSPA / LTE,"Midnight Blue, Opalescent","50 MP, f/1.8, (wide), 1/2.76"", 0.64µm, PDAF5 MP, f/2.2, (ultra wide), 115°, 1.12µm2 MP, f/2.4, (macro)","Wi-Fi 802.11 a/b/g/n/ac, dual-band, Wi-Fi Direct",33W wired,,HSDPA 850 / 900 / 1700(AWS) / 1900 / 2100,"2023, August 29",,TCL 40 NxtPaper,,1080p@30fps,Li-Ion 5010 mAh,GSM 850 / 900 / 1800 / 1900,Nano-SIM + Nano-SIM,"IPS LCD, 90Hz",Mediatek MT6769H Helio G88 (12 nm),,"Android 13, TCL UI","5.1, A2DP, LE",USB Type-C 2.0,,,,,"Fingerprint (side-mounted), accelerometer, proximity, compass",1080p@30fps,168.2 x 75.3 x 7.9 mm (6.62 x 2.96 x 0.31 in),"LED flash, HDR, panorama","32 MP, (wide)",,,,,,256GB 8GB RAM,,,,"Yes, with dual speakers",,microSDXC (dedicated slot),https://fdn2.gsmarena.com/vv/bigpic/tcl-40-nxtpaper.jpg,FM radio,"1, 2, 3, 4, 5, 7, 8, 12, 13, 17, 20, 28, 38, 40, 41, 66",,
,TCL,Yes,,Octa-core (4x2.3 GHz Cortex-A53 & 4x1.8 GHz Cortex-A53),195 g (6.88 oz),,,,"Glass front, plastic frame, plastic back",,About 140 EUR,No,GPS,"HSPA, LTE",,"720 x 1600 pixels, 20:9 ratio (~260 ppi density)",,,"6.75 inches, 110.0 cm2(~85.6% screen-to-body ratio)","Available. Released 2023, May",,PowerVR GE8320,GSM / HSPA / LTE,Dark Gray,"50 MP, (wide), PDAF2 MP, f/2.4, (macro)2 MP, f/2.4, (depth)","Wi-Fi 802.11 a/b/g/n/ac, dual-band, Wi-Fi Direct",18W wired,,HSDPA 850 / 1700(AWS) / 1900 - USA,"2023, February 26",,TCL 40 XL,,1080p@30fps,Li-Ion 5000 mAh,GSM 850 / 900 / 1800 / 1900,Nano-SIM +eSIMNano-SIM + Nano-SIM,"IPS LCD, 90Hz",Mediatek MT6765 Helio G37 (12 nm),,"Android 13, TCL UI","5.1, A2DP, LE",USB Type-C 2.0,,,,,"Fingerprint (side-mounted), accelerometer, gyro, proximity, compass, barometer",1080p@30fps,167.9 x 76.5 x 8.8 mm (6.61 x 3.01 x 0.35 in),"LED flash, HDR, panorama","8 MP, (wide)",,,,,,"128GB 4GB RAM, 256GB 6GB RAM",T608M,,,"Yes, with dual speakers",,microSDXC,https://fdn2.gsmarena.com/vv/bigpic/tcl-40-xl-.jpg,FM radio,"2, 4, 5, 12, 13, 25, 26, 41, 66, 71 - USA",,
,TCL,Yes,,Octa-core (2x2.2 GHz Cortex-A76 & 6x2.0 GHz Cortex-A55),195 g (6.88 oz),,,,"Glass front, plastic frame, plastic back",,About 190 EUR,No,GPS,"HSPA, LTE, 5G",,"720 x 1612 pixels, 20:9 ratio (~269 ppi density)",,,"6.56 inches, 103.4 cm2(~83.4% screen-to-body ratio)","Available. Released 2023, June",,Mali-G57 MC2,GSM / HSPA / LTE / 5G,Black,"50 MP, (wide), PDAF2 MP, f/2.4, (macro)2 MP, f/2.4, (depth)","Wi-Fi 802.11 a/b/g/n/ac, dual-band",18W wired,,HSDPA 850 / 1700(AWS) / 1900 - USA,"2023, February 26",,TCL 40 X,,1080p@30fps,Li-Ion 5000 mAh,GSM 850 / 900 / 1800 / 1900,Nano-SIMNano-SIM + Nano-SIM,"IPS LCD, 90Hz",Mediatek Dimensity 700 (7 nm),,"Android 13, TCL UI","5.1, A2DP, LE",USB Type-C 2.0,,,,,"Fingerprint (side-mounted), accelerometer, gyro, proximity, compass, barometer (USA only)",1080p@30fps,164.5 x 75.4 x 9 mm (6.48 x 2.97 x 0.35 in),"LED flash, HDR, panorama","8 MP, (wide)","2, 5, 66, 77 SA/NSA",,,,,64GB 4GB RAM,T609M,,,"Yes, with dual speakers",,microSDXC,https://fdn2.gsmarena.com/vv/bigpic/tcl-40-x-.jpg,Unspecified,"2, 4, 5, 12, 13, 25, 26, 41, 66, 71 - USA",,
eMMC 5.1,TCL,Yes,,Octa-core (2x2.2 GHz Cortex-A76 & 6x2.0 GHz Cortex-A55),195 g (6.88 oz),,,,"Glass front, plastic frame, plastic back",,About 100 EUR,No,"GPS, GLONASS, GALILEO, BDS","HSPA, LTE, 5G",,"720 x 1612 pixels, 20:9 ratio (~269 ppi density)",,,"6.56 inches, 103.4 cm2(~83.4% screen-to-body ratio)","Available. Released 2023, June",,Mali-G57 MC2,GSM / HSPA / LTE / 5G,Starlight Black,"13 MP, f/2.2, 27mm (wide) 1/3.0"", 1.12µm, PDAF2 MP, f/2.4, (depth)2 MP, f/2.4, (macro)","Wi-Fi 802.11 a/b/g/n/ac, dual-band, Wi-Fi Direct",18W wired,,HSDPA 850 / 1700(AWS) / 1900 - USA,"2023, February 26",,TCL 40 XE,,1080p@30fps,Li-Ion 5000 mAh,GSM 850 / 900 / 1800 / 1900,Nano-SIMNano-SIM + Nano-SIM,"IPS LCD, 90Hz",Mediatek Dimensity 700 (7 nm),,"Android 13, TCL UI","5.1, A2DP, LE",USB Type-C 2.0,1.38 W/kg (head)     1.12 W/kg (body),,,,"Fingerprint (side-mounted), accelerometer, gyro, proximity, compass",1080p@30fps,164.5 x 75.4 x 0 mm (6.48 x 2.97 x 0.0 in),"LED flash, HDR, panorama","8 MP, f/2.0, 26mm (wide) 1/4.0"", 1.12µm",SA/NSA,,,,,64GB 4GB RAM,,,,Yes,,microSDXC,https://fdn2.gsmarena.com/vv/bigpic/tcl-40-xe-.jpg,FM radio,"2, 4, 5, 12, 13, 25, 26, 41, 66, 71 - USA",,
Stylus support,TCL,Unspecified,,Octa-core (4x2.0 GHz Cortex-A73 & 4x Cortex-A53),462 g (1.02 lb),,,,,,About 180 EUR,No,Unspecified,"HSPA, LTE - cellular model only",,"1200 x 2000 pixels, 5:3 ratio (~213 ppi density)",,,"10.95 inches, 341.3 cm2(~80.5% screen-to-body ratio)","Available. Released 2023, May",,PowerVR GE8320,GSM / HSPA / LTE,"Digital Lavender, Dark Gray",,"Wi-Fi 802.11 a/b/g/n/ac, dual-band, Wi-Fi Direct",18W wired,,HSDPA 850 / 900 / 1700(AWS) / 1900 / 2100,"2023, February 26",,TCL Tab 11,,1080p@30fps,Li-Po 8000 mAh,GSM 850 / 900 / 1800 / 1900,Nano-SIM (cellular model only),IPS,Mediatek MT8183 Helio P60T (12 nm),"8 MP, 100˚, (ultrawide), 1/4.0"", 1.12µm",Android 13,"5.0, A2DP, LE",USB Type-C 2.0,,,,,"Accelerometer, proximity (accessories only)",1080p@30fps,259 x 163.6 x 6.9 mm (10.20 x 6.44 x 0.27 in),LED flash,"8 MP, f/2.0, (wide), 1/4.0"", 1.12µm, AF",,,,,,,"9166G, 9466X",,,"Yes, with dual speakers (4 speakers)",,microSDXC,https://fdn2.gsmarena.com/vv/bigpic/tcl-nxtpaper-11.jpg,Unspecified,"1, 2, 3, 4, 5, 7, 8, 17, 20, 28, 34, 38, 39, 40, 41, 66 - USA",,
Stylus support,TCL,Unspecified,,Octa-core (4x2.0 GHz Cortex-A73 & 4x Cortex-A53),462 g (1.02 lb),,,,,,About 240 EUR,No,Unspecified,"HSPA, LTE - cellular model only",,"1200 x 2000 pixels, 5:3 ratio (~213 ppi density)",,,"10.95 inches, 341.3 cm2(~80.5% screen-to-body ratio)","Available. Released 2023, May",,PowerVR GE8320,GSM / HSPA / LTE,"Digital Lavender, Dark Gray",,"Wi-Fi 802.11 a/b/g/n/ac, dual-band, Wi-Fi Direct",18W wired,,HSDPA 850 / 900 / 1900 / 2100,"2023, February 26",,TCL NxtPaper 11,,1080p@30fps,Li-Po 8000 mAh,GSM 850 / 900 / 1800 / 1900,Nano-SIM (cellular model only),NCVM IPS,Mediatek MT8183 Helio P60T (12 nm),"8 MP, 100˚, (ultrawide), 1/4.0"", 1.12µm",Android 13,"5.0, A2DP, LE",USB Type-C 2.0,,,,,"Accelerometer, proximity (accessories only)",1080p@30fps,259 x 163.6 x 6.9 mm (10.20 x 6.44 x 0.27 in),LED flash,"8 MP, f/2.0, (wide), 1/4.0"", 1.12µm, AF",,,,,,,9466X,,,"Yes, with dual speakers (4 speakers)",,microSDXC,https://fdn2.gsmarena.com/vv/bigpic/tcl-nxtpaper-11.jpg,Unspecified,LTE,,
Virtual proximity sensing,TCL,Yes,,Octa-core (4x2.0 GHz Cortex-A53 & 4x1.5 GHz Cortex-A53),190 g (6.70 oz),,,,,,About 110 EUR,Yes (market/region dependent),"GPS, GLONASS, GALILEO, BDS","HSPA, LTE","13 MP, f/2.2, (wide), 1/3.0"", 1.12µm, PDAF2 MP, f/2.4, (depth)","720 x 1612 pixels, 20:9 ratio (~267 ppi density)",,,"6.6 inches, 104.6 cm2(~84.3% screen-to-body ratio)","Available. Released 2023, February 26",,PowerVR GE8320,GSM / HSPA / LTE,"Dark Grey, Lavender Purple",,"Wi-Fi 802.11 a/b/g/n/ac, dual-band, Wi-Fi Direct",10W wired,,HSDPA 850 / 900 / 1900 / 2100,"2023, February 26",,TCL 406,,1080p@30fps,Li-Po 5000 mAh,GSM 850 / 900 / 1800 / 1900,Nano-SIMNano-SIM + Nano-SIM,"IPS LCD, 400 nits (typ)",,,Android 13,"5.1, A2DP, LE","USB Type-C 2.0, OTG",,,,,"Fingerprint (side-mounted), accelerometer",1080p@30fps,164.7 x 75.4 x 9 mm (6.48 x 2.97 x 0.35 in),LED flash,"5 MP, f/2.2, (wide), 1/5.0"", 1.12µm",,,,,,32GB 3GB RAM,T506K,,,"Yes, with stereo speakers",,microSDXC (dedicated slot),https://fdn2.gsmarena.com/vv/bigpic/tcl-406.jpg,FM radio,"1, 3, 5, 7, 8, 20, 28, 38, 40, 41",,
eMMC 5.1,TCL,Yes,Virtual proximity sensing,Octa-core (4x2.0 GHz Cortex-A53 & 4x1.5 GHz Cortex-A53),177.4 g (6.24 oz),,,,,,About 100 EUR,No,GPS,"HSPA, LTE",,"720 x 1440 pixels, 18:9 ratio (~268 ppi density)",,,"6.0 inches, 92.9 cm2(~78.9% screen-to-body ratio)","Available. Released 2023, January 26",,PowerVR GE8320,GSM / HSPA / LTE,Black,,"Wi-Fi 802.11 a/b/g/n/ac, dual-band",10W wired,,HSDPA 850 / 1700(AWS) / 1900,"2023, January 26",,TCL Ion X,,1080p@30fps,"Li-Ion 3000 mAh, removable",GSM 850 / 900 / 1800 / 1900,Nano-SIM,IPS LCD,Mediatek MT6762G Helio G25 (12 nm),"5 MP, (wide) 1/5.0"", 1.12µm","Android, TCL UI","5.1, A2DP, LE",USB Type-C 2.0,,,,,Accelerometer,1080p@30fps,156.5 x 75.2 x 8.9 mm (6.16 x 2.96 x 0.35 in),LED flash,"13 MP, (wide) 1/3.06"", 1.12µm, PDAF",,,,,,32GB 3GB RAM,,,,Yes,,microSDXC (dedicated slot),https://fdn2.gsmarena.com/vv/bigpic/tcl-ion-x.jpg,Unspecified,"2, 4, 5, 12, 25, 26, 41, 66, 71",,
"HSDPA 850 / 900 / 1700(AWS) / 1900 / 2100 - T610E, T610P",TCL,Yes,"1, 2, 3, 4, 5, 7, 8, 12, 13, 17, 28, 38, 40, 66 - T610E, T610P",Octa-core (4x2.3 GHz Cortex-A53 & 4x1.8 GHz Cortex-A53),190 g (6.70 oz),,,,"Glass front, plastic frame, plastic back",,About 120 EUR,"Yes (T610K, T610K2, T610P, T610P2)","GPS, GLONASS, GALILEO, BDS","HSPA 42.2/11.5 Mbps, LTE Cat4 150/75 Mbps",,"720 x 1600 pixels, 20:9 ratio (~260 ppi density)",,,"6.75 inches, 110.0 cm2(~85.6% screen-to-body ratio)","Available. Released 2023, April 04",,PowerVR GE8320,GSM / HSPA / LTE,"Dark grey, Twilight purple","50 MP, f/1.8, 26mm (wide), 1/2.55"", 0.7µm, PDAF2 MP, f/2.4, (macro)2 MP, f/2.4, (depth)","Wi-Fi 802.11 a/b/g/n/ac, dual-band, Wi-Fi Direct",18W wired,,HSDPA 850 / 900 / 1900 / 2100 - T610K,"2023, January 05",,TCL 40 SE,,1080p@30fps,Li-Po 5010 mAh,GSM 850 / 900 / 1800 / 1900,Nano-SIMNano-SIM + Nano-SIM,"IPS LCD, 90Hz, 450 nits (typ)",Mediatek MT6765 Helio G37 (12 nm),,"Android 13, TCL UI 5.0","5.1, A2DP, LE",USB Type-C 2.0,,,,,"Fingerprint (side-mounted), accelerometer, proximity",1080p@30fps,167.9 x 76.5 x 8.5 mm (6.61 x 3.01 x 0.33 in),"LED flash, HDR, panorama","8 MP, f/2.0, 26mm (wide), 1/4.0"", 1.12µm",,,,eMMC 5.1,,"128GB 4GB RAM, 256GB 6GB RAM",,,,"Yes, with stereo speakers",HDR,microSDXC (dedicated slot),https://fdn2.gsmarena.com/vv/bigpic/tcl-40-se.jpg,Unspecified,"1, 3, 5, 7, 8, 13, 20, 28, 38, 40, 41 - T610K",,
HSDPA 850 / 900 / 1900 / 2100 - T507D1,TCL,Yes,"1, 2, 3, 4, 5, 7, 8, 12, 13, 17, 26, 28, 38, 40, 66 - T507J",Octa-core (4x2.0 GHz Cortex-A53 & 4x1.5 GHz Cortex-A53),190 g (6.70 oz),,,,,,About 130 EUR,Yes (T507U only),"GPS, GLONASS, GALILEO, BDS","HSPA 42.2/11.5 Mbps, LTE Cat4 150/75 Mbps","50 MP, f/1.8, 26mm (wide), 1/2.55"", 0.7µm, PDAF2 MP, f/2.4, (depth)","720 x 1612 pixels, 20:9 ratio (~267 ppi density)",,,"6.6 inches, 104.6 cm2(~84.3% screen-to-body ratio)","Available. Released 2023, March 31",,PowerVR GE8320,GSM / HSPA / LTE,"Gravity Grey, Midnight Blue",,"Wi-Fi 802.11 a/b/g/n/ac, dual-band, Wi-Fi Direct",10W wired,,"HSDPA 850 / 900 / 1700(AWS) / 1900 / 2100 - T507A, T507U, T507U1, T507U2, T507J","2023, January 05",,TCL 408,,1080p@30fps,Li-Po 5000 mAh,GSM 850 / 900 / 1800 / 1900,Nano-SIMNano-SIM + Nano-SIM,"IPS LCD, 400 nits (typ)",Mediatek MT6762G Helio G25 (12 nm),,Android 12,"5.1, A2DP, LE","USB Type-C 2.0, OTG",,eMMC 5.1,,,"Fingerprint (side-mounted), accelerometer",1080p@30fps,164.7 x 75.4 x 9 mm (6.48 x 2.97 x 0.35 in),LED flash,"8 MP, f/2.0, 27mm (wide), 1/4.0"", 1.12µm",,,,"1, 2, 3, 4, 5, 7, 13, 28, 40, 66 - T507A",Virtual proximity sensing,"64GB 4GB RAM, 64GB 6GB RAM, 128GB 4GB RAM","T507D1, T507A, T507U, T507U1, T507U2, T507J",,"1, 3, 5, 7, 8, 20, 28 - T507D1","Yes, with stereo speakers",,microSDXC (dedicated slot),https://fdn2.gsmarena.com/vv/bigpic/tcl-408.jpg,FM radio,"1, 3, 5, 7, 8, 13, 20, 28, 38, 40, 41 - T507U, T507U1, T507U2",,
"HSDPA 850 / 900 / 1900 / 2100 - T431U, T431Q, T431P",TCL,Yes,"HSDPA 850 / 900 / 1700(AWS) / 1900 / 2100 - T431A, T431E",Quad-core 2.0 GHz Cortex-A53,182 g (6.42 oz),,,,,,About 80 EUR,No,"GPS, GALILEO, BDS","HSPA 42.2/11.5 Mbps, LTE Cat4 150/75 Mbps",,"480 x 960 pixels, 18:9 ratio (~179 ppi density)",,,"6.0 inches, 92.9 cm2(~74.6% screen-to-body ratio)","Available. Released 2023, April 04",,PowerVR GE8320,GSM / HSPA / LTE,"Prime Black, Mauve Mist",,"Wi-Fi 802.11 b/g/n, Wi-Fi Direct",,,HSDPA 900 / 2100 - T431D,"2023, January 05",,TCL 403,,720p@30fps,Li-Ion 3000 mAh,GSM 850 / 900 / 1800 / 1900,Nano-SIMNano-SIM + Nano-SIM,TFT LCD,Mediatek MT6761 Helio A22 (12 nm),"5 MP, f/2.8or2 MP, f/2.8  - T431Q only",Android 12 (Go edition),"5.0, A2DP, LE",microUSB 2.0,,"1, 3, 5, 7, 8, 20, 28, 38, 40, 41 - T431Q",,,Accelerometer,1080p@30fps or 720p@30fps (T431Q only),159.2 x 78.2 x 9.6 mm (6.27 x 3.08 x 0.38 in),"LED flash, HDR, panorama","8 MP, f/2.0, 27mm (wide), 1/4.0"", 1.12µm, AFor5 MP, f/2.4, 27mm (wide), 1/5.0"", 1.12µm - T431Q only",,,,"1, 3, 5, 7, 8, 20, 28, 38, 40, 41 - T431U, T431P",,"32GB 1GB RAM, 32GB 2GB RAM","T431D, T431U, T431Q, T431P, T431A, T431E",,"1, 2, 3, 4, 5, 7, 8, 12, 13, 17, 26, 28, 38, 40, 66 - T431A, T431E",Yes,,microSDXC (dedicated slot),https://fdn2.gsmarena.com/vv/bigpic/tcl-403.jpg,Unspecified,"1, 3, 7, 8, 20, 28 - T431D",,
Stylus support,TCL,No,eMMC 5.1,Octa-core (2x2.4 GHz Cortex-A78 & 6x2.0 GHz Cortex-A55),599 g (1.32 lb),,,,,,About 500 EUR,No,GPS - cellular model only,"HSPA, LTE, 5G - cellular model only",8 MP8 MP,"1440 x 2160 pixels, 3:2 ratio (~213 ppi density)",,,"12.2 inches, 443.2 cm2(~82.5% screen-to-body ratio)","Available. Released 2023, January 05",,Mali-G57 MC2,GSM / HSPA / LTE / 5G,Navy Blue,,"Wi-Fi 802.11 a/b/g/n/ac, dual-band, Wi-Fi Direct",18W wired,,HSDPA 850 / 900 / 1700(AWS) / 1900 / 2100,"2023, January 05",,TCL NxtPaper 12 Pro,,1080p@30fps,Li-Po 8000 mAh,GSM 850 / 900 / 1800 / 1900,Nano-SIM (cellular model only),"NCVM IPS, 370 nits (typ)",Mediatek MT8771,,Android 12,"5.1, A2DP, LE","USB Type-C 2.0, magnetic connector",,,,,"Accelerometer, proximity, compass",1080p@30fps,279 x 192.5 x 6.9 mm (10.98 x 7.58 x 0.27 in),LED flash,"13 MP, AF","1, 3, 5, 7, 8, 20, 28, 40, 41, 77, 78 SA/NSA",,,,,256GB 8GB RAM,,,,"Yes, with stereo speakers (4 speakers)",,microSDXC (dedicated slot),https://fdn2.gsmarena.com/vv/bigpic/tcl-nxtpaper-12-pro.jpg,Unspecified,"1, 3, 5, 7, 8, 20, 28, 32, 34, 38, 39, 40, 41",,
eMMC 5.1,TCL,Yes,Virtual proximity sensing,Octa-core (4x2.0 GHz Cortex-A53 & 4x1.5 GHz Cortex-A53),190 g (6.70 oz),,,,,,About 100 EUR,No,"GPS, GLONASS, GALILEO, BDS","HSPA 42.2/11.5 Mbps, LTE Cat4 150/75 Mbps","13 MP, f/2.2, 27mm (wide) 1/3.06"", 1.12µm, PDAF2 MP, f/2.4, (depth)","720 x 1600 pixels, 20:9 ratio (~266 ppi density)",,,"6.6 inches, 105.2 cm2(~84.7% screen-to-body ratio)","Available. Released 2022, November 02",,PowerVR GE8320,GSM / HSPA / LTE,"Lavender Purple, Space Dark",,"Wi-Fi 802.11 a/b/g/n/ac, dual-band, Wi-Fi Direct",10W wired,,HSDPA 850 / 900 / 1900 / 2100,"2022, November 02",,TCL 405,,1080p@30fps,Li-Po 5000 mAh,GSM 850 / 900 / 1800 / 1900,Nano-SIMNano-SIM + Nano-SIM,"IPS LCD, 400 nits (typ)",Mediatek MT6762G Helio G25 (12 nm),,"Android 12 (Go edition), TCL UI","5.1, A2DP, LE","USB Type-C 2.0, OTG",,,,,Accelerometer,1080p@30fps,164.7 x 75.4 x 9 mm (6.48 x 2.97 x 0.35 in),"LED flash, HDR","5 MP, f/2.2, 27mm (wide) 1/5.0"", 1.12µm",,,,,,"32GB 2GB RAM, 64GB 2GB RAM",T506D,,,"Yes, with stereo speakers",HDR,microSDXC (dedicated slot),https://fdn2.gsmarena.com/vv/bigpic/tcl-405.jpg,FM radio,"1, 3, 5, 7, 8, 20, 28, 38, 40, 41",,
,TCL,Yes,,Octa-core (4x2.0 GHz Cortex-A53 & 4x1.5 GHz Cortex-A53),204.4 g (7.20 oz),,,,"Glass front, plastic frame, plastic back",,About 150 EUR,No,GPS,"HSPA, LTE",,720 x 1640 pixels (~263 ppi density),,,"6.82 inches, 110.5 cm2(~83.3% screen-to-body ratio)","Available. Released 2022, June 01",,PowerVR GE8320,GSM / HSPA / LTE,Dark Blue,,Yes,18W wired,,HSDPA 850 / 1700(AWS) / 1900,"2022, June 01",,TCL 30 XL,,1080p@30fps,Li-Ion 5000 mAh,GSM 850 / 900 / 1800 / 1900,Nano-SIM,IPS LCD,Mediatek MT6762V Helio A25 (12 nm),,"Android 12, TCL UI 3.0",Yes,USB Type-C 2.0,,,,,"Fingerprint (rear-mounted), accelerometer, proximity",1080p@30fps,172.2 x 77 x 9.1 mm (6.78 x 3.03 x 0.36 in),"LED flash, HDR, panorama","13 MP, (wide)",,"50 MP, f/1.9, 29mm (wide), PDAF5 MP, 17mm, 115˚ (ultrawide)2 MP, f/2.4, (macro)2 MP, f/2.4, (depth)",,,,64GB 6GB RAM,T671G,,,"Yes, with dual speakers",,microSDXC (dedicated slot),https://fdn2.gsmarena.com/vv/bigpic/tcl-30-xl.jpg,Unspecified,"2, 4, 5, 12, 13, 25, 26, 41, 66, 71",,
HSDPA 850 / 900 / 1700(AWS) / 1900 / 2100,TCL,Yes,"1, 3, 5, 7, 8, 20, 28, 38, 40, 41, 77, 78 SA/NSA - T771H",Octa-core (2x2.2 GHz Cortex-A76 & 6x2.0 GHz Cortex-A55),192 g (6.77 oz),,,,"Glass front, plastic frame, plastic back",,About 240 EUR,Yes,"GPS, GLONASS, GALILEO, BDS","HSPA, LTE, 5G",,"720 x 1612 pixels, 20:9 ratio (~267 ppi density)",,,"6.6 inches, 104.6 cm2(~84.4% screen-to-body ratio)","Available. Released 2022, October 21",,Mali-G57 MC2,GSM / HSPA / LTE / 5G,"Stardust Purple, Starlight Black","50 MP, f/1.8, (wide), 1/2.76"", 0.64µm, PDAF2 MP, f/2.4, (macro)2 MP, f/2.4, (depth)",Wi-Fi 802.11 b/g/n,15W wired,,HSDPA 850 / 900 / 1900 / 2100,"2022, October 26",,TCL 40R,,1080p@30fps,Li-Po 5000 mAh,GSM 850 / 900 / 1800 / 1900,Nano-SIMNano-SIM + Nano-SIM,"IPS LCD, 90Hz, 400 nits (typ)",Mediatek Dimensity 700 (7 nm),,"Android 12, TCL UI 4.0","5.1, A2DP, LE",USB Type-C 2.0,,24-bit/192kHz Hi-Res audio,,,"Fingerprint (side-mounted), accelerometer, proximity, compass",1080p@30fps,164.5 x 75.4 x 9 mm (6.48 x 2.97 x 0.35 in),"LED flash, HDR, panorama","8 MP, f/2.0, (wide), 1/4.0"", 1.12µm","1, 3, 5, 7, 8, 20, 28, 38, 40, 41, 78 SA/NSA - T771K, T771K1",,,"7, 28, 66, 71, 78 SA/NSA - T771A",,"64GB 4GB RAM, 128GB 4GB RAM","T771K, T771K1, T771H, T771A",,eMMC 5.1,Yes,,microSDXC (uses shared SIM slot),https://fdn2.gsmarena.com/vv/bigpic/tcl-40r-5g.jpg,FM radio,LTE,,
Stylus,TCL,Yes,,Octa-core (2x2.2 GHz Cortex-A76 & 6x2.0 GHz Cortex-A55),213 g (7.51 oz),,NEG,,"Glass front, plastic frame, plastic back",,About 240 EUR,Yes,GPS,"HSPA, LTE, 5G",,1080 x 2460 pixels (~395 ppi density),,,"6.81 inches, 110.1 cm2(~84.9% screen-to-body ratio)","Available. Released 2022, June 02",,Mali-G57 MC2,GSM / HSPA / LTE / 5G,Lunar Black,"50 MP, f/1.8, 28mm (wide), 1/2.76"", 0.64µm, PDAF5 MP, 115˚ (ultrawide)2 MP, f/2.4, (macro)2 MP, f/2.4, (depth)","Wi-Fi 802.11 a/b/g/n/ac, dual-band, Wi-Fi Direct",18W wired,,HSDPA 850 / 900 / 1700(AWS) / 1900 / 2100,"2022, June 02",,TCL Stylus,,1080p@30fps,Li-Ion 4000 mAh,GSM 850 / 900 / 1800 / 1900,Nano-SIM,"IPS LCD, 500 nits (typ)",Mediatek Dimensity 700 (7 nm),,"Android 12, TCL UI 4.0","5.2, A2DP, LE","USB Type-C 2.0, OTG",1.25 W/kg (head)     1.25 W/kg (body),,,,"Fingerprint (side-mounted), accelerometer, gyro, proximity, compass, barometer",1080p@30fps,169.6 x 76.5 x 9 mm (6.68 x 3.01 x 0.35 in),"LED flash, HDR, panorama","13 MP, f/2.3, 19mm (ultrawide), 1/3"", 1.12µm","25, 41, 66, 77 SA/NSA/Sub6",,,,,128GB 4GB RAM,T779W,,,"Yes, with stereo speakers",HDR,microSDXC (dedicated slot),https://fdn2.gsmarena.com/vv/bigpic/tcl-stylus-5g.jpg,Unspecified,"2, 4, 5, 12, 25, 26, 41, 66, 71",,
eMMC 5.1,TCL,Yes,,Octa-core (2x2.4 GHz Cortex-A78 & 6x2.0 GHz Cortex-A55),490 g (1.08 lb),,,,,,About 350 EUR,No,GPS,"HSPA, LTE, 5G",,"1200 x 1920 pixels, 16:10 ratio (~224 ppi density)",,,"10.1 inches, 295.8 cm2(~77.2% screen-to-body ratio)","Available. Released 2022, Q3",,Mali-G57 MC2,GSM / HSPA / LTE / 5G,Dark Gray,,"Wi-Fi 802.11 a/b/g/n/ac, dual-band, Wi-Fi Direct",18W wired,,HSDPA 850 / 900 / 1900 / 2100,"2022, February 27",,TCL Tab 10s 5G,,1080p@30fps,Li-Po 8000 mAh,GSM 850 / 900 / 1800 / 1900,Nano-SIM,IPS LCD,Mediatek MT8771,"5 MP, f/2.2, (wide), 1/5.0"", 1.12µm",Android 12,"5.1, A2DP, LE",USB Type-C 2.0,,,,,"Accelerometer, proximity",1080p@30fps,241.7 x 158.6 x 8.5 mm (9.52 x 6.24 x 0.33 in),LED flash,"8 MP, f/2.0, (wide), 1/4.0"", 1.12µm, AF","1, 3, 5, 7, 8, 20, 28, 40, 41, 77, 78 SA/NSA/Sub6",,,,,64GB 4GB RAM,,,,"Yes, with dual speakers",,microSDXC,https://fdn2.gsmarena.com/vv/bigpic/tcl-tab-10s-5g.jpg,"FM radio, RDS","1, 3, 5, 7, 8, 20, 28, 32, 38, 40, 41",,
eMMC 5.1,TCL,Yes,,Octa-core (4x2.0 GHz Cortex-A53 & 4x1.5 GHz Cortex-A53),448 g (15.80 oz),,,,,,About 180 EUR,No,No,"HSPA 42.2/5.76 Mbps, LTE Cat4 150/50 Mbps",,"800 x 1280 pixels, 16:10 ratio (~149 ppi density)",,,"10.1 inches, 295.8 cm2(~76.9% screen-to-body ratio)","Available. Released 2022, June",,PowerVR GE8320,GSM / HSPA / LTE,Dark Gray,,"Wi-Fi 802.11 a/b/g/n/ac, dual-band, Wi-Fi Direct",10W wired,,HSDPA 850 / 900 / 1700(AWS) / 1900 / 2100,"2022, February 27",,TCL Tab 10 HD 4G,,1080p@30fps,Li-Po 5500 mAh,GSM 850 / 900 / 1800 / 1900,Nano-SIM,IPS LCD,Mediatek MT8768E,"5 MP, f/2.2, (wide), 1/5.0"", 1.12µm",Android 11,"5.0, A2DP, LE",USB Type-C 2.0,,,,,"Accelerometer, proximity",1080p@30fps,243.2 x 158.2 x 9.2 mm (9.57 x 6.23 x 0.36 in),,"5 MP, f/2.4, (wide), 1/5.0"", 1.12µm",,,,,,32GB 3GB RAM,,,,"Yes, with dual speakers",,microSDXC (dedicated slot),https://fdn2.gsmarena.com/vv/bigpic/tcl-tab-10-hd-4g.jpg,No,"1, 2, 3, 4, 5, 7, 8, 12, 13, 17, 20, 28, 38, 40, 41, 66",,
,TCL,Yes,,Quad-core 2.0 GHz Cortex-A53,172 g (6.07 oz),,,,,,About 70 EUR,No,GPS,"HSPA, LTE",,"720 x 1560 pixels, 19.5:9 ratio (~282 ppi density)",,,"6.1 inches, 91.3 cm2(~79.2% screen-to-body ratio)","Available. Released 2022, July",,PowerVR GE8300,GSM / HSPA / LTE,Black,,"Wi-Fi 802.11 b/g/n, Wi-Fi Direct",10W wired,,HSDPA 850 / 900 / 1700(AWS) / 1900 / 2100,"2022, July 06",,TCL 30 LE,,1080p@30fps,"Li-Ion 3000 mAh, removable",GSM 850 / 900 / 1800 / 1900,Nano-SIM,IPS LCD,Mediatek MT6761V Helio A22 (12 nm),"8 MP, (wide)",Android 12,"5.0, A2DP, LE",USB Type-C 2.0,0.79 W/kg (head)     1.19 W/kg (body),,,,"Accelerometer, proximity, compass, barometer",1080p@30fps,156.2 x 73.8 x 9.4 mm (6.15 x 2.91 x 0.37 in),LED flash,"13 MP, (wide), 1.12µm , AF",,,,,,32GB 3GB RAM,,,,Yes,,microSDXC (dedicated slot),https://fdn2.gsmarena.com/vv/bigpic/tcl-30-le.jpg,Unspecified,"2, 3, 4, 5, 7, 12, 13, 66",,
eMMC 5.1,TCL,Yes,,Octa-core (2x2.2 GHz Cortex-A76 & 6x2.0 GHz Cortex-A55),184 g (6.49 oz),,,,"Glass front, plastic frame, plastic back",,About 250 EUR,Yes,"GPS, GLONASS, GALILEO, BDS","HSPA 42.2/11.5 Mbps, LTE Cat13 390/150 Mbps, 5G",,"1080 x 2400 pixels, 20:9 ratio (~393 ppi density)",,,"6.7 inches, 108.4 cm2(~87.6% screen-to-body ratio)","Available. Released 2022, April 11",,Mali-G57 MC2,GSM / HSPA / LTE / 5G,"Tech Black, Dreamy Blue","50 MP, f/1.8, 28mm (wide), 1/2.76"", 0.64µm, PDAF2 MP, f/2.4, (macro)2 MP, f/2.4, (depth)","Wi-Fi 802.11 a/b/g/n/ac, dual-band, Wi-Fi Direct",18W wired,,HSDPA 850 / 900 / 1700(AWS) / 1900 / 2100,"2022, February 27",,TCL 30 5G,,1080p@30fps,Li-Po 5010 mAh,GSM 850 / 900 / 1800 / 1900,Nano-SIMNano-SIM + Nano-SIM,"AMOLED, 650 nits (typ), 900 nits (peak)",Mediatek Dimensity 700 (7 nm),,"Android 12, TCL UI 4.0","5.1, A2DP, LE",USB Type-C 2.0,,,,,"Fingerprint (side-mounted), accelerometer, proximity, compass",1080p@30fps,164.5 x 75.2 x 7.7 mm (6.48 x 2.96 x 0.30 in),"LED flash, HDR, panorama","13 MP, f/2.3, 19mm (ultrawide), 1/3"", 1.12µm","1, 3, 5, 7, 8, 20, 28, 40, 41, 78 SA/NSA",,,,,"64GB 4GB RAM, 128GB 4GB RAM",T776H,,,Yes,HDR,microSDXC (dedicated slot),https://fdn2.gsmarena.com/vv/bigpic/tcl-30-5g.jpg,Unspecified,"1, 3, 5, 7, 8, 20, 26, 28, 32, 38, 40, 41",,
HSDPA 850 / 900 / 1700(AWS) / 1900 / 2100 - LATAM,TCL,Yes,"2, 3, 4, 5, 7, 8, 12, 13, 17, 26, 28, 38, 40, 66 - LATAM",Octa-core (4x2.3 GHz Cortex-A53 & 4x1.8 GHz Cortex-A53),184 g (6.49 oz),,,,"Glass front, plastic frame, plastic back",,About 220 EUR,Yes (T676K only),"GPS, GLONASS, GALILEO, BDS","HSPA 42.2/5.76 Mbps, LTE Cat4 150/50 Mbps",,"1080 x 2400 pixels, 20:9 ratio (~393 ppi density)",,,"6.7 inches, 108.4 cm2(~87.6% screen-to-body ratio)","Available. Released 2022, April 20",,PowerVR GE8320,GSM / HSPA / LTE,"Tech Black, Muse Blue","50 MP, f/1.9, 28mm (wide), 1/2.76"", 0.64µm, PDAF2 MP, f/2.4, (macro)2 MP, f/2.4, (depth)","Wi-Fi 802.11 b/g/n, Wi-Fi Direct",18W wired,,HSDPA 850 / 900 / 1900 / 2100 - EMEA/APAC,"2022, February 27",,TCL 30+,,1080p@30fps,Li-Po 5010 mAh,GSM 850 / 900 / 1800 / 1900,Nano-SIM + Nano-SIM,"AMOLED, 650 nits (typ), 900 nits (peak)",Mediatek MT6765V/CB Helio G37 (12 nm),,"Android 12, TCL UI 4.0","5.0, A2DP, LE",USB Type-C 2.0,,,,,"Fingerprint (side-mounted), accelerometer, proximity, compass",1080p@30fps,164.5 x 75.2 x 7.7 mm (6.48 x 2.96 x 0.30 in),"LED flash, HDR, panorama","13 MP, f/2.3, 19mm (ultrawide), 1/3"", 1.12µm",,,,eMMC 5.1,,128GB 4GB RAM,"T676K, T676J",,,"Yes, with dual speakers",HDR,microSDXC (dedicated slot),https://fdn2.gsmarena.com/vv/bigpic/tcl-30-plus.jpg,Unspecified,"1, 3, 5, 7, 8, 20, 28, 38, 40, 41 - EMEA",,
eMMC 5.1,TCL,Yes,,Octa-core (4x2.3 GHz Cortex-A53 & 4x1.8 GHz Cortex-A53),184 g (6.49 oz),,,,"Glass front, plastic frame, plastic back",,About 200 EUR,Yes,"GPS, GLONASS, GALILEO, BDS","HSPA 42.2/5.76 Mbps, LTE Cat4 150/50 Mbps",,"1080 x 2400 pixels, 20:9 ratio (~393 ppi density)",,,"6.7 inches, 108.4 cm2(~87.6% screen-to-body ratio)","Available. Released 2022, April 20",,PowerVR GE8320,GSM / HSPA / LTE,"Tech Black, Muse Blue","50 MP, f/1.9, 28mm (wide), 1/2.76"", 0.64µm, PDAF2 MP, f/2.4, (macro)2 MP, f/2.4, (depth)","Wi-Fi 802.11 b/g/n, Wi-Fi Direct",18W wired,,HSDPA 850 / 900 / 1900 / 2100,"2022, February 27",,TCL 30,,1080p@30fps,Li-Po 5010 mAh,GSM 850 / 900 / 1800 / 1900,Nano-SIM + Nano-SIM,"AMOLED, 650 nits (typ), 900 nits (peak)",Mediatek MT6765V/CB Helio G37 (12 nm),,"Android 12, TCL UI 4.0","5.0, A2DP, LE",USB Type-C 2.0,,,,,"Fingerprint (side-mounted), accelerometer, proximity, compass",1080p@30fps,164.5 x 75.2 x 7.7 mm (6.48 x 2.96 x 0.30 in),"LED flash, HDR, panorama","8 MP, f/2.0, 26mm (wide), 1/4.0"", 1.12µm",,,,,,64GB 4GB RAM,T676H,,,"Yes, with dual speakers",HDR,microSDXC (dedicated slot),https://fdn2.gsmarena.com/vv/bigpic/tcl-30.jpg,Unspecified,"1, 3, 5, 7, 8, 20, 28, 38, 40, 41",,
HSDPA 850 / 900 / 1700(AWS) / 1900 / 2100 - LATAM,TCL,Yes,"2, 3, 4, 5, 7, 8, 12, 13, 17, 26, 28, 66 - LATAM",Octa-core (4x2.0 GHz Cortex-A53 & 4x1.5 GHz Cortex-A53),190 g (6.70 oz),,,,"Glass front, plastic frame, plastic back",,,Yes (6165H/6165H1 only),"GPS, GLONASS, GALILEO, BDS","HSPA 42.2/11.5 Mbps, LTE Cat4 150/50 Mbps",,"720 x 1600 pixels, 20:9 ratio (~269 ppi density)",,,"6.52 inches, 102.6 cm2(~82.3% screen-to-body ratio)","Available. Released 2022, April 20",,PowerVR GE8320,GSM / HSPA / LTE,"Atlantic Blue, Space Gray, Glacial Blue","50 MP, f/1.9, 28mm (wide), 1/2.76"", 0.64µm, PDAF2 MP, f/2.4, (macro)2 MP, f/2.4, (depth)","Wi-Fi 802.11 b/g/n, Wi-Fi Direct",15W wired,,HSDPA 850 / 900 / 1900 / 2100  - EMEA/APAC,"2022, February 27",,TCL 30 SE,,1080p@30fps,Li-Po 5000 mAh,GSM 850 / 900 / 1800 / 1900,Nano-SIMNano-SIM + Nano-SIM,"IPS LCD, 450 nits (typ)",Mediatek MT6762G Helio G25 (12 nm),,"Android 12, TCL UI 4.0","5.0, A2DP, LE",USB Type-C 2.0,,,,,"Fingerprint (rear-mounted), accelerometer, proximity, compass",1080p@30fps,165.2 x 75.5 x 8.9 mm (6.50 x 2.97 x 0.35 in),"LED flash, HDR, panorama","8 MP, f/2.0, 26mm (wide), 1/4.0"", 1.12µm",,,,eMMC 5.1,,"64GB 4GB RAM, 128GB 4GB RAM","6165H, 6156H1, 6165A, 6165A1, 6165S",,,Yes,HDR,microSDXC (dedicated slot),https://fdn2.gsmarena.com/vv/bigpic/tcl-30se.jpg,Unspecified,"1, 3, 5, 7, 8, 20, 28, 38, 40, 41 - EMEA",,
HSDPA 850 / 900 / 1700(AWS) / 1900 / 2100 - LATAM,TCL,Yes,"2, 3, 4, 5, 7, 8, 12, 13, 17, 26, 28, 66 - LATAM",Octa-core (4x2.0 GHz Cortex-A53 & 4x1.5 GHz Cortex-A53),190 g (6.70 oz),,,,"Glass front, plastic frame, plastic back",,,Yes (6127l only),"GPS, GLONASS, GALILEO, BDS","HSPA 42.2/11.5 Mbps, LTE Cat5 150/75 Mbps","50 MP, f/1.9, 28mm (wide), 1/2.76"", 0.64µm, PDAF2 MP, f/2.4, (depth)","720 x 1600 pixels, 20:9 ratio (~269 ppi density)",,,"6.52 inches, 102.6 cm2(~82.3% screen-to-body ratio)","Available. Released 2022, April 20",,PowerVR GE8320,GSM / HSPA / LTE,"Space Gray, Atlantic Blue",,"Wi-Fi 802.11 b/g/n, Wi-Fi Direct",10W wired,,HSDPA 850 / 900 / 1900 / 2100  - EMEA/APAC,"2022, February 27",,TCL 30E,,1080p@30fps,Li-Po 5000 mAh,GSM 850 / 900 / 1800 / 1900,Nano-SIMNano-SIM + Nano-SIM,"IPS LCD, 450 nits (typ)",Mediatek MT6762G Helio G25 (12 nm),,Android 12,"5.0, A2DP, LE",USB Type-C 2.0,,,,,"Fingerprint (rear-mounted), accelerometer, proximity, compass",1080p@30fps,165.2 x 75.5 x 8.9 mm (6.50 x 2.97 x 0.35 in),"LED flash, HDR, panorama","5 MP, f/2.2, 28mm (wide), 1/5.0"", 1.12µm",,,,eMMC 5.1,,64GB 3GB RAM,"6127A, 6127l",,,Yes,HDR,microSDXC (dedicated slot),https://fdn2.gsmarena.com/vv/bigpic/tcl-30e.jpg,Unspecified,"1, 3, 5, 7, 8, 20, 28, 38, 40, 41 - EMEA",,
HSDPA 850 / 900 / 1700(AWS) / 1900 / 2100 - LATAM,TCL,Yes,"2, 3, 4, 5, 7, 8, 12, 13, 17, 26, 28, 66 - LATAM",Octa-core (4x2.0 GHz Cortex-A53 & 4x1.5 GHz Cortex-A53),190 g (6.70 oz),,,,,,About 40 EUR,Yes (market/region dependent),"GPS, GLONASS, GALILEO, BDS","HSPA 42.2/11.5 Mbps, LTE Cat4 150/75 Mbps",,"720 x 1600 pixels, 20:9 ratio (~269 ppi density)",,,"6.52 inches, 102.6 cm2(~82.3% screen-to-body ratio)","Available. Released 2022, February",,PowerVR GE8320,GSM / HSPA / LTE,"Space Gray, Atlantic Blue","13 MP, f/2.2, 27mm (wide) 1/3.0"", 1.12µm, PDAF2 MP, f/2.4, (depth)2 MP, f/2.4, (macro)","Wi-Fi 802.11 b/g/n, Wi-Fi Direct",10W wired,,"HSDPA 850 / 900 / 1900 / 2100 - EMEA, APAC","2022, January 31",,TCL 306,,1080p@30fps,Li-Po 5000 mAh,GSM 850 / 900 / 1800 / 1900,Nano-SIMNano-SIM + Nano-SIM,"IPS LCD, 450 nits (typ)",Mediatek MT6762G Helio G25 (12 nm),,"Android 12, TCL UI","5.0, A2DP","USB Type-C 2.0, OTG",,,,,"Fingerprint (rear-mounted), accelerometer, proximity, compass",1080p@30fps,165.2 x 75.5 x 8.9 mm (6.50 x 2.97 x 0.35 in),"LED flash, HDR, panorama","5 MP, f/2.2, 27mm (wide) 1/5.0"", 1.12µm",,,,eMMC 5.1,,32GB 3GB RAM,"X668, 6102H",,,Yes,HDR,microSDXC (dedicated slot),https://fdn2.gsmarena.com/vv/bigpic/tcl-306-2022.jpg,FM radio,"1, 3, 5, 7, 8, 20, 28, 38, 40, 41 - EMEA",,
HSDPA 850 / 900 / 1700(AWS) / 1900 / 2100 - 6102А,TCL,Yes,"2, 3, 4, 5, 7, 8, 12, 13, 17, 26, 28, 66 - 6102А",Quad-core 2.0 GHz Cortex-A53,190 g (6.70 oz),,,,"Glass front, plastic frame, plastic back",,About 200 EUR,No,"GPS, GLONASS, GALILEO","HSPA 42.2/11.5 Mbps, LTE Cat4 150/50 Mbps",,"720 x 1600 pixels, 20:9 ratio (~269 ppi density)",,,"6.52 inches, 102.6 cm2(~82.3% screen-to-body ratio)","Available. Released 2022, February",,PowerVR GE8320,GSM / HSPA / LTE,"Space Gray, Atlantic Blue","13 MP, f/2.2, 27mm (wide) 1/3.0"", 1.12µm, PDAF2 MP, f/2.4, (depth)2 MP, f/2.4, (macro)","Wi-Fi 802.11 g/n, Wi-Fi Direct",10W wired,,HSDPA 850 / 900 / 1900 / 2100 - 6102D,"2022, January 31",,TCL 305,,1080p@30fps,Li-Po 5000 mAh,GSM 850 / 900 / 1800 / 1900,Nano-SIMNano-SIM + Nano-SIM,"IPS LCD, 450 nits (typ)",Mediatek MT6761 Helio A22 (12 nm),,"Android 11 (Go edition), TCL UI","5.0, A2DP","USB Type-C 2.0, OTG",,,,,"Fingerprint (rear-mounted), accelerometer, proximity, compass",1080p@30fps,165.2 x 75.5 x 8.9 mm (6.50 x 2.97 x 0.35 in),"LED flash, HDR, panorama","5 MP, f/2.2, 27mm (wide) 1/5.0"", 1.12µm",,,,eMMC 5.1,,"32GB 2GB RAM, 64GB 2GB RAM","6102D, 5164D",,,Yes,HDR,microSDXC (dedicated slot),https://fdn2.gsmarena.com/vv/bigpic/tcl-305.jpg,FM radio,"1, 3, 5, 7, 8, 20, 28, 38, 40, 41 - 6102D",,
eMMC 5.1,TCL,Yes,,Octa-core (4x1.6 GHz Cortex-A55 & 4x1.2 GHz Cortex-A55),170.3 g (6.00 oz),,,,"Glass front, plastic frame, plastic back",,About 110 EUR,No,GPS,"HSPA 21.1/5.76 Mbps, LTE Cat4 150/50 Mbps","13 MP, f/2.2, (wide) 1/3.06"", 1.12µm, AF2 MP, f/2.4, (depth)","720 x 1520 pixels, 19:9 ratio (~270 ppi density)",,,"6.22 inches, 96.6 cm2(~80.7% screen-to-body ratio)","Available. Released 2021, October",,IMG8322,GSM / HSPA / LTE,"Power Gray, Atlantic Blue",,"Wi-Fi 802.11 b/g/n, Wi-Fi Direct",,,HSDPA 850 / 900 / 1900 / 2100,"2021, October 08",,TCL 205,,1080p@30fps,Li-Po 4000 mAh,GSM 850 / 900 / 1800 / 1900,Nano-SIM + Nano-SIM,IPS LCD,Unisoc SC9863A (28 nm),,"Android 11 (Go edition), TCL UI","5.0, A2DP",microUSB 2.0,,,,,"Accelerometer, proximity",1080p@30fps,159.2 x 75.2 x 8.7 mm (6.27 x 2.96 x 0.34 in),"LED flash, HDR, panorama","5 MP, f/2.2, (wide) 1/5.0"", 1.12µm",,,,,,32GB 2GB RAM,4187D,,,Yes,HDR,microSDXC (uses shared SIM slot),https://fdn2.gsmarena.com/vv/bigpic/tcl-205.jpg,No,"1, 3, 7, 8, 20, 28, 38, 40, 41",,
,TCL,Yes,,Octa-core (2x2.0 GHz Kryo 460 & 6x1.8 GHz Kryo 460),200.4 g (7.09 oz),,Corning Gorilla Glass 3,,"Glass front, plastic frame, plastic back",,About 270 EUR,No,GPS,"HSPA, LTE, 5G",,"1080 x 2400 pixels, 20:9 ratio (~395 ppi density)",,,"6.67 inches, 107.4 cm2(~85.2% screen-to-body ratio)","Available. Released 2022, January 28",,Adreno 619,GSM / HSPA / LTE / 5G,Midnight Gray,"50 MP, (wide), PDAF5 MP, (ultrawide)2 MP, (macro)","Wi-Fi 802.11 a/b/g/n/ac, dual-band, Wi-Fi Direct",18W wired,,HSDPA 850 / 900 / 1700(AWS) / 1900 / 2100,"2022, January 04",,TCL 30 V 5G,,1080p@30fps,Li-Po 4500 mAh,GSM 850 / 900 / 1800 / 1900,Nano-SIM,IPS LCD,Qualcomm SM4350 Snapdragon 480 5G (8 nm),,"Android 11, TCL UI","5.1, A2DP, LE","USB Type-C 3.0, OTG",,,,,"Fingerprint (rear-mounted), accelerometer, proximity, compass, gyro, barometer",1080p@30fps,165.9 x 76 x 9.1 mm (6.53 x 2.99 x 0.36 in),"LED flash, HDR, panorama","16 MP, (wide)","2, 5, 48, 66, 77, 260, 261 SA/NSA/Sub6/mmWave",,,,,128GB 4GB RAM,,,,"Yes, with dual speakers",,microSDXC (dedicated slot),https://fdn2.gsmarena.com/vv/bigpic/tcl-30-v-5g.jpg,No,"2, 4, 5, 12, 13, 46, 48, 66",,
eMMC 5.1,TCL,Yes,,Octa-core (2x2.2 GHz Cortex-A76 & 6x2.0 GHz Cortex-A55),195 g (6.88 oz),,Dragontrail Glass,,"Glass front, plastic frame, plastic back",,About 170 EUR,No,"GPS, GLONASS, GALILEO, BDS","HSPA, LTE, 5G",,"720 x 1600 pixels, 20:9 ratio (~269 ppi density)",,,"6.52 inches, 102.6 cm2(~83.5% screen-to-body ratio)","Available. Released 2022, March 02",,Mali-G57 MC2,GSM / HSPA / LTE / 5G,Shadow Black,"13 MP, f/2.2, 27mm (wide) 1/3.0"", 1.12µm, PDAF2 MP, f/2.4, (depth)2 MP, f/2.4, (macro)","Wi-Fi 802.11 a/b/g/n/ac, dual-band, Wi-Fi Direct",18W wired,,HSDPA 850 / 900 / 1700(AWS) / 1900 / 2100,"2022, January 04",,TCL 30 XE 5G,,1080p@30fps,Li-Po 4500 mAh,GSM 850 / 900 / 1800 / 1900,Nano-SIM,"IPS LCD, 90Hz",Mediatek Dimensity 700 (7 nm),,"Android 11, TCL UI","5.1, A2DP, LE","USB Type-C 2.0, OTG",,,,,"Fingerprint (rear-mounted), accelerometer, proximity, compass, gyro, barometer",1080p@30fps,164.1 x 74.9 x 9 mm (6.46 x 2.95 x 0.35 in),"LED flash, HDR, panorama","8 MP, f/2.0, 26mm (wide) 1/4.0"", 1.12µm","25, 41, 66, 71, 77 SA/NSA",,,,,64GB 4GB RAM,T767W,,,Yes,,microSDXC (dedicated slot),https://fdn2.gsmarena.com/vv/bigpic/tcl-30-xe-5g.jpg,Unspecified,"1, 2, 3, 4, 5, 7, 8, 12, 13, 20, 25, 26, 28, 38, 39, 40, 41, 66, 71",,
Stylus support,TCL,Yes,eMMC 5.1,Octa-core (4x2.0 GHz Cortex-A53 & 4x1.5 GHz Cortex-A53),490 g (1.08 lb),,,,,,,No,GPS,,,"1200 x 1920 pixels, 16:10 ratio (~224 ppi density)",,,"10.1 inches, 295.8 cm2(~77.4% screen-to-body ratio)","Available. Released 2022, Q3",,PowerVR GE8320,No cellular connectivity,"Dark Gray, Ethereal Green",,"Wi-Fi 802.11 a/b/g/n/ac, dual-band, Wi-Fi Direct",18W wired,,,"2022, January 04",,TCL NxtPaper 10s,No,1080p@30fps,Li-Po 8000 mAh,,No,NCVM IPS,Mediatek MT8768,"5 MP, f/2.2, (wide), 1/5.0"", 1.12µm",Android 11,"5.0, A2DP, LE",USB Type-C 2.0,,,,No,"Accelerometer, proximity",1080p@30fps,241 x 158.6 x 8.3 mm (9.49 x 6.24 x 0.33 in),LED flash,"8 MP, f/2.0, (wide), 1/4.0"", 1.12µm, AF",,,,,,64GB 4GB RAM,"9081X, 9081X2",,,"Yes, with dual speakers",,microSDXC,https://fdn2.gsmarena.com/vv/bigpic/tcl-nxtpaper-10s.jpg,"FM radio, RDS",,,
eMMC 5.1,TCL,Yes,,Quad-core 1.3 GHz Cortex-A35,426 g (15.03 oz),,,,,,,No,No,,,"800 x 1280 pixels, 16:10 ratio (~149 ppi density)",,,"10.1 inches, 295.8 cm2(~76.9% screen-to-body ratio)","Available. Released 2022, Q3",,PowerVR GE8300,No cellular connectivity,Prime Black,,"Wi-Fi 802.11 b/g/n, Wi-Fi Direct",,,,"2022, January 04",,TCL Tab 10L,No,720p,Li-Po 4080 mAh,,No,IPS LCD,Mediatek MT8167,2 MP,Android 11,"4.2, A2DP",USB Type-C 2.0,,,,No,Accelerometer,720p,243.2 x 158.2 x 9.2 mm (9.57 x 6.23 x 0.36 in),,2 MP,,,,,,32GB 2GB RAM,8491X,,,"Yes, with dual speakers",,microSDXC,https://fdn2.gsmarena.com/vv/bigpic/tcl-tab-10l.jpg,No,,,
eMMC 5.1,TCL,Yes,,Quad-core 2.0 GHz Cortex-A53,295 g (10.41 oz),,,,,,,No,GPS,"HSPA 42.2/11.5 Mbps, LTE Cat4",,"800 x 1280 pixels, 16:10 ratio (~189 ppi density)",,,"8.0 inches, 185.6 cm2(~75.5% screen-to-body ratio)","Available. Released 2022, Q3",,PowerVR GE8300,GSM / HSPA / LTE,Prime Black,,"Wi-Fi 802.11 a/b/g/n/ac, dual-band, Wi-Fi Direct",,,HSDPA 850 / 900 / 1700(AWS) / 1900 / 2100,"2022, January 04",,TCL Tab 8 4G,,1080p@30fps,Li-Po 4080 mAh,GSM 850 / 900 / 1800 / 1900,Nano-SIM,IPS LCD,Mediatek MT8766,"5 MP, f/2.4, (wide), 1/5.0"", 1.12µm",Android 11,"5.0, A2DP, LE",USB Type-C 2.0,,,,,Accelerometer,1080p@30fps,197 x 124.8 x 8.9 mm (7.76 x 4.91 x 0.35 in),,"5 MP, f/2.4, (wide), 1/5.0"", 1.12µm",,,,,,32GB 2GB RAM,9132G2,,,Yes,,microSDXC (dedicated slot),https://fdn2.gsmarena.com/vv/bigpic/tcl-tab8-4g.jpg,FM radio,"1, 2, 3, 4, 5, 7, 8, 12, 13, 17, 20, 28, 40, 41, 66",,
,TCL,Yes,,Octa-core 2.0 GHz Cortex-A53,195 g (6.88 oz),,,,,,About 50 EUR,No,GPS,"HSPA 42.2/11.5 Mbps, LTE Cat13 300/150 Mbps",,"720 x 1600 pixels, 20:9 ratio (~269 ppi density)",,,"6.52 inches, 102.6 cm2(~83.1% screen-to-body ratio)","Available. Released 2021, December",,PowerVR GE8320,GSM / HSPA / LTE,Moonlight Grey,"13 MP, 27mm (wide), 1.12µm, AF2 MP (depth)2 MP (macro)","Wi-Fi 802.11 b/g/n, Wi-Fi Direct",18W wired,,HSDPA 850 / 1700(AWS) / 1900,"2021, December",,TCL 20 XE,,1080p@30fps,Li-Po 5000 mAh,GSM 850 / 900 / 1800 / 1900,Nano-SIM,"IPS LCD, 450 nits",Mediatek MT6762 Helio P22 (12 nm),,"Android 11, TCL UI 3.0","5.0, A2DP, LE","USB Type-C 2.0, OTG",1.39 W/kg (head)     1.25 W/kg (body),,,,"Fingerprint (rear-mounted), accelerometer, proximity, compass, barometer",1080p@30fps,164.6 x 75 x 9 mm (6.48 x 2.95 x 0.35 in),"LED flash, HDR",5 MP,,,,,,32GB 3GB RAM,5087Z,,,Yes,,microSDXC,https://fdn2.gsmarena.com/vv/bigpic/tcl-20xe.jpg,No,"2, 4, 5, 7, 12, 25, 26, 41, 66, 71",,
,TCL,Yes,,Octa-core 2.0 GHz Cortex-A53,190 g (6.70 oz),,,,"Glass front, plastic frame, plastic back",,About 160 EUR,No,"GPS, GLONASS, GALILEO, BDS","HSPA, LTE",,"720 x 1600 pixels, 20:9 ratio (~269 ppi density)",,,"6.52 inches, 102.6 cm2(~82.0% screen-to-body ratio)","Available. Released 2021, October 12",,PowerVR GE8320,GSM / HSPA / LTE,"Black, Blue, Green","13 MP, f/2.2, 27mm (wide) 1/3.0"", 1.12µm, PDAF2 MP, f/2.4, (depth)2 MP, f/2.4, (macro)",Wi-Fi 802.11 b/g/n,10W wired,,HSDPA 850 / 900 / 1900 / 2100,"2021, October 12",,TCL 20E,,720p@30fps,Li-Po 4000 mAh,GSM 850 / 900 / 1800 / 1900,Nano-SIM + Nano-SIM,"IPS LCD,",Mediatek MT6762 Helio P22 (12 nm),,"Android 11, TCL UI","5.0, A2DP, LE",microUSB 2.0,,,,,"Fingerprint (rear-mounted), accelerometer, proximity, compass",1080p@30fps,165.6 x 75.6 x 8.8 mm (6.52 x 2.98 x 0.35 in),"LED flash, HDR, panorama",5 MP or 8 MP,,,,,,"64GB 3GB RAM, 64GB 4GB RAM, 128GB 4GB RAM","6125F, 6125D, 6125H",,,Yes,,microSDXC (uses shared SIM slot),https://fdn2.gsmarena.com/vv/bigpic/tcl-20e.jpg,Unspecified,"1, 3, 5, 7, 8, 20, 28, 38, 40, 41",,
,TCL,Yes,,Octa-core (4x1.8 GHz Cortex-A53 & 4x1.5 GHz Cortex-A53),194 g (6.84 oz),,,,"Glass front, plastic frame, plastic back",,About 130 EUR,Yes,"GPS, GLONASS, GALILEO, BDS","HSPA, LTE",,"720 x 1600 pixels, 20:9 ratio (~269 ppi density)",,,"6.52 inches, 102.6 cm2(~82.0% screen-to-body ratio)","Available. Released 2021, September 07",,PowerVR GE8320,GSM / HSPA / LTE,"Black, Blue","48 MP, f/1.8, 26mm (wide) 1/2.0"", 0.8µm, PDAF2 MP, f/2.4, (depth)2 MP, f/2.4, (macro)",Wi-Fi 802.11 b/g/n,10W wired,,HSDPA 850 / 900 / 1900 / 2100,"2021, September 07",,TCL 20Y,,1080p@30fps,Li-Po 4000 mAh,GSM 850 / 900 / 1800 / 1900,Nano-SIM + Nano-SIM,IPS LCD,Mediatek MT6762D Helio P22 (12 nm),,"Android 11, TCL UI","5.0, A2DP, LE","microUSB 2.0, OTG",,,,,"Fingerprint (rear-mounted), accelerometer, proximity, compass",1080p@30fps,165.6 x 75.6 x 8.8 mm (6.52 x 2.98 x 0.35 in),"LED flash, HDR, panorama","8 MP, f/2.0, 26mm (wide) 1/4.0"", 1.12µm",,,,,,64GB 4GB RAM,6156D,,,Yes,,microSDXC (uses shared SIM slot),https://fdn2.gsmarena.com/vv/bigpic/tcl-20e.jpg,Unspecified,"1, 3, 7, 8, 20, 28",,
,TCL,Yes,,Octa-core 2.0 GHz Cortex-A53,171 g (6.03 oz),,Asahi Glass,,,,About 90 EUR,No,GPS,"HSPA 42.2/5.76 Mbps, LTE Cat4 150/50 Mbps",,"720 x 1440 pixels, 18:9 ratio (~293 ppi density)",,,"5.5 inches, 78.1 cm2(~75.3% screen-to-body ratio)","Available. Released 2021, October 05",,PowerVR GE8320,GSM / HSPA / LTE,Black,,"Wi-Fi 802.11 b/g/n, Wi-Fi Direct",,,HSDPA 850 / 1700(AWS) / 1900,"2021, October 05",,TCL A30,,1080p@30fps,Li-Ion 3000 mAh,GSM 850 / 900 / 1800 / 1900,Nano-SIM,TFT LCD,Mediatek MT6762 Helio P22 (12 nm),"5 MP, 1/5.0"", 1.12µm",Android 11,"5.0, A2DP, LE",microUSB 2.0,,,,,"Accelerometer, proximity",1080p@30fps,145.8 x 71.1 x 9.9 mm (5.74 x 2.80 x 0.39 in),LED flash,"8 MP, 1/4.0"", 1.12µm",,,,,,32GB 3GB RAM,"5102, 5102L",,,Yes,,microSDXC (dedicated slot),https://fdn2.gsmarena.com/vv/bigpic/tcl-a30.jpg,Unspecified,"2, 4, 5, 12, 13, 25, 26, 41, 66, 71",,
CDMA 800 / 1900,TCL,Yes,,Octa-core 2.0 GHz Cortex-A53,171 g (6.03 oz),,,,,,About 40 EUR,No,GPS,"HSPA 42.2/5.76 Mbps, LTE Cat4 150/50 Mbps",,"720 x 1440 pixels, 18:9 ratio (~293 ppi density)",,,"5.5 inches, 78.1 cm2(~75.3% screen-to-body ratio)","Available. Released 2021, October",,PowerVR GE8320,GSM / CDMA / HSPA / LTE,Black,,"Wi-Fi 802.11 b/g/n, Wi-Fi Direct",,,HSDPA 850 / 1700(AWS) / 1900,"2021, October",,TCL A3,,1080p@30fps,"Li-Ion 3000 mAh, removable",GSM 850 / 900 / 1800 / 1900,Nano-SIM,TFT LCD,Mediatek MT6762 Helio P22 (12 nm),"5 MP, 1/5.0"", 1.12µm",Android 11,"5.0, A2DP, LE",microUSB 2.0,,,,,"Accelerometer, proximity",1080p@30fps,145.8 x 71.1 x 9.9 mm (5.74 x 2.80 x 0.39 in),LED flash,"8 MP, 1/4.0"", 1.12µm",,,,,,32GB 3GB RAM,A509DL,,,Yes,,microSDXC (dedicated slot),https://fdn2.gsmarena.com/vv/bigpic/tcl-a3.jpg,Unspecified,"2, 4, 5, 13, 66",,
eMMC 5.1,TCL,Yes,,Octa-core 1.8 GHz Cortex-A53,178 g (6.28 oz),,,,"Glass front, plastic frame, plastic back",,About 320 EUR,No,GPS,"HSPA, LTE","50 MP, (wide), PDAF2 MP, f/2.4, (depth)","720 x 1600 pixels, 20:9 ratio (~269 ppi density)",,,"6.52 inches, 102.6 cm2(~83.4% screen-to-body ratio)","Available. Released 2021, September 30",,PowerVR GE8320,GSM / HSPA / LTE,"Gray, Violet",,"Wi-Fi 802.11 b/g/n, Wi-Fi Direct",18W wired,,HSDPA 850 / 900 / 1900 / 2100,"2021, September 30",,TCL 20B,,1080p@30fps,Li-Po 4000 mAh,GSM 850 / 900 / 1800 / 1900,Nano-SIM + Nano-SIM,IPS LCD,Mediatek MT6762 Helio P22 (12 nm),,"Android 11, TCL UI","5.0, A2DP, LE",USB Type-C 2.0,,,,,"Fingerprint (rear-mounted), accelerometer, proximity",1080p@30fps,164.7 x 74.7 x 8 mm (6.48 x 2.94 x 0.31 in),"LED flash, HDR, panorama",8 MP,,,,,,64GB 4GB RAM,6159K,,,Yes,,microSDXC,https://fdn2.gsmarena.com/vv/bigpic/tcl-20b.jpg,Unspecified,"1, 3, 5, 7, 8, 20, 28, 38, 40, 41",,
,TCL,Yes,,Octa-core (2x2.2 GHz Cortex-A76 & 6x2.0 GHz Cortex-A55),186 g (6.56 oz),,,,"Glass front, plastic frame, plastic back",,About 180 EUR,Yes,"GPS, GLONASS, GALILEO, BDS","HSPA 42.2/11.5 Mbps, LTE Cat13 400/100 Mbps, 5G 2.7 Gbps DL",,"720 x 1600 pixels, 20:9 ratio (~269 ppi density)",,,"6.52 inches, 102.6 cm2(~83.3% screen-to-body ratio)","Available. Released 2021, September 23",,Mali-G57 MC2,GSM / HSPA / LTE / 5G,"Gray, Blue","13 MP, f/2.2, 27mm (wide) 1/3.0"", 1.12µm, PDAF2 MP, f/2.4, (depth)2 MP, f/2.4, (macro)","Wi-Fi 802.11 a/b/g/n/ac, dual-band, Wi-Fi Direct",10W wired,,HSDPA 850 / 900 / 1700(AWS) / 1900 / 2100,"2021, September 07",,TCL 20 R 5G,,1080p@30fps,Li-Po 4500 mAh,GSM 850 / 900 / 1800 / 1900,Nano-SIMNano-SIM + Nano-SIM,"IPS LCD, 90Hz, 500 nits (peak)",Mediatek Dimensity 700 (7 nm),,"Android 11, TCL UI","5.2, A2DP, LE",USB Type-C 2.0,,,,,"Fingerprint (rear-mounted), accelerometer, proximity, compass",1080p@30fps,164.3 x 75 x 9 mm (6.47 x 2.95 x 0.35 in),"LED flash, HDR, panorama","8 MP, f/2.0, 26mm (wide) 1/4.0"", 1.12µm","1, 3, 5, 7, 8, 28, 40, 78 SA/NSA",,,,,"64GB 4GB RAM, 128GB 4GB RAM",T767H,,,Yes,,microSDXC (uses shared SIM slot),https://fdn2.gsmarena.com/vv/bigpic/tcl-20-r-5g.jpg,Unspecified,"1, 3, 5, 7, 8, 20, 26, 28, 32, 38, 40, 41",,
"1, 3, 5, 7, 8, 28, 38, 40, 41",TCL,Yes,,Octa-core (4x1.6 GHz Cortex-A55 & 4x1.2 GHz Cortex-A55),175 g (6.17 oz),,,,,,About 210 EUR,No,GPS,"HSPA 21.1/5.76 Mbps, LTE Cat4 150/50 Mbps",,"720 x 1520 pixels, 19:9 ratio (~270 ppi density)",,,"6.22 inches, 96.6 cm2(~80.7% screen-to-body ratio)","Available. Released 2021, September 02",,IMG8322,GSM / HSPA / LTE,Titanium Gray,"13 MP, f/2.2, (wide), 1/3.06"", 1.12µm, PDAF5 MP, f/2.2, 120˚ (ultrawide), 1/5.0"", 1.12µm2 MP, f/2.4, (depth)","Wi-Fi 802.11 b/g/n, Wi-Fi Direct",,,HSDPA 850 / 900 / 1900 / 2100,"2021, September 02",,TCL L10 Pro,,1080p@30fps,Li-Po 4000 mAh,GSM 850 / 900 / 1800 / 1900,Nano-SIM + Nano-SIM,IPS LCD,Unisoc SC9863A (28 nm),,Android 10,"4.2, A2DP",microUSB 2.0,,,,,"Fingerprint (rear-mounted), accelerometer, proximity",1080p@30fps,159.2 x 75.2 x 8.7 mm (6.27 x 2.96 x 0.34 in),"LED flash, HDR, panorama","5 MP, f/2.2, (wide), 1/5.0"", 1.12µm",,,,,,128GB 4GB RAM,,,,Yes,,microSDXC (uses shared SIM slot),https://fdn2.gsmarena.com/vv/bigpic/tcl-l10-pro.jpg,FM radio,"1, 3, 7, 8, 20, 28",,
HSDPA 850 / 900 / 1700(AWS) / 1900 / 2100 - NA,TCL,Yes,"1, 2, 3, 4, 5, 7, 8, 12, 13, 14, 17, 20, 25, 26, 28, 29, 30, 38, 40, 41, 48, 66, 71 - NA",Octa-core (2x2.0 GHz Kryo 570 & 6x1.7 GHz Kryo 570),190 g (6.70 oz),,,,"Glass front, glass back",,About 440 EUR,Yes,"GPS (L1+L5), GLONASS, BDS, GALILEO","HSPA 42.2/5.76 Mbps, LTE (CA) Cat18 1200/150 Mbps, 5G 2.7 Gbps DL, 625 Mbps UL",,"1080 x 2400 pixels, 20:9 ratio (~395 ppi density)",,,"6.67 inches, 107.4 cm2(~89.6% screen-to-body ratio)","Available. Released 2021, April 14",,Adreno 619,GSM / HSPA / LTE / 5G,"Moondust Gray, Marine Blue",,"Wi-Fi 802.11 a/b/g/n/ac, dual-band, Wi-Fi Direct",18W wired15W wireless,,HSDPA 850 / 900 / 1900 / 2100 - International,"2021, April 14",,TCL 20 Pro 5G,,"4K@30fps, 1080p@30/60fps, HDR",Li-Po 4500 mAh,GSM 850 / 900 / 1800 / 1900,Nano-SIMNano-SIM + Nano-SIM,"AMOLED, HDR10, 420 nits (typ)",Qualcomm SM7225 Snapdragon 750G 5G (8 nm),,"Android 11, TCL UI","5.1, A2DP, LE","USB Type-C 2.0, OTG",,24-bit/192kHz Hi-Res audio,,,"Fingerprint (under display, optical), accelerometer, gyro, proximity, compass","4K@30fps, 1080p@30/60fps, gyro-EIS",164.2 x 73 x 8.8 mm (6.46 x 2.87 x 0.35 in),"Dual LED flash, HDR, panorama","32 MP, f/2.5, (wide), 0.8µm","1, 3, 5, 7, 8, 28, 40, 41, 78 SA/NSA/Sub6 - International","48 MP, f/1.8, 26mm (wide), 1/2.0"", 0.8µm, PDAF, OIS16 MP, f/2.4, 16mm, 123˚ (ultrawide), 1/3.0"", 1.12µm2 MP, f/2.2, (macro)/ 5 MP (USA only)2 MP, f/2.4, (depth)",,"2, 5, 7, 41, 66, 71, 78 SA/NSA/Sub6 - NA",,256GB 6GB RAM,T810H,,Nxtvision 2,Yes,HDR,microSDXC (uses shared SIM slot),https://fdn2.gsmarena.com/vv/bigpic/tcl-20-pro-5g.jpg,No,"1, 2, 3, 4, 5, 7, 8, 20, 28, 32, 38, 40, 41 - International",,
,TCL,Yes,,Octa-core (4x2.0 GHz Kryo 260 Gold & 4x1.8 GHz Kryo 260 Silver),199 g (7.02 oz),,,,,,About 210 EUR,Yes,GPS,"HSPA, LTE",,"1080 x 2400 pixels, 20:9 ratio (~395 ppi density)",,,"6.67 inches, 107.4 cm2(~84.0% screen-to-body ratio)","Available. Released 2021, May 20",,Adreno 610,GSM / HSPA / LTE,"Milky Way Gray, North Star Blue",,"Wi-Fi 802.11 a/b/g/n/ac, dual-band, Wi-Fi Direct",,,HSDPA 850 / 900 / 1700(AWS) / 1900 / 2100,"2021, April 14",,TCL 20S,,1080p@30fps,Li-Po 5000 mAh,GSM 850 / 900 / 1800 / 1900,Nano-SIM,IPS LCD,Qualcomm SM6125 Snapdragon 665 (11 nm),,"Android 11, TCL UI","5.0, A2DP, LE, aptX","USB Type-C 2.0, OTG",,,,,"Fingerprint (side-mounted), accelerometer, proximity, compass","4K@30fps, 1080p@30/120fps",166.2 x 76.9 x 9.1 mm (6.54 x 3.03 x 0.36 in),"LED flash, HDR, panorama","16 MP, f/2.2, 28mm (wide), 1/3.06"", 1.0µm",,"64 MP, f/1.8, 26mm (wide), 0.7µm, PDAF8 MP, f/2.2, 13mm (ultrawide), 1/4.0"", 1.12µm2 MP, f/2.4, (macro)2 MP, f/2.4, (depth)",,,,"128GB 4GB RAM, 256GB 6GB RAM",T773O,,,Yes,,microSDXC (uses shared SIM slot),https://fdn2.gsmarena.com/vv/bigpic/tcl-20l-plus.jpg,No,LTE,,
HSDPA 850 / 900 / 1700(AWS) / 1900 / 2100 - US/LATAM/CA,TCL,Yes,"1, 2, 3, 4, 5, 7, 8, 12, 13, 17, 20, 25, 26, 28, 29, 38, 40, 41, 66, 71 - US/LATAM/CA",Octa-core (4x2.0 GHz Kryo 260 Gold & 4x1.8 GHz Kryo 260 Silver),199 g (7.02 oz),,,,"Glass front, plastic back, plastic frame",,About 270 EUR,Yes,"GPS, GLONASS, GALILEO, BDS","HSPA 42.2/5.76 Mbps, LTE Cat6 300/50 Mbps",,"1080 x 2400 pixels, 20:9 ratio (~395 ppi density)",,,"6.67 inches, 107.4 cm2(~84.0% screen-to-body ratio)","Available. Released 2021, April 14",,Adreno 610,GSM / HSPA / LTE,"Milky Way Gray, North Star Blue",,"Wi-Fi 802.11 a/b/g/n/ac, dual-band, Wi-Fi Direct",18W wired,,HSDPA 850 / 900 / 1900 / 2100 - EU/MEA/APAC,"2021, April 14",,TCL 20L+,,1080p@30/60fps,Li-Po 5000 mAh,GSM 850 / 900 / 1800 / 1900,Nano-SIMNano-SIM + Nano-SIM,"IPS LCD, 500 nits (peak)",Qualcomm SM6115 Snapdragon 662 (11 nm),,"Android 11, TCL UI","5.0, A2DP, LE, aptX","USB Type-C 2.0, OTG",,,,,"Fingerprint (side-mounted), accelerometer, gyro, proximity, compass",1080p@30/60fps,166.2 x 76.9 x 9.1 mm (6.54 x 3.03 x 0.36 in),"LED flash, HDR, panorama","16 MP, f/2.2, 28mm (wide), 1/3.06"", 1.0µm",,"64 MP, f/1.8, 26mm (wide), 1/2.0"", 0.7µm, PDAF8 MP, f/2.2, 13mm, 118˚ (ultrawide), 1/4.0"", 1.12µm2 MP, f/2.4, (macro)2 MP, f/2.4, (depth)",,UFS 2.1,,256GB 6GB RAM,"T775H, T775B",,,Yes,HDR,microSDXC (uses shared SIM slot),https://fdn2.gsmarena.com/vv/bigpic/tcl-20l-plus.jpg,Unspecified,"1, 3, 5, 7, 8, 20, 28, 38, 40, 41 - EU/MEA/APAC",,
HSDPA 850 / 900 / 1700(AWS) / 1900 / 2100 - LATAM,TCL,Yes,"1, 2, 3, 4, 5, 7, 8, 12, 13, 17, 20, 25, 26, 28, 29, 38, 40, 41, 66, 71 - LATAM",Octa-core (4x2.0 GHz Kryo 260 Gold & 4x1.8 GHz Kryo 260 Silver),199 g (7.02 oz),,,,"Glass front, plastic back, plastic frame",,About 180 EUR,Yes,"GPS, GLONASS, GALILEO, BDS","HSPA 42.2/5.76 Mbps, LTE Cat6 300/50 Mbps",,"1080 x 2400 pixels, 20:9 ratio (~395 ppi density)",,,"6.67 inches, 107.4 cm2(~84.0% screen-to-body ratio)","Available. Released 2021, April 14",,Adreno 610,GSM / HSPA / LTE,"Eclipse Black, Luna Blue",,"Wi-Fi 802.11 a/b/g/n/ac, dual-band, Wi-Fi Direct",18W wired,,HSDPA 850 / 900 / 1900 / 2100 - EU/MEA/APAC,"2021, April 14",,TCL 20L,,1080p@30/60fps,Li-Po 5000 mAh,GSM 850 / 900 / 1800 / 1900,Nano-SIMNano-SIM + Nano-SIM,"IPS LCD, 500 nits (peak)",Qualcomm SM6115 Snapdragon 662 (11 nm),,"Android 11, TCL UI","5.0, A2DP, LE, aptX","USB Type-C 2.0, OTG",,,,,"Fingerprint (side-mounted), accelerometer, gyro, proximity, compass",1080p@30/60fps,166.2 x 76.9 x 9.1 mm (6.54 x 3.03 x 0.36 in),"LED flash, HDR, panorama","16 MP, f/2.2, 28mm (wide), 1/3.06"", 1.0µm",,"48 MP, f/2.0, 26mm (wide), 1/2.0"", 0.8µm, PDAF8 MP, f/2.2, 13mm, 118˚ (ultrawide), 1/4.0"", 1.12µm2 MP, f/2.4, (macro)2 MP, f/2.4, (depth)",,UFS,,"128GB 4GB RAM, 128GB 6GB RAM","T774H, T774B",,,Yes,HDR,microSDXC (uses shared SIM slot),https://fdn2.gsmarena.com/vv/bigpic/tcl-20l.jpg,Unspecified,"1, 3, 5, 7, 8, 20, 28, 38, 40, 41 - EU/MEA/APAC",,
eMMC 5.1,TCL,Yes,,Octa-core (4x2.0 GHz Cortex-A53 & 4x1.5 GHz Cortex-A53),464 g (1.02 lb),,,,,,About 170 EUR,No,GPS - cellular model only,"HSPA, LTE - cellular model only",,"1200 x 1920 pixels, 16:10 ratio (~224 ppi density)",,,"10.1 inches, 295.8 cm2(~77.4% screen-to-body ratio)","Available. Released 2021, April 26",,PowerVR GE8320,GSM / HSPA / LTE,"Gray, Silver",,"Wi-Fi 802.11 a/b/g/n/ac, dual-band, Wi-Fi Direct",18W wired,,HSDPA 850 / 900 / 1700(AWS) / 1900 / 2100,"2021, January 12",,TCL Tab 10s,,1080p@30fps,Li-Po 8000 mAh,GSM 850 / 900 / 1800 / 1900,Nano-SIM (cellular model only),IPS LCD,Mediatek MT8768,"5 MP, f/2.2, (wide), 1/5.0"", 1.12µm",Android 10,"5.0, A2DP, LE",USB Type-C 2.0,,,,,"Accelerometer, proximity",1080p@30fps,241 x 158.6 x 8.3 mm (9.49 x 6.24 x 0.33 in),LED flash,"8 MP, f/2.0, (wide), 1/4.0"", 1.12µm, AF",,,,,,"32GB 3GB RAM, 64GB 4GB RAM",,,,"Yes, with dual speakers",,microSDXC,https://fdn2.gsmarena.com/vv/bigpic/tcl-tab-10s.jpg,No,"1, 2, 3, 4, 5, 7, 8, 17, 18, 19, 20, 26, 28, 34, 38, 39, 40, 41",,
Splash resistant,TCL,Yes,eMMC 5.1,Octa-core 2.0 GHz,316 g (11.15 oz),,,,,,About 350 EUR,No,GPS,"HSPA, LTE",,"1080 x 1440 pixels, 4:3 ratio (~203 ppi density)",,,"8.88 inches, 244.2 cm2(~79.5% screen-to-body ratio)",Cancelled,,PowerVR GE8320,GSM / HSPA / LTE,Ultramarine Green,,"Wi-Fi 802.11 a/b/g/n/ac, dual-band, Wi-Fi Direct",18W wired,,HSDPA 850 / 900 / 1700(AWS) / 1900 / 2100,"2021, January 12",,TCL NxtPaper,,1080p@30fps,Li-Ion 5500 mAh,GSM 850 / 900 / 1800 / 1900,Nano-SIM,NCVM,Mediatek MT8768E,5 MP,Android 10,"5.0, A2DP, LE",USB Type-C 2.0,,,,,"Accelerometer, proximity",1080p@30fps,203.8 x 150.8 x 7.5 mm (8.02 x 5.94 x 0.30 in),,8 MP,,,,,,64GB 4GB RAM,,,,"Yes, with dual speakers",,microSDXC,https://fdn2.gsmarena.com/vv/bigpic/tcl-nxt-paper.jpg,"FM radio, built-in antenna","1, 2, 3, 4, 5, 7, 8, 17, 18, 19, 20, 26, 28, 34, 38, 39, 40, 41",,
HSDPA 850 / 900 / 1700(AWS) / 1900 / 2100,TCL,Yes,UFS 2.1,Octa-core (2x2.0 GHz Kryo 560 Gold & 6x1.7 GHz Kryo 560 Silver),206 g (7.27 oz),,,,,,About 300 EUR,Yes,"GPS (L1+L5), GLONASS, BDS, GALILEO","HSPA, LTE, 5G",,"1080 x 2400 pixels, 20:9 ratio (~395 ppi density)",,,"6.67 inches, 107.4 cm2(~84.2% screen-to-body ratio)","Available. Released 2020, December 07",,Adreno 619L,GSM / HSPA / LTE / 5G,"Mist Gray, Placid Blue","48 MP, f/1.8, 26mm (wide), 1/2.0"", 0.8µm, PDAF8 MP, f/2.2, 16mm, 118˚ (ultrawide), 1/4.0"", 1.12µm2 MP, f/2.4, (macro)","Wi-Fi 802.11 a/b/g/n/ac, dual-band, Wi-Fi Direct","18W wired, QC4",,HSDPA 850 / 900 / 1900 / 2100,"2020, November 30",,TCL 20 5G,,1080p@30fps,Li-Po 4500 mAh,GSM 850 / 900 / 1800 / 1900,Nano-SIMNano-SIM + Nano-SIM,"IPS LCD, HDR10, 450 nits (typ)",Qualcomm SM6350 Snapdragon 690 5G (8 nm),,"Android 10, TCL UI","5.1, A2DP, LE, aptX HD","USB Type-C 2.0, OTG",,,,,"Fingerprint (side-mounted), accelerometer, gyro, proximity, compass","4K@30fps, 1080p@30/60fps, gyro-EIS",166.2 x 76.8 x 9.1 mm (6.54 x 3.02 x 0.36 in),"LED flash, HDR, panorama","8 MP, f/2.0, 27mm, (wide), 1/4.0"", 1.12µm","1, 3, 5, 28, 41, 78 SA/NSA",,,24-bit/192kHz Hi-Res audio,,"128GB 6GB RAM, 256GB 6GB RAM","T781, T781K, T781H",,,Yes,HDR,microSDXC (uses shared SIM slot),https://fdn2.gsmarena.com/vv/bigpic/tcl-20-5g.jpg,FM radio,"1, 3, 5, 7, 8, 20, 26, 28, 32, 38, 40, 41",,
HSDPA 850 / 900 / 1700(AWS) / 1900 / 2100 - LATAM,TCL,Yes,"1, 2, 3, 4, 5, 7, 8, 12, 13, 17, 26, 28, 66 - LATAM",Octa-core (4x1.8 GHz Kryo 240 & 4x1.6 GHz Kryo 240),206 g (7.27 oz),,,,,,About 150 EUR,Yes,"GPS, GLONASS, GALILEO, BDS","HSPA, LTE",,720 x 1640 pixels (~263 ppi density),,,"6.82 inches, 110.5 cm2(~83.2% screen-to-body ratio)","Available. Released 2021, April 26",,Adreno 610,GSM / HSPA / LTE,"Aurora Green, Nuit Black",,"Wi-Fi 802.11 b/g/n, Wi-Fi Direct",18W wired,,"HSDPA 850 / 900 / 1900 / 2100 - EMEA, SEA, APAC","2021, January 11",,TCL 20 SE,,1080p@30fps,Li-Po 5000 mAh,GSM 850 / 900 / 1800 / 1900,Nano-SIMNano-SIM + Nano-SIM,"IPS LCD, 450 nits (typ)",Qualcomm SM4250 Snapdragon 460 (11 nm),,"Android 11, upgradable to Android 12, TCL UI","5.0, A2DP, LE, aptX","USB Type-C 2.0, OTG",,,,,"Fingerprint (rear-mounted), accelerometer, proximity, compass",1080p@30fps,172.1 x 77.1 x 9.1 mm (6.78 x 3.04 x 0.36 in),"Dual-LED flash, HDR, panorama","8 MP, f/2.0, 26mm (wide), 1/4.0"", 1.12µmor13 MP, f/2.2, 26mm (wide), 1/3.0"", 1.12µm",,"16 MP, f/1.8, 27mm (wide), 1/2.0"", 1.12µm, PDAF5 MP, f/2.2, 14mm, 115˚ (ultrawide), 1/5.0"", 1.12µm2 MP, f/2.4, (depth)2 MP, f/2.4, (macro)or48 MP, f/2.0, 27mm (wide), 1/2.0"", 0.8µm, PDAF5 MP, f/2.2, 14mm, 115˚ (ultrawide), 1/5.0"", 1.12µm2 MP, f/2.4, (depth)2 MP, f/2.4, (macro)",,UFS 2.1 (128GB only),,"64GB 4GB RAM, 128GB 4GB RAM","T671H, T671F, T671O, T671E",,24-bit/192kHz Hi-Res audio,"Yes, with dual speakers",HDR,microSDXC (uses shared SIM slot),https://fdn2.gsmarena.com/vv/bigpic/tcl-20-se.jpg,FM radio,"1, 3, 5, 7, 8, 20, 28, 38, 40, 41 - EMEA, SEA, APAC",,
UFS 2.1,TCL,Yes,,Octa-core (1x2.4 GHz Kryo 475 Prime & 1x2.2 GHz Kryo 475 Gold & 6x1.8 GHz Kryo 475 Silver),210 g (7.41 oz),,,,"Glass front, glass back, aluminum frame",,About 340 EUR,,"GPS (L1+L5), GLONASS, GALILEO","HSPA, LTE (CA), 5G",,"1080 x 2340 pixels, 19.5:9 ratio (~395 ppi density)",,,"6.53 inches, 104.7 cm2(~83.6% screen-to-body ratio)","Available. Released 2020, October 29",,Adreno 620,GSM / HSPA / LTE / 5G,Diamond Gray,"48 MP, 26mm (wide), 1/2.0"", 0.8µm, PDAF8 MP, f/2.2, 13mm (ultrawide), 1/4.0"", 1.12µm5 MP, f/2.2, (macro), AF","Wi-Fi 802.11 a/b/g/n/ac, dual-band, Wi-Fi Direct","18W wired, QC3",,HSDPA 850 / 900 / 1700(AWS) / 1900 / 2100,"2020, October 27",,TCL 10 5G UW,,1080p@30fps,Li-Po 4500 mAh,GSM 850 / 900 / 1800 / 1900,Nano-SIM,"IPS LCD, HDR10, 450 nits (typ)",Qualcomm SM7250 Snapdragon 765G 5G (7 nm),,Android 10,"5.0, A2DP, LE","USB Type-C 2.0, OTG",,,,,"Fingerprint (rear-mounted), accelerometer, gyro, proximity, compass","4K@30fps, 1080p@30/60/120fps, gyro-EIS",163.6 x 76.5 x 9.4 mm (6.44 x 3.01 x 0.37 in),"Dual-LED flash, HDR, panorama","16 MP, f/2.2, 26mm (wide), 1/3.06"", 1.0µm","2, 5, 66, 260, 261 mmWave",,,,,128GB 6GB RAM,,,,Yes,,microSDXC (uses shared SIM slot),https://fdn2.gsmarena.com/vv/bigpic/tcl-10-5g-uw.jpg,No,"2, 3, 4, 5, 7, 12, 13, 20, 28, 46, 48, 66",,
IP67 dust/water resistant (up to 1m for 30 min),TCL,No,eMMC,Quad-core 1.09 GHz Cortex-A7,50 g (1.76 oz),,,,,,About 230 EUR,No,"GPS, GLONASS","HSPA 21.1/5.76 Mbps, LTE, Cat4 150/50 Mbps",,320 x 360 pixels (~342 ppi density),,,1.41 inches,"Available. Released 2021, Q1",,Adreno 304,GSM / HSPA / LTE,Black,,Wi-Fi 802.11 b/g/n,,,HSDPA 900 / 2100,"2020, September 03",,TCL MoveTime,,,Li-Ion 600 mAh,GSM 850 / 900 / 1800 / 1900,Nano-SIM +eSIM,AMOLED,Qualcomm MSM8909W Snapdragon Wear 2500 (28 nm),,Proprietary OS,"4.2, A2DP, LE",No,,,,,"Accelerometer, gyro, heart rate",,45 x 41 x 14.5 mm (1.77 x 1.61 x 0.57 in),,,,,,No,,4GB 512MB RAM,MT43A,,,Yes,,No,https://fdn2.gsmarena.com/vv/bigpic/tcl-movetime.jpg,No,"3, 8, 20",,
eMMC 5.1,TCL,Yes,,Octa-core (4x2.0 GHz Kryo 260 Gold & 4x1.8 GHz Kryo 260 Silver),325 g (11.46 oz),,,,,,About 230 EUR,No,GPS,"HSPA 42.2/11.5 Mbps, LTE Cat4 150/50 Mbps",,"1200 x 1920 pixels, 16:10 ratio (~283 ppi density)",,,"8.0 inches, 185.6 cm2(~70.8% screen-to-body ratio)","Available. Released 2021, Q1",,Adreno 610,GSM / HSPA / LTE,Prime Black,,"Wi-Fi 802.11 a/b/g/n/ac, dual-band, Wi-Fi Direct",18W wiredReverse wired,,HSDPA 850 / 900 / 1900 / 2100,"2020, September 03",,TCL 10 TabMid,,1080p@30fps,Li-Po 5500 mAh,GSM 850 / 900 / 1800 / 1900,Nano-SIM,IPS LCD,Qualcomm SM6125 Snapdragon 665 (11 nm),"5 MP, f/2.4, (wide), 1/5.0"", 1.12µm","Android 10, TCL UI","5.0, A2DP, LE","USB Type-C 2.0, OTG",,,,,Accelerometer,1080p@30fps,209.4 x 125.2 x 8.6 mm (8.24 x 4.93 x 0.34 in),LED flash,"5 MP, f/2.0, (wide), 1/4.0"", 1.12µm",,,,,,32GB 3GB RAM,,,,Yes,,microSDXC (dedicated slot),https://fdn2.gsmarena.com/vv/bigpic/tcl-tabmid10.jpg,No,"1, 3, 5, 7, 8, 18, 19, 20, 26, 28, 34, 38, 39, 40, 41",,
Stylus support,TCL,Yes,eMMC 5.1,Octa-core (4x2.0 GHz Cortex-A73 & 4x2.0 GHz Cortex-A53),-,,,,,,About 250 EUR,No,GPS - cellular model only,"HSPA 42.2/11.5 Mbps, LTE Cat6 300/50 Mbps - cellular model only",,"1200 x 2000 pixels, 5:3 ratio (~225 ppi density)",,,"10.36 inches, 305.5 cm2(~78.2% screen-to-body ratio)","Available. Released 2021, Q1",,Mali-G72 MP3,GSM / HSPA / LTE,Dark Blue,,"Wi-Fi 802.11 a/b/g/n/ac, dual-band, Wi-Fi Direct",18W wired,,HSDPA 850 / 900 / 1900 / 2100,"2020, September 03",,TCL 10 TabMax,,1080p@30fps,Li-Po 8000 mAh,GSM 850 / 900 / 1800 / 1900,Nano-SIM (cellular model only),IPS LCD,,"8 MP, f/2.0, (wide), 1/4.0"", 1.12µm","Android 10, TCL UI","5.0, A2DP, LE",USB Type-C 2.0,,,,,"Accelerometer, proximity",1080p@30fps,247.8 x 157.6 x 7.7 mm (9.76 x 6.20 x 0.30 in),LED flash,"13 MP, f/1.8, (wide), 1/3.0"", 1.12µm, AF",,,,,,64GB 4GB RAM,,,,"Yes, with stereo speakers",,microSDXC (dedicated slot),https://fdn2.gsmarena.com/vv/bigpic/tcl-tabmax10.jpg,No,"1, 3, 5, 7, 8, 20, 28, 34, 38, 39, 40, 41",,
HSDPA 800 / 850 / 900 / 2100,TCL,Yes,,Octa-core 2.0 GHz Cortex-A53,166 g (5.86 oz),,,,,,,Yes,"GPS, GLONASS, GALILEO, BDS","HSPA 42.2/5.76 Mbps, LTE (2CA) Cat13 400/75 Mbps",,"720 x 1600 pixels, 20:9 ratio (~269 ppi density)",,,"6.52 inches, 102.6 cm2(~83.3% screen-to-body ratio)","Available. Released 2020, July 21",,PowerVR GE8320,GSM / HSPA / LTE,"Black, Violet","48 MP, f/1.8, 26mm (wide), 1/2.0"", 0.8µm, PDAF5 MP, f/2.2, 115˚ (ultrawide), 1.12µm2 MP, f/2.4, (depth)","Wi-Fi 802.11 a/b/g/n/ac, dual-band, Wi-Fi Direct",15W wired,,HSDPA 850 / 900 / 1700(AWS) / 1900 / 2100,"2020, July 09",,TCL 10 SE,,1080p@30fps,Li-Po 4000 mAh,GSM 850 / 900 / 1800 / 1900,Nano-SIMNano-SIM + Nano-SIM,LCD,Mediatek MT6762 Helio P22 (12 nm),,"Android 10, TCL UI","5.0, A2DP, LE, aptX","USB Type-C 2.0, OTG",,,,,"Fingerprint (rear-mounted), accelerometer, gyro, proximity, compass",1080p@30fps,164.9 x 74.7 x 8.4 mm (6.49 x 2.94 x 0.33 in),"Dual-LED flash, HDR, panorama","8 MP, f/2.0, 26mm (wide), 1/4.0"", 1.12µmor13 MP, f/2.2, 26mm (wide), 1/3.1"", 1.12µm",,,,,,128GB 4GB RAM,"T766H_EEA, T766U, T766H, T766A, T766J",,,Yes,,microSDXC (uses shared SIM slot),https://fdn2.gsmarena.com/vv/bigpic/tcl-10-se.jpg,FM radio,"1, 2, 3, 5, 7, 8, 20, 28, 38, 40, 41",,
HSDPA 800 / 850 / 900 / 2100,TCL,Yes,,Octa-core (4x2.0 GHz Kryo 260 Gold & 4x1.8 GHz Kryo 260 Silver),172 g (6.07 oz),,,,,,About 300 EUR,Yes,"GPS, GLONASS, GALILEO, BDS","HSPA 42.2/5.76 Mbps, LTE (2CA) Cat13 400/75 Mbps",,"1080 x 2340 pixels, 19.5:9 ratio (~398 ppi density)",,,"6.47 inches, 102.8 cm2(~88.7% screen-to-body ratio)","Available. Released 2020, August",,Adreno 610,GSM / HSPA / LTE,"Blue, Violet",,"Wi-Fi 802.11 a/b/g/n/ac, dual-band, Wi-Fi Direct",Quick Charge 3,,HSDPA 850 / 900 / 1700(AWS) / 1900 / 2100,"2020, July 09",,TCL 10 Plus,,1080p@30fps,Li-Po 4500 mAh,GSM 850 / 900 / 1800 / 1900,Nano-SIMNano-SIM + Nano-SIM,"AMOLED, HDR",Qualcomm SM6125 Snapdragon 665 (11 nm),,"Android 10, TCL UI","5.0, A2DP, LE, aptX","USB Type-C 2.0, OTG",,,,,"Fingerprint (under display, optical), accelerometer, gyro, proximity, compass","4K@30fps, 1080p@30/120fps",158.9 x 72.9 x 8.9 mm (6.26 x 2.87 x 0.35 in),"Dual-LED flash, HDR, panorama","16 MP, f/2.2, 26mm (wide), 1/3.1"", 1.0µm",,"48 MP, f/1.8, 26mm (wide), 0.8µm, PDAF8 MP, f/2.2, 118˚ (ultrawide), 1.12µm2 MP, f/2.4, (macro)2 MP, f/2.4, (depth)",,,,"64GB 6GB RAM, 128GB 6GB RAM, 256GB 8GB RAM",T782H,,,Yes,,microSDXC (uses shared SIM slot),https://fdn2.gsmarena.com/vv/bigpic/tcl-10-plus.jpg,FM radio,"1, 2, 3, 5, 7, 8, 20, 28, 38, 40, 41",,
HSDPA 800 / 850 / 900 / 2100 - T790H,TCL,Yes,"1, 3, 8, 18, 19, 26, 28, 41, 42 - T790H",Octa-core (1x2.4 GHz Kryo 475 Prime & 1x2.2 GHz Kryo 475 Gold & 6x1.8 GHz Kryo 475 Silver),210 g (7.41 oz),,,,"Glass front, glass back, aluminum frame",,About 400 EUR,Yes,"GPS (L1+L5), GLONASS, BDS, GALILEO, QZSS","HSPA 42.2/5.76 Mbps, LTE (5CA) Cat16 1000/150 Mbps, 5G 2.3 Gbps DL",,"1080 x 2340 pixels, 19.5:9 ratio (~395 ppi density)",,,"6.53 inches, 104.7 cm2(~83.5% screen-to-body ratio)","Available. Released 2020, July 27",,Adreno 620,GSM / HSPA / LTE / 5G,"Chrome Blue, Mercury Gray",,"Wi-Fi 802.11 a/b/g/n/ac, dual-band, Wi-Fi Direct","18W wired, QC3",,HSDPA 850 / 900 / 1700(AWS) / 1900 / 2100 - T790Y,"2020, April 06",,TCL 10 5G,,1080p@30fps,Li-Po 4500 mAh,GSM 850 / 900 / 1800 / 1900,Nano-SIMNano-SIM + Nano-SIM,"IPS LCD, HDR10, 450 nits (typ)",Qualcomm SM7250 Snapdragon 765G 5G (7 nm),,"Android 10, TCL UI","5.0, A2DP, LE","USB Type-C 2.0, OTG",,,,,"Fingerprint (rear-mounted), accelerometer, gyro, proximity, compass","4K@30fps, 1080p@30/60/120fps, gyro-EIS",163.7 x 76.6 x 9 mm (6.44 x 3.02 x 0.35 in),"Dual-LED flash, HDR, panorama","16 MP, f/2.2, 26mm (wide), 1/3.06"", 1.0µm","1, 3, 8, 28, 77, 78 SA/NSA - T790Y","64 MP, f/1.9, 26mm (wide), 1/1.72"", 0.8µm, PDAF8 MP, f/2.2, 13mm (ultrawide), 1/4.0"", 1.12µm5 MP, f/2.2, (macro)2 MP, f/2.4, (depth)",,UFS 2.1,,128GB 6GB RAM,"T790Y, T790H",,,Yes,,microSDXC (uses shared SIM slot),https://fdn2.gsmarena.com/vv/bigpic/tcl-10-5g-r.jpg,FM radio,"1, 3, 5, 7, 8, 20, 28, 32, 38, 40, 41 - T790Y",,
HSDPA 850 / 900 / 1900 / 2100 - T799H,TCL,Yes,"1, 3, 5, 7, 8, 20, 28, 38, 40, 41 - T799H",Octa-core (2x2.0 GHz Kryo 460 Gold & 6x1.7 GHz Kryo 460 Silver),177 g (6.24 oz),,,,"Glass front, glass back, aluminum frame",,About 250 EUR,Yes,"GPS, GLONASS, GALILEO","HSPA 42.2/5.76 Mbps, LTE (2CA) Cat13 400/75 Mbps",,"1080 x 2340 pixels, 19.5:9 ratio (~398 ppi density)",,,"6.47 inches, 102.8 cm2(~89.5% screen-to-body ratio)","Available. Released 2020, May 19",Yes,Adreno 612,GSM / HSPA / LTE,"Gray, Green",,"Wi-Fi 802.11 a/b/g/n/ac, dual-band, Wi-Fi Direct","18W wired, QC3, 50% in 35 min",,HSDPA 850 / 900 / 1700(AWS) / 1900 / 2100 - T799B,"2020, April 06",,TCL 10 Pro,,1080p@30fps,Li-Po 4500 mAh,GSM 850 / 900 / 1800 / 1900,Nano-SIMNano-SIM + Nano-SIM,"AMOLED, HDR10",Qualcomm SDM675 Snapdragon 675 (11 nm),,"Android 10, planned upgrade to Android 11, TCL UI","5.0, A2DP, LE, aptX HD","USB Type-C 2.0, OTG",,,,,"Fingerprint (under display, optical), accelerometer, gyro, proximity, compass","4K@30fps, 1080p@30/60/120fps, 720p@960fps, gyro-EIS",158.5 x 72.4 x 9.2 mm (6.24 x 2.85 x 0.36 in),"Dual-LED flash, HDR, panorama","24 MP, f/2.0, 26mm (wide), 1/2.8"", 0.9µm",,"64 MP, f/1.8, 26mm (wide), 1/1.72"", 0.8µm, PDAF16 MP, f/2.4, 13mm (ultrawide), 1/3.1"", 1.0µm5 MP, f/2.2, (macro)2 MP, f/2.4, (depth)",,Always-on-display,,"128GB 6GB RAM, 256GB 6GB RAM","T799B, T799H",,UFS 2.1,Yes,,microSDXC (uses shared SIM slot),https://fdn2.gsmarena.com/vv/bigpic/tcl-10-pro.jpg,FM radio (market/region dependent),"1, 2, 3, 4, 5, 7, 8, 12, 13, 17, 25, 26, 28, 38, 40, 41, 66 - T799B",,
HSDPA 800 / 850 / 900 / 2100,TCL,Yes,"1, 3, 5, 7, 8, 20, 28, 38, 40, 41",Octa-core (4x2.0 GHz Kryo 260 Gold & 4x1.8 GHz Kryo 260 Silver),180 g (6.35 oz),,,,,,About 140 EUR,Yes,"GPS, GALILEO","HSPA 42.2/5.76 Mbps, LTE (2CA) Cat13 400/75 Mbps",,"1080 x 2340 pixels, 19.5:9 ratio (~395 ppi density)",,,"6.53 inches, 104.7 cm2(~85.4% screen-to-body ratio)","Available. Released 2020, May 19",,Adreno 610,GSM / HSPA / LTE,"Arctic White, Mariana Blue",,"Wi-Fi 802.11 a/b/g/n/ac, dual-band, Wi-Fi Direct",,,HSDPA 850 / 900 / 1700(AWS) / 1900 / 2100,"2020, April 06",,TCL 10L,,1080p@30fps,Li-Po 4000 mAh,GSM 850 / 900 / 1800 / 1900,Nano-SIMNano-SIM + Nano-SIM,"IPS LCD, HDR",Qualcomm SM6125 Snapdragon 665 (11 nm),,"Android 10, upgradable to Android 11, TCL UI","5.0, A2DP, LE, aptX","USB Type-C 2.0, OTG",,,,,"Fingerprint (rear-mounted), accelerometer, gyro, proximity, compass","4K@30fps, 1080p@30/120fps",162.2 x 75.6 x 8.4 mm (6.39 x 2.98 x 0.33 in),"Dual-LED flash, HDR, panorama","16 MP, f/2.2, 28mm (wide), 1/3.06"", 1.0µm",,"48 MP, f/1.8, 26mm (wide), 1/2.25"", 0.8µm, PDAF8 MP, f/2.2, 13mm (ultrawide), 1/4.0"", 1.12µm2 MP, f/2.4, (macro)2 MP, f/2.4, (depth)",,"64GB eMMC 5.1, 128/256GB UFS 2.1",,"64GB 6GB RAM, 128GB 6GB RAM, 256GB 6GB RAM","T770H, T770B, 4187U",,,Yes,,microSDXC (uses shared SIM slot),https://fdn2.gsmarena.com/vv/bigpic/tcl-10l.jpg,FM radio,"1, 2, 3, 4, 5, 7, 8, 12, 13, 17, 25, 26, 28, 38, 40, 41, 66",,
UFS 2.1,TCL,Yes,,Octa-core (2x2.0 GHz Kryo 460 Gold & 6x1.7 GHz Kryo 460 Silver),192 g (6.77 oz),,,-25.1 LUFS (Very good),"Glass front, glass back, aluminum frame",,About 330 EUR,Yes,GPS,"HSPA 42.2/5.76 Mbps, LTE (2CA) Cat6 400/75 Mbps",,"1080 x 2340 pixels, 19.5:9 ratio (~395 ppi density)",,Up to 12 h (2G) / Up to 25 h (3G),"6.53 inches, 104.7 cm2(~84.2% screen-to-body ratio)","Available. Released 2019, October",,Adreno 612,GSM / HSPA / LTE,"Obsidian Black, Opal White","48 MP, f/1.8, 26mm (wide), 1/2.0"", 0.8µm, PDAF16 MP, f/2.4, 13mm (ultrawide), 1/3.1"", 1.0µm2 MP, f/1.8","Wi-Fi 802.11 a/b/g/n/ac, dual-band, Wi-Fi Direct","18W wired, QC3, 50% in 32 min",Up to 396 h (3G),HSDPA 850 / 900 / 1900 / 2100,"2019, September",,TCL Plex,,1080p@30fps,"Li-Ion 3820 mAh, non-removable",GSM 850 / 900 / 1800 / 1900,Nano-SIMNano-SIM + Nano-SIM,IPS LCD,Qualcomm SDM675 Snapdragon 675 (11 nm),,"Android 9.0 (Pie), upgradable to Android 10","5.0, A2DP, LE, aptX",USB Type-C 2.0,,,,,"Fingerprint (rear-mounted), accelerometer, gyro, proximity, compass","4K@30fps, 1080p@30/60/120fps, 720p@960fps, gyro-EIS",162.2 x 76.6 x 8 mm (6.39 x 3.02 x 0.31 in),"Dual-LED flash, HDR, panorama","24 MP, f/2.0, 26mm (wide), 1/2.8"", 0.9µm",,,,,,128GB 6GB RAM,T780H,,,Yes,,microSDXC (uses shared SIM slot),https://fdn2.gsmarena.com/vv/bigpic/alcatel-plex-.jpg,FM radio,"1, 3, 5, 7, 8, 20, 28, 38, 40",,
,,,,,,,,,,,,,,,,,,,,,,,,,,,,,,,,,,,,,,,,,,,,,,,,,,,,,,,,,,,,,,,,,,,,https://www.gsmarena.com/tcl_60_xe_nxtpaper-13842.php,https://fdn2.gsmarena.com/vv/bigpic/tcl-60-xe-nxtpaper.jpg
