,Type,Dimensions,Messaging,Model Image,_1,Keyboard,Bluetooth,3.5mm jack,Chipset,NFC,SIM,4G bands,EDGE,Video,Brand,Music play,Status,Sensors,Resolution,Phonebook,WLAN,Single,Infrared port,Price,Alert types,Browser,Models,Features_1,USB,GPU,Internal,Card slot,Colors,3G bands,Talk time,OS,Loudspeaker,Single_1,Games,CPU,SAR,Dual,Radio,Type_1,Call records,2G bands,Size,Charging,Weight,Announced,Model Name,Video_1,Technology,Stand-by,Features,_2,GPRS,Protection,Positioning,Java,SAR EU,Speed
eMMC 5.1,IPS LCD,151.3 x 69.9 x 8.2 mm (5.96 x 2.75 x 0.32 in),,https://fdn2.gsmarena.com/vv/bigpic/vodafone-smart-v10.jpg,,,"4.2, A2DP, LE",Yes,Qualcomm SDM429 Snapdragon 429 (12 nm),No,Nano-SIM,"1, 3, 5, 7, 8, 28",,1080p@30fps,Vodafone,,"Available. Released 2019, June","Accelerometer, proximity","720 x 1560 pixels, 19.5:9 ratio (~291 ppi density)",,Wi-Fi 802.11 b/g/n,8 MP,,About 180 EUR,,,,,microUSB 2.0,Adreno 504,32GB 3GB RAM,microSDXC (dedicated slot),Chrome Pewter,HSDPA 850 / 900 / 1900 / 2100,,Android 9.0 (Pie),Yes,,,Quad-core 2.0 GHz Cortex-A53,,"13 MP, AF5 MP",FM radio,"Li-Ion 3400 mAh, non-removable",,GSM 850 / 900 / 1800 / 1900,"5.9 inches, 85.5 cm2(~80.8% screen-to-body ratio)",,145 g (5.11 oz),"2019, May",Vodafone Smart V10,,GSM / HSPA / LTE,,"LED flash, HDR, panorama",,,Asahi Dragontrail Glass,GPS,,,"HSPA 42.2/5.76 Mbps, LTE Cat4 150/50 Mbps"
eMMC 5.1,IPS LCD,148.8 x 69.9 x 8.4 mm (5.86 x 2.75 x 0.33 in),,https://fdn2.gsmarena.com/vv/bigpic/vodafone-smart-n10.jpg,,,"4.2, A2DP, LE",Yes,Mediatek MT6761V/WA Helio A22 (12 nm),No,Nano-SIM,"1, 3, 5, 7, 8, 28",,1080p@30fps,Vodafone,,"Available. Released 2019, May","Accelerometer, gyro, proximity",720 x 1500 pixels (~293 ppi density),,Wi-Fi 802.11 b/g/n,"13 MP, AF",,About 150 EUR,,,"VFD 630, 5048Y",,microUSB 2.0,PowerVR GE8320,16GB 2GB RAM,microSDXC (dedicated slot),Blue Borealis,HSDPA 850 / 900 / 1900 / 2100,,Android 9.0 (Pie),Yes,8 MP,,Quad-core 2.0 GHz Cortex-A53,,,FM radio,"Li-Ion 2920 mAh, non-removable",,GSM 850 / 900 / 1800 / 1900,"5.67 inches, 80.9 cm2(~77.8% screen-to-body ratio)",,160 g (5.64 oz),"2019, May",Vodafone Smart N10,1080p@30fps,GSM / HSPA / LTE,,"LED flash, HDR, panorama",,,Asahi Dragontrail Glass,GPS,,,"HSPA 42.2/5.76 Mbps, LTE (2CA) Cat6 300/50 Mbps"
eMMC 5.1,IPS LCD,137.6 x 65.7 x 9.8 mm (5.42 x 2.59 x 0.39 in),,https://fdn2.gsmarena.com/vv/bigpic/vodafone-smart-e9.jpg,,,"4.2, A2DP, LE",Yes,Mediatek MT6739 (28 nm),No,Nano-SIMNano-SIM + Nano-SIM,"1, 3, 7, 8, 20",,720p@30fps,Vodafone,,"Available. Released 2018, December","Accelerometer, proximity","480 x 960 pixels, 18:9 ratio (~215 ppi density)",,Wi-Fi 802.11 b/g/n,5 MP,,About 70 EUR,,,"VFD 527, VFD 528",,microUSB 2.0,PowerVR GE8100,8GB 1GB RAM,microSDHC,Anthracite,HSDPA 850 / 900 / 1900 / 2100,,Android 8.1 Oreo (Go edition),Yes,2 MP,,Quad-core 1.5 GHz Cortex-A53,,,FM radio,"Li-Ion 2000 mAh, non-removable",,GSM 850 / 900 / 1800 / 1900,"5.0 inches, 64.5 cm2(~71.4% screen-to-body ratio)",,134 g (4.73 oz),"2018, December",Vodafone Smart E9,,GSM / HSPA / LTE,,LED flash,,,,GPS,,0.91 W/kg (head)     1.63 W/kg (body),"HSPA 42.2/5.76 Mbps, LTE Cat4 150/50 Mbps"
eMMC 5.1,IPS LCD,148.2 x 71.3 x 8 mm (5.83 x 2.81 x 0.31 in),,https://fdn2.gsmarena.com/vv/bigpic/vodafone-smart-x9.jpg,,,"4.2, A2DP, LE",Yes,Qualcomm SDM450 Snapdragon 450 (14 nm),Yes,Nano-SIM,"1, 3, 7, 8, 20",,1080p@30fps,Vodafone,,"Available. Released 2018, December","Fingerprint (rear-mounted), accelerometer, gyro, proximity, compass","1080 x 2160 pixels, 18:9 ratio (~427 ppi density)",,Wi-Fi 802.11 b/g/n,"16 MP, AF5 MP, f/2.4, (depth)",,About 110 EUR,,,VFD 820,,USB Type-C 2.0,Adreno 506,32GB 3GB RAM,microSDXC (dedicated slot),Black,HSDPA 850 / 900 / 1900 / 2100,,Android 8.1 (Oreo),Yes,8 MP,,Octa-core 1.8 GHz Cortex-A53,,,FM radio,"Li-Ion 3100 mAh, non-removable",,GSM 850 / 900 / 1800 / 1900,"5.7 inches, 82.7 cm2(~78.2% screen-to-body ratio)",,153 g (5.40 oz),"2018, December",Vodafone Smart X9,,GSM / HSPA / LTE,,"LED flash, HDR, panorama",,,Asahi Dragontrail Glass,GPS,,0.40 W/kg (head)     1.23 W/kg (body),"HSPA 42.2/5.76 Mbps, LTE (2CA) Cat6 300/50 Mbps"
eMMC 5.1,IPS LCD,147.1 x 68.8 x 8.7 mm (5.79 x 2.71 x 0.34 in),,https://fdn2.gsmarena.com/vv/bigpic/vodafone-smart-n9-.jpg,,,"4.0, A2DP",Yes,Mediatek MT6739WA (28 nm),Yes,Nano-SIM,"1, 3, 5, 7, 8, 20, 28",Yes,1080p@30fps,Vodafone,,"Available. Released 2018, June","Fingerprint (rear-mounted), accelerometer, gyro (market dependent), proximity, compass","720 x 1440 pixels, 18:9 ratio (~293 ppi density)",,Wi-Fi 802.11 b/g/n,"13 MP, AF",,About 120 EUR,,,VFD 720,LED flash,microUSB 2.0,Mali-T720MP2,16GB 2GB RAM,microSDHC,"Silver Aluminium, Black Titanium",HSDPA,,Android 8.1 (Oreo),Yes,8 MP,,Quad-core 1.3 GHz Cortex-A53,,,FM radio,"Li-Ion 2900 mAh, non-removable",,GSM 850 / 900 / 1800 / 1900,"5.5 inches, 78.1 cm2(~77.1% screen-to-body ratio)",,145 g (5.11 oz),"2018, June",Vodafone Smart N9,,GSM / HSPA / LTE,,"LED flash, HDR, panorama",,Yes,,GPS,,0.96 W/kg (head)     1.56 W/kg (body),"HSPA 42.2/5.76 Mbps, LTE Cat4 150/50 Mbps"
eMMC 5.1,IPS LCD,148.2 x 68.9 x 9.4 mm (5.83 x 2.71 x 0.37 in),,https://fdn2.gsmarena.com/vv/bigpic/vodafone-smart-n9-lite-.jpg,,,"4.0, A2DP",Yes,Mediatek MT6739WA (28 nm),Yes,Nano-SIM,"1, 3, 5, 7, 8, 20, 28",Yes,1080p@30fps,Vodafone,,"Available. Released 2018, June","Accelerometer, gyro (market dependent), proximity, compass","480 x 960 pixels, 18:9 ratio (~201 ppi density)",,Wi-Fi 802.11 b/g/n,"8 MP, AF",,About 100 EUR,,,VFD 620,LED flash,microUSB 2.0,Mali-T720MP2,16GB 1GB RAM,microSDHC,"White Pearl, Black Ice",HSDPA,,Android 8.1 Oreo (Go edition),Yes,5 MP,,Quad-core 1.3 GHz Cortex-A53,,,FM radio,Li-Ion 2460 mAh battery,,GSM 850 / 900 / 1800 / 1900,"5.34 inches, 73.6 cm2(~72.1% screen-to-body ratio)",,155 g (5.47 oz),"2018, June",Vodafone Smart N9 lite,,GSM / HSPA / LTE,,"LED flash, HDR, panorama",,Yes,,GPS,,0.90 W/kg (head)     1.69 W/kg (body),"HSPA 42.2/5.76 Mbps, LTE Cat4 150/50 Mbps"
,IPS LCD,260 x 155 x 9 mm (10.24 x 6.10 x 0.35 in),,https://fdn2.gsmarena.com/vv/bigpic/vodafone-smart-tab-n8.jpg,,,"4.0, A2DP, LE",Yes,Mediatek MT8735B,Yes,Micro-SIM,LTE,Yes,Yes,Vodafone,,Discontinued,Accelerometer,"800 x 1280 pixels, 16:10 ratio (~149 ppi density)",,Wi-Fi 802.11 b/g/n,"5 MP, AF",,About 180 EUR,,,VFD 1300,,microUSB 2.0,Mali-T720MP2,16GB 2GB RAM,microSDXC (dedicated slot),Volcano Black,HSDPA,,Android 7.0 (Nougat),Yes,2 MP,,Quad-core 1.1 GHz Cortex-A7,,,No,"Li-Ion 4600 mAh, non-removable",,GSM 850 / 900 / 1800 / 1900,"10.1 inches, 295.8 cm2(~73.4% screen-to-body ratio)",,465 g (1.03 lb),"2017, June. Released 2017, June",Vodafone Smart Tab N8,,GSM / HSPA / LTE,,,,Yes,,GPS,,,"HSPA, LTE"
eMMC 4.5,IPS LCD,145.6 x 72.1 x 9.2 mm (5.73 x 2.84 x 0.36 in),,https://fdn2.gsmarena.com/vv/bigpic/vodafone-smart-e8.jpg,,,"4.0, A2DP",Yes,Qualcomm MSM8909 Snapdragon 210 (28 nm),Yes,Nano-SIM,"1, 3, 7, 8, 20",,Yes,Vodafone,,Discontinued,"Accelerometer, proximity","480 x 854 pixels, 16:9 ratio (~196 ppi density)",,Wi-Fi 802.11 b/g/n,5 MP,,About 80 EUR,,,"VFD 510, VFD 513",,microUSB 2.0,Adreno 304,8GB 1GB RAM,microSDXC (dedicated slot),Slate Blue,HSDPA 850 / 900 / 1900 / 2100,,Android 7.1 (Nougat),Yes,2 MP,,Quad-core 1.1 GHz Cortex-A7,,,No,"Li-Ion 2200 mAh, removable",,GSM 850 / 900 / 1800 / 1900,"5.0 inches, 68.9 cm2(~65.6% screen-to-body ratio)",,169 g (5.96 oz),"2017, June. Released 2017, July",Vodafone Smart E8,,GSM / HSPA / LTE,,LED flash,,,,GPS,,,"HSPA, LTE"
eMMC 5.1,IPS LCD,155 x 76 x 7.9 mm (6.10 x 2.99 x 0.31 in),,https://fdn2.gsmarena.com/vv/bigpic/vodafone-smart-v8.jpg,,,"4.0, A2DP",Yes,Qualcomm MSM8940 Snapdragon 435 (28 nm),Yes,Nano-SIM,LTE,Yes,1080p@30fps,Vodafone,,Discontinued,"Fingerprint (rear-mounted), accelerometer, gyro, proximity, compass","1080 x 1920 pixels, 16:9 ratio (~401 ppi density)",,Wi-Fi 802.11 b/g/n,"16 MP, AF",,About 230 EUR,,,VFD 710,,microUSB 2.0,Adreno 505,32GB 3GB RAM,microSDXC (dedicated slot),Black,HSDPA,,Android 7.1.1 (Nougat),Yes,8 MP,,Octa-core 1.4 GHz Cortex-A53,,,FM radio,"Li-Ion 3000 mAh, non-removable",,GSM 850 / 900 / 1800 / 1900,"5.5 inches, 83.4 cm2(~70.8% screen-to-body ratio)",10W wired,166 g (5.86 oz),"2017, June. Released 2017, June",Vodafone Smart V8,,GSM / HSPA / LTE,,"LED flash, HDR, panorama",,Yes,Asahi Dragontrail Glass,GPS,,,"HSPA, LTE"
eMMC 5.0,IPS LCD,144.5 x 71.9 x 8.6 mm (5.69 x 2.83 x 0.34 in),,https://fdn2.gsmarena.com/vv/bigpic/vodafone-smart-n8.jpg,,,"4.0, A2DP",Yes,Mediatek MT6737 (28 nm),Yes,Nano-SIM,LTE,Yes,720p@30fps,Vodafone,,Discontinued,"Fingerprint (rear-mounted), accelerometer, proximity","720 x 1280 pixels, 16:9 ratio (~294 ppi density)",,Wi-Fi 802.11 b/g/n,"13 MP, AF",,About 100 EUR,,,VFD 610,,microUSB 2.0,Mali-T720MP2,16GB 1.5GB RAM,microSDHC,"Graphite, Gold",HSDPA,,Android 7.0 (Nougat),"Yes, dual speakers",5 MP,,Quad-core 1.3 GHz Cortex-A53,,,FM radio,"Li-Ion 2400 mAh, non-removable",,GSM 850 / 900 / 1800 / 1900,"5.0 inches, 68.9 cm2(~66.3% screen-to-body ratio)",,151 g (5.33 oz),"2017, June. Released 2017, June",Vodafone Smart N8,,GSM / HSPA / LTE,,"LED flash, HDR",,Yes,,GPS,,,"HSPA 42.2/5.76 Mbps, LTE Cat4 150/50 Mbps"
eMMC 5.1,IPS LCD,259.2 x 155.8 x 8 mm (10.20 x 6.13 x 0.31 in),,https://fdn2.gsmarena.com/vv/bigpic/vodafone-tab-prime-7.jpg,,,"4.2, A2DP, LE",Yes,Qualcomm MSM8937 Snapdragon 430 (28 nm),No,Micro-SIM,LTE,Yes,Yes,Vodafone,,Discontinued,Accelerometer,"1200 x 1920 pixels, 16:10 ratio (~224 ppi density)",,Wi-Fi 802.11 b/g/n,5 MP,Yes,About 190 EUR,,,,,microUSB 2.0,Adreno 505,16GB 2GB RAM,microSDXC (dedicated slot),Silver,HSDPA,,Android 6.0 (Marshmallow),Yes,2 MP,,Octa-core 1.4 GHz Cortex-A53,,,No,"Li-Po 5830 mAh, non-removable",,GSM 850 / 900 / 1800 / 1900,"10.1 inches, 295.8 cm2(~73.2% screen-to-body ratio)",,439 g (15.49 oz),"2016, August. Released 2016, August",Vodafone Tab Prime 7,,GSM / HSPA / LTE,,,,Yes,,GPS,,1.44 W/kg (head),"HSPA 42.2/5.76 Mbps, LTE Cat4 150/50 Mbps"
,TFT,140.6 x 72.4 x 9.5 mm (5.54 x 2.85 x 0.37 in),,https://fdn2.gsmarena.com/vv/bigpic/vodafone-smart-turbo-7.jpg,,,"4.0, A2DP",Yes,Mediatek MT6735M (28 nm),No,Micro-SIM,LTE,Yes,Yes,Vodafone,,Discontinued,Accelerometer,"480 x 854 pixels, 16:9 ratio (~196 ppi density)",,Wi-Fi 802.11 b/g/n,5 MP,,About 60 EUR,,,"VFD 500, VFD 502",,microUSB 2.0,Mali-T720MP2,8GB 1GB RAM,microSDHC,"Silver, Dark Grey",HSDPA,,Android 6.0 (Marshmallow),Yes,2 MP,,Quad-core 1.0 GHz Cortex-A53,,,No,"Li-Ion 2000 mAh, non-removable",,GSM 850 / 900 / 1800 / 1900,"5.0 inches, 68.9 cm2(~67.7% screen-to-body ratio)",,167.9 g (5.93 oz),"2016, August. Released 2016, August",Vodafone Smart Turbo 7,,GSM / HSPA / LTE,,LED flash,,Yes,,GPS,,1.67 W/kg (head),"HSPA 42.2/5.76 Mbps, LTE Cat4 150/50 Mbps"
,IPS LCD,152.2 x 78.1 x 8.7 mm (5.99 x 3.07 x 0.34 in),,https://fdn2.gsmarena.com/vv/bigpic/vodafone-smart-ultra-7.jpg,,,"4.1, A2DP",Yes,Mediatek MT6755M (28 nm),No,Micro-SIM,"1, 3, 7, 8, 20, 28",,1080p@30fps,Vodafone,,Discontinued,"Accelerometer, proximity, compass","1080 x 1920 pixels, 16:9 ratio (~401 ppi density)",,"Wi-Fi 802.11 a/b/g/n, dual-band","13 MP, AF",,About 160 EUR,,,"VFD 700, VFD700",LED flash,microUSB 2.0,Mali-T860MP2,16GB 2GB RAM,microSDXC (dedicated slot),"Silver, Dark Grey",HSDPA 850 / 900 / 1900 / 2100,,Android 6.0.1 (Marshmallow),Yes,5 MP,,Octa-core (4x1.8 GHz Cortex-A53 & 4x1.0 GHz Cortex-A53),,,FM radio,"Li-Ion 2960 mAh, non-removable",,GSM 850 / 900 / 1800 / 1900,"5.5 inches, 83.4 cm2(~70.2% screen-to-body ratio)",,150 g (5.29 oz),"2016, June. Released 2016, June",Vodafone Smart ultra 7,,GSM / HSPA / LTE,,"LED flash, panorama, HDR",,,,GPS,,0.54 W/kg (head),"HSPA 42.2/5.76 Mbps, LTE Cat4 150/50 Mbps"
eMMC 5.1,AMOLED,154 x 75.7 x 7 mm (6.06 x 2.98 x 0.28 in),,https://fdn2.gsmarena.com/vv/bigpic/vodafone-smart-platinum-7.jpg,Hi-Fi audio,,"4.2, A2DP, LE",Yes,Qualcomm MSM8976 Snapdragon 652 (28 nm),Yes,Nano-SIM,LTE,Yes,4K@30fps,Vodafone,,Discontinued,"Fingerprint (rear-mounted), accelerometer, gyro, proximity, compass","1440 x 2560 pixels, 16:9 ratio (~534 ppi density)",,"Wi-Fi 802.11 a/b/g/n/ac, dual-band, Wi-Fi Direct","16 MP, f/2.0, 1/2.6"", 1.12µm, PDAF",,About 380 EUR,,,VFD 900,LED flash,"microUSB 2.0, OTG",Adreno 510,32GB 3GB RAM,microSDXC (dedicated slot),Black,HSDPA,,Android 6.0.1 (Marshmallow),"Yes, with stereo speakers",8 MP,,Octa-core (4x1.8 GHz Cortex-A72 & 4x1.2 GHz Cortex-A53),,,FM radio,"Li-Ion 3000 mAh, non-removable",,GSM 850 / 900 / 1800 / 1900,"5.5 inches, 83.4 cm2(~71.5% screen-to-body ratio)","18W wired, QC3, 50% in 30 min",155 g (5.47 oz),"2016, June. Released 2016, June",Vodafone Smart Platinum 7,1080p@30fps,GSM / HSPA / LTE,,"LED flash, panorama, HDR",,Yes,Corning Gorilla Glass (unspecified version),GPS,,,"HSPA 42.2/5.76 Mbps, LTE (2CA) Cat6 300/50 Mbps"
eMMC 4.5,IPS LCD,144 x 72.1 x 8 mm (5.67 x 2.84 x 0.31 in),,https://fdn2.gsmarena.com/vv/bigpic/vodafone-smart-prime-7.jpg,,,"4.0, A2DP",Yes,Qualcomm MSM8909 Snapdragon 210 (28 nm),Yes,Micro-SIM,"1, 3, 7, 8, 20",,1080p@30fps,Vodafone,,Discontinued,"Accelerometer, proximity, compass","720 x 1280 pixels, 16:9 ratio (~293 ppi density)",,Wi-Fi 802.11 b/g/n,"8 MP, AF",,About 100 EUR,,,,,microUSB 2.0,Adreno 304,8GB 1GB RAM,microSDXC (dedicated slot),"Graphite Black, Boron White",HSDPA 900 / 2100,Up to 9 h (3G),Android 6.0.1 (Marshmallow),Yes,5 MP,,Quad-core 1.1 GHz Cortex-A7,,,FM radio,"Li-Ion 2540 mAh, non-removable",,GSM 900 / 1800 / 1900,"5.0 inches, 69.4 cm2(~66.8% screen-to-body ratio)",,128 g (4.52 oz),"2016, May. Released 2016, May",Vodafone Smart prime 7,,GSM / HSPA / LTE,Up to 499 h (3G),LED flash,,,,GPS,,,"HSPA 42.2/5.76 Mbps, LTE Cat4 150/50 Mbps"
No,TFT TN,114.4 x 62.8 x 12 mm (4.50 x 2.47 x 0.47 in),,https://fdn2.gsmarena.com/vv/bigpic/vodafone-smart-first-7.jpg,,,"2.1, A2DP",Yes,Spreadtrum SC7731G,No,Mini-SIM,,,720p@30fps,Vodafone,,Discontinued,No,"320 x 480 pixels, 3:2 ratio (~165 ppi density)",,"Wi-Fi 802.11 b/g/n, hotspot",2 MP,,About 30 EUR,,,VFD 200,,microUSB 2.0,Mali-400MP2,4GB 512MB RAM,microSDXC (dedicated slot),"Volcano Black, Tech White",HSDPA 900 / 2100,Up to 5 h (3G),Android 5.1 (Lollipop),Yes,,,Quad-core 1.3 GHz Cortex-A7,,,FM radio,"Li-Ion 1400 mAh, removable",,GSM 900 / 1800,"3.5 inches, 36.5 cm2(~50.8% screen-to-body ratio)",,110 g (3.88 oz),"2016, May. Released 2016, May",Vodafone Smart first 7,,GSM / HSPA,,,,,,A-GPS only,,,HSPA 21.1/5.76 Mbps
,IPS LCD,132.2 x 65.1 x 10 mm (5.20 x 2.56 x 0.39 in),,https://fdn2.gsmarena.com/vv/bigpic/vodafone-smart-speed-6.jpg,,,"4.0, A2DP",Yes,Mediatek MT6735M (28 nm),No,Micro-SIM,"1, 3, 7, 8, 20",,720p,Vodafone,,Discontinued,"Accelerometer, compass","480 x 854 pixels, 16:9 ratio (~218 ppi density)",,"Wi-Fi 802.11 b/g/n, hotspot",5 MP,,About 70 EUR,,,VF-795,,microUSB 2.0,Mali-T720MP2,8GB 1GB RAM,microSDHC (dedicated slot),"Silver, Anthracite",HSDPA 850 / 900 / 1900 / 2100,,Android 5.1 (Lollipop),Yes,2 MP,,Quad-core 1.0 GHz Cortex-A53,,,FM radio,"Li-Ion 1780 mAh, non-removable",,GSM 850 / 900 / 1800 / 1900,"4.5 inches, 55.8 cm2(~64.8% screen-to-body ratio)",,146 g (5.15 oz),"2015, September. Released 2015, October",Vodafone Smart speed 6,,GSM / HSPA / LTE,,LED flash,,,,GPS,,,"HSPA, LTE Cat4 150/50 Mbps"
eMMC 4.5,IPS LCD,154 x 77 x 8.4 mm (6.06 x 3.03 x 0.33 in),,https://fdn2.gsmarena.com/vv/bigpic/vodafone-smart-ultra-6.jpg,,,"4.0, A2DP",Yes,Qualcomm MSM8939 Snapdragon 615 (28 nm),No,Nano-SIM,"3, 7, 20",Yes,1080p@30fps,Vodafone,,Discontinued,"Accelerometer, proximity","1080 x 1920 pixels, 16:9 ratio (~401 ppi density)",,"Wi-Fi 802.11 b/g/n, hotspot","13 MP, AF",,About 170 EUR,,,Smart ultra 6,,microUSB 2.0,Adreno 405,16GB 2GB RAM,microSDXC (dedicated slot),"Gray, Silver",HSDPA,,"Android 5.0.1 (Lollipop), upgradable to 6.0.1 (Marshmallow)",Yes,5 MP,,Octa-core (4x1.5 GHz Cortex-A53 & 4x1.1 GHz Cortex-A53),,,FM radio,"Li-Ion 3000 mAh, non-removable",,GSM 850 / 900 / 1800 / 1900,"5.5 inches, 83.4 cm2(~70.3% screen-to-body ratio)",,159 g (5.61 oz),"2015, June. Released 2015, June",Vodafone Smart ultra 6,,GSM / HSPA / LTE,,LED flash,,Yes,,GPS,,,"HSPA, LTE"
eMMC 4.5,IPS LCD,244 x 146 x 8 mm (9.61 x 5.75 x 0.31 in),,https://fdn2.gsmarena.com/vv/bigpic/vodafone-tab-prime-6.jpg,,,"4.1, A2DP, LE",Yes,Qualcomm MSM8916 Snapdragon 410 (28 nm),No,Micro-SIM,"1, 3, 7, 8, 20",,Yes,Vodafone,,Discontinued,"Accelerometer, proximity","800 x 1280 pixels, 16:10 ratio (~157 ppi density)",,"Wi-Fi 802.11 a/b/g/n, dual-band, hotspot",5 MP,Yes,About 210 EUR,,,,,microUSB 2.0,Adreno 306,16GB 1GB RAM,microSDHC (dedicated slot),Black,HSDPA 900 / 2100,,Android 5.0 (Lollipop),Yes,2 MP,,Quad-core 1.3 GHz Cortex-A53,,,No,"Li-Ion 4600 mAh, non-removable",,GSM 900 / 1800,"9.6 inches, 267.2 cm2(~75.0% screen-to-body ratio)",,406 g (14.32 oz),"2015, May. Released 2015, May",Vodafone Tab Prime 6,,GSM / HSPA / LTE,,,,,,GPS,,,"HSPA 21.1/5.76 Mbps, LTE Cat4 150/50 Mbps"
eMMC 4.5,IPS LCD,141.7 x 71.9 x 9 mm (5.58 x 2.83 x 0.35 in),,https://fdn2.gsmarena.com/vv/bigpic/vodafone-smart-prime.jpg,,,"4.0, A2DP",Yes,Qualcomm MSM8916 Snapdragon 410 (28 nm),No,Micro-SIM,LTE,Yes,1080p@30fps,Vodafone,,Discontinued,"Accelerometer, proximity","720 x 1280 pixels, 16:9 ratio (~294 ppi density)",,"Wi-Fi 802.11 b/g/n, hotspot","8 MP, AF",,About 110 EUR,,,,,microUSB 2.0,Adreno 306,8GB 1GB RAM,microSDXC (dedicated slot),"Gray, Silver",HSDPA,Up to 18 h (3G),Android 5.0.2 (Lollipop),Yes,2 MP,,Quad-core 1.2 GHz Cortex-A53,,,FM radio,"Li-Po 2500 mAh, non-removable",,GSM 850 / 900 / 1800 / 1900,"5.0 inches, 68.9 cm2(~67.6% screen-to-body ratio)",,155 g (5.47 oz),"2015, May. Released 2015, May",Vodafone Smart prime 6,,GSM / HSPA / LTE,Up to 915 h (3G),LED flash,,Yes,,GPS,,,"HSPA, LTE"
No,TFT,121.6 x 64.4 x 11.8 mm (4.79 x 2.54 x 0.46 in),,https://fdn2.gsmarena.com/vv/bigpic/vodafone-smart-first-6.jpg,,,"4.0, A2DP",Yes,Mediatek MT6572M (28 nm),No,Mini-SIM,,Yes,480p@30fps,Vodafone,,Discontinued,Accelerometer,"480 x 800 pixels, 5:3 ratio (~233 ppi density)",,"Wi-Fi 802.11 b/g/n, hotspot",2 MP,,About 60 EUR,,,VF695,,microUSB 2.0,Mali-400,4GB 512MB RAM,microSDHC (dedicated slot),"Black, White",HSDPA,Up to 7 h (3G),Android 4.4.2 (KitKat),Yes,,,Dual-core 1.0 GHz Cortex-A7,,,FM radio,"Li-Ion 1400 mAh, removable",,GSM 850 / 900 / 1800 / 1900,"4.0 inches, 45.5 cm2(~58.2% screen-to-body ratio)",,112 g (3.95 oz),"2015, May. Released 2015, May",Vodafone Smart first 6,,GSM / HSPA,Up to 393 h (3G),,,Yes,,GPS,,,HSPA
eMMC 4.5,IPS LCD,164 x 83.4 x 7.9 mm (6.46 x 3.28 x 0.31 in),,https://fdn2.gsmarena.com/vv/bigpic/vodafone-smart-4-max.jpg,,,"4.0, A2DP",Yes,Qualcomm MSM8926 Snapdragon 400 (28 nm),Yes,Micro-SIM,"3, 7, 20",,Yes,Vodafone,,Discontinued,"Accelerometer, proximity","720 x 1280 pixels, 16:9 ratio (~245 ppi density)",,"Wi-Fi 802.11 b/g/n, hotspot","13 MP, AF",,,,,,,microUSB 2.0,Adreno 305,8GB 1GB RAM,microSDHC (dedicated slot),"Black, White",HSDPA 900 / 2100,,Android 4.4.2 (KitKat),Yes,2 MP,,Quad-core 1.2 GHz Cortex-A7,,,FM radio,"Li-Ion 3000 mAh, non-removable",,GSM 900 / 1800 / 1900,"6.0 inches, 99.2 cm2(~72.6% screen-to-body ratio)",,170 g (6.00 oz),"2015, January. Released 2015, January",Vodafone Smart 4 max,,GSM / HSPA / LTE,,LED flash,,,,GPS,,,"HSPA, LTE Cat4 150/50 Mbps"
eMMC 4.5,IPS LCD,209 x 123 x 8 mm (8.23 x 4.84 x 0.31 in),,https://fdn2.gsmarena.com/vv/bigpic/vodafone-smart-tab-4g.jpg,,,"4.0, A2DP",Yes,Qualcomm MSM8916 Snapdragon 410 (28 nm),No,Micro-SIM,LTE,Yes,Yes,Vodafone,,Discontinued,"Accelerometer, proximity","720 x 1280 pixels, 16:9 ratio (~184 ppi density)",,"Wi-Fi 802.11 b/g/n, hotspot",5 MP,,,,,,,microUSB 2.0,Adreno 306,8GB 1GB RAM,microSDXC (dedicated slot),Black,HSDPA,,Android 4.4 (KitKat),Yes,2 MP,,Quad-core 1.2 GHz Cortex-A53,,,No,"Li-Ion 4060 mAh, non-removable",,GSM 850 / 900 / 1800 / 1900,"8.0 inches, 176.4 cm2(~68.6% screen-to-body ratio)",,327 g (11.53 oz),"2014, October. Released 2014, October",Vodafone Smart Tab 4G,,GSM / HSPA / LTE,,,,Yes,,GPS,,,"HSPA, LTE"
eMMC 4.5,IPS LCD,134 x 67.1 x 10.3 mm (5.28 x 2.64 x 0.41 in),,https://fdn2.gsmarena.com/vv/bigpic/vodafone-smart-4g.jpg,,,"4.0, A2DP",Yes,Qualcomm MSM8930 Snapdragon 400 (28 nm),Yes (optional),Micro-SIM,"3, 7, 20",,Yes,Vodafone,,Discontinued,"Accelerometer, proximity","540 x 960 pixels, 16:9 ratio (~245 ppi density)",,"Wi-Fi 802.11 a/b/g/n, dual-band, hotspot","8 MP, AF",,,,,,,microUSB 2.0,Adreno 305,8GB 1GB RAM,microSDHC (dedicated slot),Black,HSDPA 900 / 2100,,Android 4.2.2 (Jelly Bean),Yes,1 MP,,Dual-core 1.2 GHz Krait,,,No,"Li-Ion 1880 mAh, removable",,GSM 900 / 1800 / 1900,"4.5 inches, 55.8 cm2(~62.1% screen-to-body ratio)",,153 g (5.40 oz),"2014, October. Released 2014, October",Vodafone Smart 4G,,GSM / HSPA / LTE,,LED flash,,,,GPS,,,"HSPA, LTE"
eMMC 4.5,TFT,134.5 x 67.5 x 10.4 mm (5.30 x 2.66 x 0.41 in),,https://fdn2.gsmarena.com/vv/bigpic/vodafone-smart-4-turbo.jpg,,,"4.0, A2DP",Yes,Qualcomm MSM8926 Snapdragon 400 (28 nm),Yes,Micro-SIM,"3, 7, 20",,Yes,Vodafone,,Discontinued,"Accelerometer, proximity","480 x 854 pixels, 16:9 ratio (~218 ppi density)",,"Wi-Fi 802.11 b/g/n, hotspot",5 MP,,About 100 EUR,,,890N,,microUSB 2.0,Adreno 305,4GB 1GB RAM,microSDHC (dedicated slot),"Black, White",HSDPA 900 / 2100,,Android 4.4.2 (KitKat),Yes,VGA,,Quad-core 1.2 GHz Cortex-A7,0.45 W/kg (head)     1.32 W/kg (body),,FM radio,"Li-Ion 1880 mAh, removable",,GSM 900 / 1800 / 1900,"4.5 inches, 55.8 cm2(~61.5% screen-to-body ratio)",,155 g (5.47 oz),"2014, Q2. Released 2014, Q2",Vodafone Smart 4 turbo,,GSM / HSPA / LTE,,LED flash,,,,GPS,,,"HSPA, LTE Cat4 150/50 Mbps"
,IPS LCD,141 x 71.4 x 9.5 mm (5.55 x 2.81 x 0.37 in),,https://fdn2.gsmarena.com/vv/bigpic/vodafone-smart-4-power.jpg,,,"4.0, A2DP",Yes,Mediatek MT6582M (28 nm),Yes,Micro-SIM,"1, 3, 7, 8, 20",,Yes,Vodafone,,Discontinued,"Accelerometer, proximity","540 x 960 pixels, 16:9 ratio (~220 ppi density)",,"Wi-Fi 802.11 b/g/n, hotspot",5 MP,,About 150 EUR,,,985N,,microUSB 2.0,Mali-400MP2,4GB 1GB RAM,microSDHC (dedicated slot),"Black, White",HSDPA 900 / 2100,,Android 4.4.2 (KitKat),Yes,VGA,,Quad-core 1.3 GHz Cortex-A7,,,"FM radio, RDS","Li-Ion 3000 mAh, non-removable",,GSM 850 / 900 / 1800 / 1900,"5.0 inches, 68.9 cm2(~68.5% screen-to-body ratio)",,162 g (5.71 oz),"2014, June. Released 2014, June",Vodafone Smart 4 power,,GSM / HSPA / LTE,,LED flash,,,,GPS,,0.31 W/kg (head)     0.64 W/kg (body),"HSPA, LTE Cat4 150/50 Mbps"
eMMC 4.5,TFT,134.7 x 66 x 10.6 mm (5.30 x 2.60 x 0.42 in),,https://fdn2.gsmarena.com/vv/bigpic/vodafone-smart-4.jpg,,,"4.0, A2DP",Yes,Qualcomm MSM8210 Snapdragon 200 (28 nm),Yes (optional),Micro-SIM,,,Yes,Vodafone,,Discontinued,"Accelerometer, proximity","480 x 854 pixels, 16:9 ratio (~218 ppi density)",,"Wi-Fi 802.11 b/g/n, hotspot",5 MP,,About 90 EUR,,,,,microUSB 2.0,Adreno 302,4GB 512MB RAM,microSDHC (dedicated slot),"Black, White",HSDPA 900 / 2100,,Android 4.4.2 (KitKat),Yes,Yes,,Dual-core 1.2 GHz Cortex-A7,1.22 W/kg (head)     0.82 W/kg (body),,FM radio,"Li-Ion 1880 mAh, removable",,GSM 900 / 1800 / 1900,"4.5 inches, 55.8 cm2(~62.8% screen-to-body ratio)",,152 g (5.36 oz),"2014, May. Released 2014, May",Vodafone Smart 4,,GSM / HSPA,,LED flash,,,,GPS,,,HSPA
GSM 900 / 1800 / 1900,TFT,121.6 x 64.4 x 12.3 mm (4.79 x 2.54 x 0.48 in),,https://fdn2.gsmarena.com/vv/bigpic/vodafone-smart-mini-4.jpg,No,,"4.0, A2DP",Yes,Mediatek MT6572 (28 nm),No,Mini-SIM,,,480p@30fps,Vodafone,,Discontinued,"Accelerometer, proximity","480 x 800 pixels, 5:3 ratio (~233 ppi density)",,"Wi-Fi 802.11 b/g/n, hotspot",3.15 MP,,About 50 EUR,,,,,microUSB 2.0,Mali-400,4GB 512MB RAM,microSDHC (dedicated slot),"Black, White",HSDPA 900 / 2100,Up to 8 h (2G) / Up to 8 h (3G),Android 4.2.2 (Jelly Bean),Yes,,,Dual-core 1.3 GHz Cortex-A7,,,FM radio,"Li-Ion 1400 mAh, removable",,GSM 850 / 900 / 1800 / 1900,"4.0 inches, 45.5 cm2(~58.2% screen-to-body ratio)",,117 g (4.13 oz),"2014, April. Released 2014, April",Vodafone Smart 4 mini,,GSM / HSPA,Up to 600 h (2G) / Up to 600 h (3G),,,,,GPS,,0.66 W/kg (head),HSPA
HDMI port,TFT,260 x 180 x 8.6 mm (10.24 x 7.09 x 0.34 in),,https://fdn2.gsmarena.com/vv/bigpic/Vodafone-Smart-Tab-III-101.jpg,,,"4.0, A2DP, EDR",Yes,Mediatek MT8389,No,Mini-SIM,,,1080p@30fps,Vodafone,,Discontinued,Accelerometer,"800 x 1280 pixels, 16:10 ratio (~149 ppi density)",,"Wi-Fi 802.11 b/g/n, hotspot",5 MP,,,,,,,microUSB 2.0,PowerVR SGX544,16GB,microSDXC (dedicated slot),Black,HSDPA 850 / 900 / 1900 / 2100,,Android 4.2 (Jelly Bean),Yes,VGA,,Quad-core 1.2 GHz Cortex-A7,,,No,"Li-Ion, non-removable",,GSM 850 / 900 / 1800 / 1900,"10.1 inches, 295.8 cm2(~63.2% screen-to-body ratio)",,560 g (1.23 lb),"2013, October. Released 2013, October",Vodafone Smart Tab III 10.1,,GSM / HSPA,Up to 240 h (2G) / Up to 240 h (3G),,,,,GPS,,,HSPA
,TFT,194 x 120 x 11 mm (7.64 x 4.72 x 0.43 in),,https://fdn2.gsmarena.com/vv/bigpic/Vodafone-Smart-Tab-III-70.jpg,,,"2.1, A2DP, EDR",Yes,Mediatek MT8389,No,Mini-SIM,,,Yes,Vodafone,,Discontinued,Accelerometer,"600 x 1024 pixels, 16:9 ratio (~170 ppi density)",,"Wi-Fi 802.11 b/g/n, hotspot",5 MP,,,,,,,microUSB 2.0,PowerVR SGX544,16GB,microSDXC (dedicated slot),Black,HSDPA 850 / 900 / 1900 / 2100,,Android 4.2 (Jelly Bean),Yes,VGA,,Quad-core 1.2 GHz Cortex-A7,,,No,"Li-Ion, non-removable",,GSM 850 / 900 / 1800 / 1900,"7.0 inches, 137.9 cm2(~59.2% screen-to-body ratio)",,350 g (12.35 oz),"2013, October. Released 2013, October",Vodafone Smart Tab III 7,,GSM / HSPA,,,,,,GPS,,,HSPA
No,TFT,112 x 61.1 x 11 mm (4.41 x 2.41 x 0.43 in),"SMS(threaded view), MMS, Email, IM",https://fdn2.gsmarena.com/vv/bigpic/vodafone-655.jpg,OS level SNS integrationMP3 playerMP4/H.263 playerOrganizerVoice memoPhoto viewerPredictive text input,QWERTY,Yes,Yes,,No,Mini-SIM,,,Yes,Vodafone,,Discontinued,,"320 x 240 pixels, 4:3 ratio (~167 ppi density)","Yes, Photocall","Wi-Fi 802.11 b/g/n, hotspot",2 MP,,,,,,,2.0,,64MB,microSDHC (dedicated slot),Gray,HSDPA 2100,Up to 5 h,,Yes,,Yes,,,,FM radio,"Li-Ion, removable",Yes,GSM 850 / 900 / 1800 / 1900,"2.4 inches, 17.8 cm2(~26.1% screen-to-body ratio)",,104 g (3.67 oz),2013. Released 2013,Vodafone Chat 655,,GSM / HSPA,Up to 509 h,,,,,GPS,Yes,,HSPA
No,TFT,115 x 62.3 x 12.2 mm (4.53 x 2.45 x 0.48 in),,https://fdn2.gsmarena.com/vv/bigpic/vodafone-smart-mini.jpg,,,"4.0, A2DP",Yes,Mediatek MT6575 (40 nm),No,Mini-SIM,,,480p@30fps,Vodafone,,Discontinued,Accelerometer,"320 x 480 pixels, 3:2 ratio (~165 ppi density)",,"Wi-Fi 802.11 b/g/n, hotspot",2 MP,,About 50 EUR,,,,,microUSB 2.0,PowerVR SGX531,4GB 512MB RAM,microSDHC (dedicated slot),Black,HSDPA 900 / 2100,Up to 13 h (2G) / Up to 7 h (3G),Android 4.1 (Jelly Bean),Yes,,,1.0 GHz Cortex-A9,,,FM radio,"Li-Ion, removable",,GSM 850 / 900 / 1800 / 1900,"3.5 inches, 36.5 cm2(~50.9% screen-to-body ratio)",,118 g (4.16 oz),"2013, June. Released 2013, June",Vodafone Smart Mini,,GSM / HSPA,Up to 500 h (2G) / Up to 300 h (3G),,,,,GPS,,,HSPA
No,TFT,123.2 x 64.4 x 10.9 mm (4.85 x 2.54 x 0.43 in),,https://fdn2.gsmarena.com/vv/bigpic/vodafone-smart-iii-975.jpg,,,"4.0, A2DP",Yes,Mediatek MT6575 (40 nm),Yes (975N model only),Mini-SIM,,,720p@30fps,Vodafone,,Discontinued,"Accelerometer, proximity","480 x 800 pixels, 5:3 ratio (~233 ppi density)",,"Wi-Fi 802.11 b/g/n, hotspot","5 MP, AF",,About 110 EUR,,,,,microUSB 2.0,PowerVR SGX531,4GB 512MB RAM,microSDHC (dedicated slot),"Black, White, Hot Pink, Titan",HSDPA 900 / 2100,Up to 6 h,Android 4.1 (Jelly Bean),Yes,,,1.0 GHz Cortex-A9,0.54 W/kg (head)     0.76 W/kg (body),,FM radio,"Li-Ion 1500 mAh, removable",,GSM 850 / 900 / 1800 / 1900,"4.0 inches, 45.5 cm2(~57.4% screen-to-body ratio)",,136 g (4.80 oz),2013. Released 2013,Vodafone Smart III 975,,GSM / HSPA,Up to 475 h (2G) / Up to 388 h (3G),LED flash,,,,GPS,,,HSPA
HDMI port,TFT,259.8 x 178 x 8.7 mm (10.23 x 7.01 x 0.34 in),,https://fdn2.gsmarena.com/vv/bigpic/vodafone-smart-tab-10-ii.jpg,,,"4.0, A2DP",Yes,Qualcomm MSM8260 Snapdragon S3,No,Mini-SIM,,,Yes,Vodafone,,Discontinued,Accelerometer,"800 x 1280 pixels, 16:10 ratio (~151 ppi density)",,"Wi-Fi 802.11 b/g/n, hotspot, DLNA","5 MP, AF",,About 270 EUR,,,,,2.0,Adreno 220,16GB 1GB RAM,No,Gray,HSDPA 900 / 2100,,Android 4.0.3 (Ice Cream Sandwich),"Yes, with stereo speakers",1.3 MP,,Dual-core 1.5 GHz Scorpion,,,No,"Li-Ion 6340 mAh, non-removable",,GSM 900 / 1800 / 1900,"10.0 inches, 290.0 cm2(~62.7% screen-to-body ratio)",,580 g (1.28 lb),"2012, November. Released 2012, November",Vodafone Smart Tab II 10,,GSM / HSPA,,,,,,GPS,,1.10 W/kg (body),HSPA
,TFT,192 x 122 x 11.4 mm (7.56 x 4.80 x 0.45 in),,https://fdn2.gsmarena.com/vv/bigpic/vodafone-smart-tab-ii.jpg,,,3.0,Yes,Mediatek MT6575 (40 nm),No,Mini-SIM,,,Yes,Vodafone,,Discontinued,Accelerometer,"600 x 1024 pixels, 16:9 ratio (~170 ppi density)",,"Wi-Fi 802.11 b/g/n, DLNA, hotspot",2 MP,,About 180 EUR,,,,,2.0,PowerVR SGX531,4GB 1GB RAM,microSDHC (dedicated slot),Gray,HSDPA 900 / 2100,Up to 7 h,Android 4.0.4 (Ice Cream Sandwich),"Yes, with stereo speakers",VGA,,1.0 GHz Cortex-A9,,,No,"Li-Ion 3550 mAh, non-removable",,GSM 900 / 1800 / 1900,"7.0 inches, 137.9 cm2(~58.9% screen-to-body ratio)",,400 g (14.11 oz),"2012, November. Released 2012, November",Vodafone Smart Tab II 7,,GSM / HSPA,,,,,,GPS,,0.93 W/kg (body),HSPA
No,TFT,109 x 58 x 12.3 mm (4.29 x 2.28 x 0.48 in),,https://fdn2.gsmarena.com/vv/bigpic/vodafone-smart-ii.jpg,Vodafone MusicMP3/WMA/eAAC+ playerMP4/H.264 playerOrganizerDocument viewerPhoto viewer/editorVoice memo/dial/commandsPredictive text input (Swype),,"2.1, A2DP",Yes,BCM21553,,Mini-SIM,,,480p@20fps,Vodafone,,Discontinued,"Accelerometer, proximity, compass","320 x 480 pixels, 3:2 ratio (~180 ppi density)",,"Wi-Fi 802.11 b/g/n, hotspot",3.15 MP,,About 70 EUR,,,,,microUSB 2.0,,1GB 512MB RAM,"microSDHC (dedicated slot), 2 GB included","Black, White",HSDPA 2100,Up to 9 h,Android 2.3.7 (Gingerbread),Yes,,,832 MHz ARMv6,,,"FM radio, RDS",Removable Li-Ion 1200 mAh battery,,GSM 850 / 900 / 1800 / 1900,"3.2 inches, 30.5 cm2(~48.2% screen-to-body ratio)",,120 g (4.23 oz),"2012, June. Released 2012, June",Vodafone V860 Smart II,,GSM / HSPA,Up to 400 h,LED flash,,,,"GPS, A-GPS",,,HSPA 7.2/5.76 Mbps
MP4/H.264 playerMP3/WAV/eAAC+ playerOrganizerPhoto/video editorDocument viewerVoice memoPredictive text input,TFT,-,,https://fdn2.gsmarena.com/vv/bigpic/vodafone-smart-tab.jpg,,,"2.1, A2DP, EDR",Yes,Qualcomm MSM8260 Snapdragon S3,,Mini-SIM,,,720p,Vodafone,,Discontinued,"Accelerometer, compass","800 x 1280 pixels, 16:10 ratio (~151 ppi density)",,"Wi-Fi 802.11 b/g/n, hotspot","5 MP, AF",,About 300 EUR,,,,,2.0,Adreno 220,16GB (12.7GB user available),microSDHC (dedicated slot),Black,HSDPA 2100,,Android 3.2 (Honeycomb),"Yes, with stereo speakers",2 MP,,Dual-core 1.2 GHz Scorpion,,,No,Non-removable Li-Ion battery,,GSM 850 / 900 / 1800 / 1900,"10.0 inches, 290.0 cm2",,-,"2012, February. Released 2012, February",Vodafone Smart Tab 10,,GSM / HSPA,,,,,,"GPS, A-GPS",,,HSPA 14.4/5.76 Mbps
MP4/H.264 playerMP3/WAV/eAAC+ playerOrganizerPhoto/video editorDocument viewerVoice memoPredictive text input,TFT,194 x 120 x 11.4 mm (7.64 x 4.72 x 0.45 in),,https://fdn2.gsmarena.com/vv/bigpic/vodafone-smart-tab-7.jpg,,,"2.1, A2DP, EDR",Yes,Qualcomm MSM8260 Snapdragon S3,,Mini-SIM,,,720p,Vodafone,,Discontinued,"Accelerometer, compass","800 x 1280 pixels, 16:10 ratio (~216 ppi density)",,"Wi-Fi 802.11 b/g/n, hotspot","5 MP, AF",,About 230 EUR,,,,,2.0,Adreno 220,16GB (12.7GB user available),microSDHC (dedicated slot),Black,HSDPA 2100,Up to 7 h,Android 3.2 (Honeycomb),"Yes, with stereo speakers",2 MP,,Dual-core 1.2 GHz Scorpion,,,No,Non-removable Li-Ion 3400 mAh battery,,GSM 850 / 900 / 1800 / 1900,"7.0 inches, 142.1 cm2(~61.0% screen-to-body ratio)",,319 g (11.25 oz),"2012, February. Released 2012, February",Vodafone Smart Tab 7,,GSM / HSPA,,,,,,"GPS, A-GPS",,,HSPA 14.4/5.76 Mbps
SOS buttonFlashlight,TFT,110 x 56.5 x 13.5 mm (4.33 x 2.22 x 0.53 in),SMS,https://fdn2.gsmarena.com/vv/bigpic/vodafone-155.jpg,No,,No,No,,,Mini-SIM,,No,,Vodafone,,Discontinued,,128 x 160 pixels (~121 ppi density),Yes,No,,,About 30 EUR,,,,,microUSB (charging only),,0.3MB,No,Black,,Up to 10 h,,Yes,,No,,,,FM radio,Removable Li-Ion battery,Yes,GSM 900 / 1800,"1.7 inches, 9.1 cm2(~14.6% screen-to-body ratio)",,68 g (2.40 oz),2012,Vodafone 155,,GSM,Up to 700 h,,OrganizerSpeed dial,No,,No,No,,
No,"TFT, 256K colors",110 x 61.1 x 12 mm (4.33 x 2.41 x 0.47 in),"SMS, MMS, Email, IM",https://fdn2.gsmarena.com/vv/bigpic/vodafone-555-new.jpg,Facebook dedicated keyOS level SNS integrationMP3/eAAC+/WMA playerMP4/H.263 playerOrganizerVoice memoPredictive text input,QWERTY,"2.1, A2DP",Yes,,,Mini-SIM,,Yes,Yes,Vodafone,,Discontinued,,"320 x 240 pixels, 4:3 ratio (~167 ppi density)","Yes, Photocall",No,2 MP,,About 70 EUR,,,,,2.0,,40MB,microSDHC (dedicated slot),White,,Up to 3 h,,Yes,,Yes,200 MHz MTK 6235,,,"FM radio, RDS",Removable Li-Ion 1000 mAh battery,Yes,GSM 900 / 1800,"2.4 inches, 17.8 cm2(~26.5% screen-to-body ratio)",,-,"2011, July. Released 2011, August",Vodafone 555 Blue,,GSM,Up to 324 h,LED flash,,Yes,,No,"Yes, MIDP 2.0",,
No,"TFT, 256K colors",103.8 x 56.8 x 12.6 mm (4.09 x 2.24 x 0.50 in),,https://fdn2.gsmarena.com/vv/bigpic/vodafone-smart.jpg,Vodafone MusicMP3/WMA/eAAC+ playerMP4/H.264 playerOrganizerPhoto viewer/editorVoice memo/dial/commandsPredictive text input (Swype),,"2.1, A2DP",Yes,Qualcomm MSM7225 Snapdragon S1,,Mini-SIM,,,Yes,Vodafone,,Discontinued,"Accelerometer, proximity, compass","240 x 320 pixels, 4:3 ratio (~143 ppi density)",,"Wi-Fi 802.11 b/g, hotspot",2 MP,,About 130 EUR,,HTML,,,microUSB 2.0,No,130MB,microSDHC (dedicated slot),"White, Black, custom graphic designs",HSDPA 2100,Up to 4 h (2G) / Up to 4 h 30 min (3G),Android 2.2 (Froyo),Yes,,,528 MHz ARM 11,,,"Stereo FM radio, RDS",Removable Li-Ion battery,,GSM 850 / 900 / 1800 / 1900,"2.8 inches, 24.3 cm2(~41.2% screen-to-body ratio)",,104 g (3.67 oz),"2011, May. Released 2011, June",Vodafone 858 Smart,,GSM / HSPA,Up to 250 h (2G) / Up to 380 h (3G),,,,,"GPS, A-GPS",,,HSPA 3.6/0.384 Mbps
MP3/WAV/eAAC+/WMA playerMP4/H.264 playerOrganizerVoice memoPredictive text input,"TFT,  256K colors",109.1 x 55.9 x 14.1 mm (4.30 x 2.20 x 0.56 in),,https://fdn2.gsmarena.com/vv/bigpic/Vodafone-945.jpg,,,"2.1, A2DP",No,,,Mini-SIM,,,Yes,Vodafone,,Discontinued,Accelerometer,"240 x 400 pixels, 5:3 ratio (~146 ppi density)",,Wi-Fi 802.11 b/g,5 MP,,,,HTML,,,2.0,,300MB,microSDHC (dedicated slot),"Black, Silver",HSDPA 900 / 2100,Up to 4 h (2G) / Up to 4 h (3G),Android 2.1 (Eclair),Yes,Yes,,,,,No,Removable Li-Ion 1500 mAh battery,,GSM 900 / 1800 / 1900,"3.2 inches, 29.1 cm2(~47.8% screen-to-body ratio)",,130 g (4.59 oz),"2010, September. Released 2010, Q4",Vodafone 945,,GSM / HSPA,Up to 216 h (2G) / Up to 233 h (3G),LED flash,,,,"GPS, A-GPS",,1.18 W/kg (head),HSPA 3.6/0.384 Mbps
No,"TFT resistive touchscreen, 256K colors",108 x 53 x 14.9 mm (4.25 x 2.09 x 0.59 in),"SMS, MMS, Email, IM",https://fdn2.gsmarena.com/vv/bigpic/vodafone-553.jpg,"Facebook, Twitter, Gtalk, Yahoo messenger, ICQMP3/WAV playerMP4/H.263 playerOrganizerVoice memoPredictive text input",QWERTY,"2.0, A2DP",No,,,Mini-SIM,,Class 12,Yes,Vodafone,,Discontinued,,"240 x 320 pixels, 4:3 ratio (~143 ppi density)","1000 entries, Photocall",No,2 MP,,,,"WAP 2.0/xHTML, HTML",,,2.0,,50MB,microSDHC (dedicated slot),"White, Black, Pink, Silver",,Up to 5 h 20 min,,Yes,,Yes,,,,FM radio,Removable Li-Ion 900 mAh battery,Practically unlimited,GSM 900 / 1800,"2.8 inches, 24.3 cm2(~42.4% screen-to-body ratio)",,119 g (4.20 oz),"2010, September. Released 2010, Q4",Vodafone 553,,GSM,Up to 384 h,,,Class 12,,No,"Yes, MIDP 2.0",,
3D UI,Super AMOLED,125 x 60.8 x 11.7 mm (4.92 x 2.39 x 0.46 in),,https://fdn2.gsmarena.com/vv/bigpic/vodafone-360-h2.jpg,MP3/eAAC+/WAV playerDivX/WMV/MP4/H.264 playerOrganizerDocument viewerVoice memoPredictive text input,,"3.0, A2DP",Yes,,,Mini-SIM,,,720p@30fps,Vodafone,,Discontinued,"Accelerometer, proximity, compass","480 x 800 pixels, 5:3 ratio (~252 ppi density)",,Wi-Fi 802.11 b/g/n,"8 MP, AF",,,,HTML,,,microUSB 2.0,PowerVR SGX,16GB,microSDHC (dedicated slot),"Black, Silver",HSDPA 2100,,LiMo OS,Yes,Yes,,1.0 GHz Cortex-A8,,,"Stereo FM radio, RDS",Removable Li-Ion battery,,GSM 850 / 900 / 1800 / 1900,"3.7 inches, 39.0 cm2(~51.3% screen-to-body ratio)",,137 g (4.83 oz),Not officially announced yet,Vodafone 360 H2,,GSM / HSPA,,LED flash,,,,"GPS, A-GPS",,,HSPA 7.2/5.76 Mbps
No,"TFT resistive touchscreen, 256K colors",99 x 55 x 14 mm (3.90 x 2.17 x 0.55 in),,https://fdn2.gsmarena.com/vv/bigpic/vodafone-845-final.jpg,MP3/WAV/eAAC+/WMA playerMP4/H.264 playerDocument viewerOrganizerPhoto/video editorVoice memoPredictive text input,,"2.1, A2DP",Yes,,,Mini-SIM,,,Yes,Vodafone,,Discontinued,"Accelerometer, compass","240 x 320 pixels, 4:3 ratio (~143 ppi density)",,Wi-Fi 802.11 b/g,"3.15 MP, AF",,About 100 EUR,,HTML,,,2.0,,512MB 128MB RAM,microSDHC (dedicated slot),Black,HSDPA 900 / 2100,Up to 3 h 30 min,Android 2.1 (Eclair),Yes,,,,,,Stereo FM radio,Removable Li-Ion 1200 mAh battery,,GSM 900 / 1800 / 1900,"2.8 inches, 24.3 cm2(~44.6% screen-to-body ratio)",,109 g (3.84 oz),"2010, April. Released 2010, May",Vodafone 845,,GSM / HSPA,Up to 288 h,,,,,"GPS, A-GPS",,,HSPA 3.6/0.384 Mbps
No,"TFT resistive touchscreen, 256K colors",-,"SMS, MMS, Email",https://fdn2.gsmarena.com/vv/bigpic/vodafone-547.jpg,MP3/AAC playerMP4/H.264 playerOrganizerVoice memoPredictive text input,,2.0,No,,,Mini-SIM,,Class 10,Yes,Vodafone,,Discontinued,,"240 x 400 pixels, 5:3 ratio (~167 ppi density)","Yes, Photocall",No,2 MP,,About 40 EUR,,WAP 2.0/xHTML (Opera Mini),,,Proprietary,,,microSD (dedicated slot),"Black, White, Red",,,,Yes,,Yes,,,,"Stereo FM radio, RDS",Removable Li-Ion battery,Yes,GSM 850 / 900 / 1800 / 1900,"2.8 inches, 22.3 cm2",,-,"2010, April. Released 2010, April",Vodafone 547,,GSM,,,,Class 10,,No,"Yes, MIDP 2.0",0.65 W/kg (head),
No,"TFT, 256K colors",-,"SMS, MMS, Email",https://fdn2.gsmarena.com/vv/bigpic/vodafone-546.jpg,MP3 playerMP4/H.263 playerOrganizerVoice memoPredictive text input,QWERTY,2.1,No,,,Mini-SIM,,Class 10,Yes,Vodafone,,Discontinued,,"320 x 240 pixels, 4:3 ratio (~182 ppi density)","Yes, Photocall",No,2 MP,,,,WAP 2.0/xHTML (Opera Mini),,,No,,,microSD (dedicated slot),"Black, White",,,,Yes,,Yes,,,,"FM radio, RDS",Removable Li-Ion battery,Yes,GSM 850 / 900 / 1800 / 1900,"2.2 inches, 15.0 cm2",,-,"2010, April. Released 2010, April",Vodafone 546,,GSM,,,,Class 10,,No,"Yes, MIDP 2.0",,
No,"TFT resistive touchscreen, 256K colors",-,"SMS, MMS",https://fdn2.gsmarena.com/vv/bigpic/vodafone-543.jpg,MP3/AAC playerMP4/H.264 playerOrganizerVoice memoPredictive text input,,2.1,No,,,Mini-SIM,,Class 10,Yes,Vodafone,,Discontinued,,"240 x 320 pixels, 4:3 ratio (~167 ppi density)","Yes, Photocall",No,1.3 MP,,About 30 EUR,,WAP 2.0/xHTML (Opera Mini),,,Proprietary,,,microSD (dedicated slot),"Black, Red",,,,Yes,,Yes,,,,"Stereo FM radio, RDS",Removable Li-Ion battery,Yes,GSM 850 / 900 / 1800 / 1900,"2.4 inches, 17.8 cm2",,-,"2010, April. Released 2010, April",Vodafone 543,,GSM,,,,Class 10,,No,"Yes, MIDP 2.0",,
No,"TFT, 65K colors",-,"SMS, MMS, Email",https://fdn2.gsmarena.com/vv/bigpic/vodafone-350-messaging-new.jpg,Weather forecastCalculatorFake callsCurrency converterPredictive text input,QWERTY,No,No,,,Mini-SIM,,Yes,,Vodafone,,Discontinued,,,Yes,No,,,,,WAP 2.0/xHTML,,,No,,,No,"Black, White, Pink",,,,Yes,,Yes,,,,FM radio,Removable Li-Ion battery,Yes,GSM 900 / 1800 / 1900,1.8 inches,,-,"2010, April. Released 2010, August",Vodafone 350 Messaging,,GSM,,,,Class 10,,No,No,,
No,"TFT, 65K colors",-,SMS,https://fdn2.gsmarena.com/vv/bigpic/vodafone-350-messaging-new.jpg,CalculatorFake callsCurrency converterPredictive text input,QWERTY,No,No,,,Mini-SIM,,No,,Vodafone,,Discontinued,,,Yes,No,,,About 20 EUR,,No,,,No,,,No,"Black, White, Pink",,,,Yes,,Yes,,,,FM radio,Removable Li-Ion battery,Yes,GSM 900 / 1800 / 1900,1.8 inches,,-,"2010, April. Released 2010, July",Vodafone 345 Text,,GSM,,,,No,,No,No,,
No,"TFT, 65K colors",-,SMS,https://fdn2.gsmarena.com/vv/bigpic/vodafone-248.jpg,CalculatorCurrency converterPredictive text input,,No,No,,,Mini-SIM,,No,,Vodafone,,Discontinued,,,Yes,No,,,,,No,,,No,,,No,Black,,,,Yes,,No,,,,FM radio,Removable Li-Ion battery,Yes,GSM 900 / 1800 / 1900,1.8 inches,,-,"2010, April. Released 2010, May",Vodafone 248,,GSM,,,,No,,No,No,,
Flashlight,"TFT, 65K colors",-,SMS,https://fdn2.gsmarena.com/vv/bigpic/vodafone-247.jpg,No,,No,No,,,Mini-SIM,,No,,Vodafone,,Discontinued,,,Yes,No,,,,,No,,,No,,,No,Black,,,,Yes,,No,,,,FM radio,Removable Li-Ion battery,Yes,GSM 900 / 1800 / 1900,1.44 inches,Solar panel for charging,-,"2010, April. Released 2010, May",Vodafone 247 Solar,,GSM,,,Made of eco-friendly materialsCalculatorCurrency converterPredictive text input,No,,No,No,,
Flashlight,"TFT, 65K colors",-,SMS,https://fdn2.gsmarena.com/vv/bigpic/vodafone-247.jpg,No,,No,No,,,Mini-SIM,,No,,Vodafone,,Discontinued,,,Yes,No,,,,,No,,,No,,,No,Black,,,,Yes,,No,,,,"Stereo FM radio, RDS",Removable Li-Ion battery,Yes,GSM 900 / 1800 / 1900,1.44 inches,,-,"2010, April. Released 2010, April",Vodafone 246,,GSM,,,CalculatorCurrency converterPredictive text input,No,,No,No,,
Flashlight,"CSTN, 65K colors",-,SMS,https://fdn2.gsmarena.com/vv/bigpic/vodafone-250.jpg,No,,No,No,,,Mini-SIM,,No,,Vodafone,,Discontinued,,"128 x 128 pixels, 1:1 ratio (~125 ppi density)",100 entries,No,,,About 10 EUR,,No,,,miniUSB (charging only),,No,No,"Black, Grey-Blue",,Up to 5 h,,Yes,,Yes,,,,FM radio,Removable Li-Ion 500 mAh battery,Yes,GSM 900 / 1800,"1.45 inches, 6.8 cm2",,-,"2010, February. Released 2010, February",Vodafone 250,,GSM,Up to 400 h,,OrganizerVoice memo,No,,No,No,,
Flashlight,"STN, monochrome graphics",-,SMS,https://fdn2.gsmarena.com/vv/bigpic/vodafone-150.jpg,No,,No,No,,,Mini-SIM,,No,,Vodafone,,Discontinued,,"96 x 64 pixels, 3:2 ratio (~115 ppi density)",100 entries,No,,,About 10 EUR,,No,,,miniUSB (charging only),,No,No,Black,,Up to 5 h,,Yes,,Yes,,,,No,Removable Li-Ion 500 mAh battery,Yes,GSM 900 / 1800,"1.0 inches, 3.0 cm2",,-,"2010, February. Released 2010, February",Vodafone 150,,GSM,Up to 400 h,,OrganizerVoice memo,No,,No,No,,
No,"TFT, 256K colors",-,"SMS, MMS, Email, Push Email",https://fdn2.gsmarena.com/vv/bigpic/vodafone-1240.jpg,MP3/AAC playerMP4/H.264 playerDocument viewerOrganizerVoice memoPredictive text input,QWERTY,"2.0, A2DP",No,,,Mini-SIM,,,Yes,Vodafone,,Discontinued,,"320 x 240 pixels, 4:3 ratio","1000 entries, Photocall",No,2 MP,,,,"WAP 2.0/xHTML, HTML",,,2.0,,,microSD (dedicated slot),Black,HSDPA 2100,Up to 3 h 30 min,,Yes,,Yes,,,,No,Removable Li-Ion battery,Yes,GSM 850 / 900 / 1800 / 1900,", -",,-,"2009, November. Released 2009, November",Vodafone 1240,,GSM / HSPA,Up to 400 h,,,,,,"Yes, MIDP 2.0",,HSPA 3.6/0.384 Mbps
MP3/AAC playerMP4/H.264 playerOrganizerVoice memoPredictive text input,"TFT, 65K colors",106 x 56 x 13.9 mm (4.17 x 2.20 x 0.55 in),"SMS, MMS, Email",https://fdn2.gsmarena.com/vv/bigpic/vodafone-840.jpg,,,"2.0, A2DP",No,,,Mini-SIM,,,Yes,Vodafone,,Discontinued,,"240 x 320 pixels, 4:3 ratio (~143 ppi density)","1000 contacts, Photocall",No,2 MP,,,,"WAP 2.0/xHTML, HTML",,,2.0,,100MB,microSDHC (dedicated slot),"Silver, White, Pink, Green",UMTS 2100,Up to 4 h,,Yes,Yes,Yes,,,,No,Removable Li-Ion battery,Yes,GSM 900 / 1800 / 1900,"2.8 inches, 24.3 cm2(~40.9% screen-to-body ratio)",,93 g (3.28 oz),"2009, November. Released 2009, November",Vodafone 840,,GSM / UMTS,Up to 380 h,,,,,No,"Yes, MIDP 2.0",,"Yes, 384 kbps"
Home screen widgets,"TFT, 256K colors",96 x 52 x 16 mm (3.78 x 2.05 x 0.63 in),"SMS, MMS, Email",https://fdn2.gsmarena.com/vv/bigpic/vodafone-541.jpg,No,,"2.0, A2DP",No,,,Mini-SIM,,No,Yes,Vodafone,Up to 15 h,Discontinued,Accelerometer,"240 x 320 pixels, 4:3 ratio (~167 ppi density)","500 contacts, Photocall",No,1.3 MP,,,,WAP 2.0/xHTML,,,miniUSB 1.1,,5MB,microSDHC (dedicated slot),"Black, White, Red, Pink",,Up to 4 h 30 min,,Yes,,Yes,,,,"Stereo FM radio, RDS",Removable Li-Ion 750 mAh battery,Yes,GSM 900 / 1800 / 1900,"2.4 inches, 17.8 cm2(~35.7% screen-to-body ratio)",,82 g (2.89 oz),"2009, November. Released 2009, November",Vodafone 541,,GSM,Up to 380 h,,MP3/AAC playerMP4/H.264 playerOrganizerVoice memoPredictive text input,Class 10,,No,"Yes, MIDP 2.0",,
No,"TFT, 65K colors",109 x 47 x 11.3 mm (4.29 x 1.85 x 0.44 in),"SMS, MMS, Email",https://fdn2.gsmarena.com/vv/bigpic/vodafone-540.jpg,MP3/AAC playerMP4/H.264 playerOrganizerVoice memoPredictive text input,,Yes,No,,,Mini-SIM,,No,Yes,Vodafone,,Discontinued,,176 x 220 pixels (~141 ppi density),"500 entries, Photocall",No,2 MP,,,,"WAP 2.0/xHTML, HTML (Opera Mini)",,,,,8MB,microSDHC (dedicated slot),Black,,Up to 4 h,,Yes,,Yes,,,,FM radio,Removable Li-Ion 850 mAh battery,"20 dialed, 20 received, 20 missed calls",GSM 900 / 1800 / 1900,"2.0 inches, 12.6 cm2(~24.6% screen-to-body ratio)",,90 g (3.17 oz),"2009, November. Released 2009, November",Vodafone 540,,GSM,Up to 300 h,,,Class 10,,No,"Yes, MIDP 2.0",,
No,"TFT, 65K colors",109 x 45.5 x 12 mm (4.29 x 1.79 x 0.47 in),"SMS, MMS, Email",https://fdn2.gsmarena.com/vv/bigpic/vodafone-340.jpg,MP3/AAC playerOrganizerVoice memoPredictive text input,,Yes,No,,,Mini-SIM,,No,No,Vodafone,,Discontinued,,128 x 160 pixels (~137 ppi density),Yes,No,VGA,,About 20 EUR,,WAP 2.0/xHTML,,,Proprietary,,2MB,No,"Black, White, Pink",,Up to 3 h,,Yes,,Yes,,,,FM radio,Removable Li-Ion 700 mAh battery,Yes,GSM 900 / 1800,"1.5 inches, 7.1 cm2(~14.3% screen-to-body ratio)",,69 g (2.43 oz),"2009, November. Released 2009, November",Vodafone 340,,GSM,Up to 270 h,,,Class 10,,No,No,,
3D user interface,AMOLED,"115.9 x 58 x 12.9 mm, 60 cc (4.56 x 2.28 x 0.51 in)",,https://fdn2.gsmarena.com/vv/bigpic/vodafone-360-h1.jpg,MP3/video playerOrganizer,,"2.0, A2DP",Yes,,,Mini-SIM,,,720p@30fps,Vodafone,,Discontinued,,"480 x 800 pixels, 5:3 ratio (~267 ppi density)",,Wi-Fi 802.11 b/g,"5 MP, AF",,,,HTML,,,2.0,PowerVR SGX,16GB,microSDHC (dedicated slot),"Black, Silver",HSDPA 2100,Up to 10 h (2G) / Up to 6 h 40 min (3G),LiMo OS,Yes,Yes,,600 MHz Cortex-A8,,,"Stereo FM radio, RDS",Removable Li-Ion battery,,GSM 850 / 900 / 1800 / 1900,"3.5 inches, 34.9 cm2(~51.9% screen-to-body ratio)",,134 g (4.73 oz),"2009, September. Released 2009, November",Vodafone 360 H1,,GSM / HSPA,Up to 460 h,LED flash,,,,"GPS, A-GPS",,,HSPA
Vodafone 360 3D UI applications,TFT,112 x 55.4 x 13.4 mm (4.41 x 2.18 x 0.53 in),,https://fdn2.gsmarena.com/vv/bigpic/vodafone-360-m1.jpg,"MP3, AAC, AAC+, AAC+(e), WMA, AMR playerDivX/XViD/MP4/H.264/WMV playerOrganizer",,"2.0, A2DP",Yes,,,Mini-SIM,,,480p@15fps,Vodafone,,Discontinued,,"240 x 400 pixels, 5:3 ratio (~146 ppi density)",,No,3.15 MP,,About 290 EUR,,HTML,,,2.0,PowerVR SGX,1GB,microSDHC (dedicated slot),"Black, White, Red",HSDPA 2100,Up to 10 h (2G) / Up to 6 h 40 min (3G),Linux-based LiMo R2.0.1,Yes,Yes,,600 MHz Cortex-A8,,,"Stereo FM radio, RDS",Removable Li-Ion 1500 mAh battery,,GSM 850 / 900 / 1800 / 1900,"3.2 inches, 29.1 cm2(~47.0% screen-to-body ratio)",,111 g (3.92 oz),"2009, September. Released 2009, November",Vodafone 360 M1,,GSM / HSPA,Up to 490 h,,,,,"GPS, A-GPS",,,HSPA 3.6/0.384 Mbps
Swarovski Elements animations and wallpapers,"TFT, 256K colors","98.5 x 46.2 x 14.7 mm, 60 cc (3.88 x 1.82 x 0.58 in)","SMS, MMS",https://fdn2.gsmarena.com/vv/bigpic/vodafone-533-crystal.jpg,No,,"2.0, A2DP",No,,,Mini-SIM,,Class 10,No,Vodafone,,Discontinued,,176 x 220 pixels (~141 ppi density),500 entries,No,1.3 MP,,About 100 EUR,,WAP 2.0/xHTML (Openwave 7.2.7),,,1.1,,8MB,microSDHC (dedicated slot),Black,,Up to 3 h,,Yes,,Yes,,,,"Stereo FM radio, RDS",Removable Li-Ion 750 mAh battery,"20 dialed, 20 received, 20 missed calls",GSM 900 / 1800 / 1900,"2.0 inches, 12.6 cm2(~27.7% screen-to-body ratio)",,90 g (3.17 oz),"2009, September. Released 2009, October",Vodafone 533 Crystal,,GSM,Up to 350 h,,MP3 playerOrganizerVoice memoPredictive text input,Class 10,,No,"Yes, MIDP 2.0",,
No,"TFT, 65K colors",113 x 65.4 x 14.5 mm (4.45 x 2.57 x 0.57 in),,https://fdn2.gsmarena.com/vv/bigpic/vodafone-1231.jpg,MP3/MP4 playerOrganizerVoice memoPredictive text input,QWERTY,"2.0, A2DP",No,,,Mini-SIM,,Class 10,Yes,Vodafone,,Discontinued,,"320 x 240 pixels, 4:3 ratio (~160 ppi density)",,No,1.3 MP,,,,"WAP 2.0/xHTML, HTML",,,Proprietary,,48MB,microSDHC (dedicated slot),Black,,Up to 5 h,Microsoft Windows Mobile 6.1 Standard,Yes,,,,,,No,Removable Li-Ion 1100 mAh battery,,GSM 850 / 900 / 1800 / 1900,"2.5 inches, 19.4 cm2(~26.2% screen-to-body ratio)",,130 g (4.59 oz),"2009, June. Released 2009, June",Vodafone 1231,,GSM,Up to 230 h,,,Class 10,,GPS,,0.69 W/kg (head),
Vodafone 3D UI,"TFT, 65K colors",93 x 52 x 16 mm (3.66 x 2.05 x 0.63 in),"SMS, MMS",https://fdn2.gsmarena.com/vv/bigpic/vodafone-v-x760.jpg,No,,Yes,No,,,Mini-SIM,,No,Yes,Vodafone,,Discontinued,,"240 x 320 pixels, 4:3 ratio (~167 ppi density)","1000 contacts, Photocall",No,1.3 MP,,,,WAP 2.0/xHTML,,,Proprietary,,,microSD (dedicated slot),Black,,Up to 3 h,,Yes,,Yes,,,,Stereo FM radio,Removable Li-Ion battery,"30 dialed, 30 received, 30 missed calls",GSM 900 / 1800,"2.4 inches, 17.8 cm2(~36.9% screen-to-body ratio)",,84 g (2.96 oz),"2009, March",Vodafone V-X760,,GSM,Up to 180 h,,MP3/MP4 playerOrganizerVoice memoPredictive text input,Class 10,,No,"Yes, MIDP 2.0",,
No,"TFT, 65K colors",88.5 x 52 x 13.5 mm (3.48 x 2.05 x 0.53 in),"SMS, MMS",https://fdn2.gsmarena.com/vv/bigpic/vodafone-indie.jpg,MP3/MP4 playerOrganizerVoice memoPredictive text input,,Yes,No,,,Mini-SIM,,No,Yes,Vodafone,,Discontinued,,"240 x 320 pixels, 4:3 ratio (~167 ppi density)","1000 contacts, Photocall",No,1.3 MP,,,,WAP 2.0/xHTML,,,Proprietary,,,microSD (dedicated slot),"Red, Rosa",,Up to 3 h,,Yes,,Yes,,,,"Stereo FM radio, RDS",Removable Li-Ion battery,"40 dialed, 40 received, 40 missed calls",GSM 850 / 900 / 1800 / 1900,"2.4 inches, 17.8 cm2(~38.8% screen-to-body ratio)",,80 g (2.82 oz),"2009, June. Released 2009, Q3",Vodafone Indie,,GSM,Up to 195 h,,,Class 10,,No,"Yes, MIDP 2.0",,
Videocall camera,"TFT, 256K colors",-,"SMS, MMS, Email",https://fdn2.gsmarena.com/vv/bigpic/vodafone-835.jpg,Vodafone MusicVodafone MessengerMP3 playerOrganizerPredictive text inputVoice memo,,Yes,No,,,Mini-SIM,,,Yes,Vodafone,,Discontinued,,"240 x 320 pixels, 4:3 ratio (~167 ppi density)","1000 contacts, Photocall",No,2 MP,,,,"WAP 2.0/xHTML, HTML",,,Proprietary,,,microSD (dedicated slot),Premium silver,HSDPA 2100,,,Yes,,Yes,,,,FM radio,Removable Li-Ion battery,"40 dialed, 40 received, 40 missed calls",GSM 900 / 1800 / 1900,"2.4 inches, 17.8 cm2",,-,"2009, February. Released 2009, Q2",Vodafone 835,,GSM / HSPA,,,,,,"GPS, A-GPS","Yes, MIDP 2.0",,HSPA
No,"TFT, 65K colors",-,"SMS, MMS, Email",https://fdn2.gsmarena.com/vv/bigpic/vodafone-736.jpg,Vodafone MusicVodafone MessengerMP3 playerOrganizerPredictive text inputVoice memo,,Yes,No,,,Mini-SIM,,,Yes,Vodafone,,Discontinued,,"240 x 320 pixels, 4:3 ratio (~200 ppi density)",Yes,No,2 MP,,,,WAP 2.0/xHTML,,,Proprietary,,,microSD (dedicated slot),"White, Pink, Silver",UMTS 2100,,,Yes,,Yes,,,,FM radio,Removable Li-Ion battery,"40 dialed, 40 received, 40 missed calls",GSM 900 / 1800 / 1900,"2.0 inches, 12.4 cm2",,-,"2009, February. Released 2009, Q2",Vodafone 736,,GSM / UMTS,,,,,,No,"Yes, MIDP 2.0",,"Yes, 384 kbps"
No,"TFT, 65K colors",-,"SMS, MMS, Email",https://fdn2.gsmarena.com/vv/bigpic/vodafone-735.jpg,Vodafone MusicVodafone MessengerMP3 playerOrganizerPredictive text inputVoice memo,,Yes,No,,,Mini-SIM,,,Yes,Vodafone,,Discontinued,,"240 x 320 pixels, 4:3 ratio (~200 ppi density)",Yes,No,2 MP,,,,WAP 2.0/xHTML,,,Proprietary,,,microSD (dedicated slot),Black,UMTS 2100,,,Yes,,Yes,,,,FM radio,Removable Li-Ion battery,"40 dialed, 40 received, 40 missed calls",GSM 900 / 1800 / 1900,"2.0 inches, 12.4 cm2",,-,"2009, February. Released 2009, Q2",Vodafone 735,,GSM / UMTS,,,,,,No,"Yes, MIDP 2.0",,"Yes, 384 kbps"
No,"CSTN, 65K colors",103.5 x 46 x 13.5 mm (4.07 x 1.81 x 0.53 in),SMS,https://fdn2.gsmarena.com/vv/bigpic/vodafone-235.jpg,OrganizerCurrency converterPredictive text input,,Yes,No,,,Mini-SIM,,No,,Vodafone,,Discontinued,,"128 x 128 pixels, 1:1 ratio (~101 ppi density)",Yes,No,,,,,No,,,No,,,No,Black,,Up to 3 h,,Yes,,No,,,,FM radio,Removable Li-Ion 680 mAh battery,"20 dialed, 20 received, 20 missed calls",GSM 900 / 1800,"1.8 inches, 10.5 cm2(~22.0% screen-to-body ratio)",,68 g (2.40 oz),"2009, February. Released 2009, Q2",Vodafone 235,,GSM,Up to 270 h,,,No,,No,No,,
MP3 playerOrganizerVoice memoPredictive text input,"TFT, 256K colors",97 x 46 x 16.8 mm (3.82 x 1.81 x 0.66 in),"SMS, MMS",https://fdn2.gsmarena.com/vv/bigpic/vodafone-v720.jpg,,,2.0,No,,,Mini-SIM,,,Yes,Vodafone,,Discontinued,,"240 x 320 pixels, 4:3 ratio (~200 ppi density)",500 entries,No,1.3 MP,Yes,,,WAP 2.0/xHTML,,,microUSB,,32MB,microSDHC (dedicated slot),,UMTS 900 / 2100,Up to 3 h 42 min,,Yes,VGA videocall camera,Yes,,,,No,Removable Li-Ion battery,"20 dialed, 20 received, 20 missed calls",GSM 900 / 1800 / 1900,"2.0 inches, 12.4 cm2(~27.8% screen-to-body ratio)",,100 g (3.53 oz),,Vodafone V720,,GSM / UMTS,Up to 350 h,,,,,No,"Yes, MIDP 2.0",,HSPA
No,"TFT, 256K colors","98.5 x 46.2 x 14.7 mm, 60 cc (3.88 x 1.82 x 0.58 in)","SMS, MMS",https://fdn2.gsmarena.com/vv/bigpic/vodafone-533.jpg,MP3 playerOrganizerVoice memoPredictive text input,,"2.0, A2DP",No,,,Mini-SIM,,Class 10,No,Vodafone,,Discontinued,,176 x 220 pixels (~141 ppi density),500 entries,No,1.3 MP,,,,WAP 2.0/xHTML (Openwave 7.2.7),,,1.1,,8MB,microSDHC (dedicated slot),"Black, Catwalk Red, Catwalk Lady",,Up to 2 h 30 min,,Yes,,Yes,,,,"Stereo FM radio, RDS",Removable Li-Ion 670 mAh battery,"20 dialed, 20 received, 20 missed calls",GSM 900 / 1800 / 1900,"2.0 inches, 12.6 cm2(~27.7% screen-to-body ratio)",,90 g (3.17 oz),"2009, February. Released 2009, March",Vodafone 533,,GSM,Up to 250 h,,,Class 10,,No,"Yes, MIDP 2.0",,
CIF,"TFT, 256K colors",103 x 51.5 x 13.3 mm (4.06 x 2.03 x 0.52 in),"SMS, MMS, Email",https://fdn2.gsmarena.com/vv/bigpic/vodafone-830i.jpg,MP3/eAAC+ playerMP4/H.263 playerOrganizerVoice memoPredictive text input,,"1.2, A2DP",No,,,Mini-SIM,,,Yes,Vodafone,,Discontinued,,"240 x 320 pixels, 4:3 ratio",Yes,No,"3.15 MP, AF",,About 170 EUR,,"WAP 2.0/xHTML, HTML",,,microUSB,,10MB,microSD (dedicated slot),Black,HSDPA 2100,Up to 3 h,,Yes,,Yes,,,,No,Removable Li-Ion battery,"20 dialed, 20 received, 20 missed calls",GSM 900 / 1800 / 1900,,,71 g (2.50 oz),,Vodafone 830i,,GSM / HSPA,Up to 250 h,,,,,No,"Yes, MIDP 2.0",0.62 W/kg (head),HSPA 3.6/0.384 Mbps
downloadable wallpapers/tones/games,"CSTN, 65K colors",107 x 47 x 11.8 mm (4.21 x 1.85 x 0.46 in),"SMS, MMS",https://fdn2.gsmarena.com/vv/bigpic/vodafone-526.jpg,No,,No,No,,,Mini-SIM,,No,No,Vodafone,,Discontinued,,128 x 160 pixels (~121 ppi density),500 entries,No,VGA,,,,WAP 2.0/xHTML,,,Proprietary,,1.5MB,No,Black,,Up to 3 h,,No,,No,,,,No,Removable Li-Ion 670 mAh battery,"20 dialed, 20 received, 20 missed calls",GSM 900 / 1800,"1.7 inches, 9.1 cm2(~18.1% screen-to-body ratio)",,70 g (2.47 oz),"2008, September",Vodafone 526,,GSM,Up to 220 h,,Predictive text inputOrganizerPush to talk,Class 10,,No,No,,
500 short messages,"TFT, 65K colors",105 x 45 x 12 mm (4.13 x 1.77 x 0.47 in),"SMS, EMS, MMS",https://fdn2.gsmarena.com/vv/bigpic/vodafone-332.jpg,No,,No,No,,,Mini-SIM,,No,No,Vodafone,,Discontinued,,"120 x 160 pixels, 4:3 ratio (~111 ppi density)",500 entries,No,VGA,,,,WAP 2.0,,,2.0,,,No,Black,,Up to 6 h,,Yes,,Yes,,,,FM radio,Removable Li-Ion 800 mAh battery,"20 dialed, 20 received, 20 missed calls",GSM 900 / 1800,"1.8 inches, 10.0 cm2(~21.2% screen-to-body ratio)",,,"2008, October",Vodafone 332,,GSM,Up to 200 h,,OrganizerPredictive text input,Class 10,,No,No,,
No,"CSTN, 65K colors",105 x 46 x 12 mm (4.13 x 1.81 x 0.47 in),SMS,https://fdn2.gsmarena.com/vv/bigpic/vodafone-231.jpg,Predictive text inputOrganizer,,Yes,No,,,Mini-SIM,,No,,Vodafone,,Discontinued,,128 x 160 pixels (~110 ppi density),Yes,No,,,,,No,,,No,,,No,Black,,Up to 3 h,,No,,No,,,,No,Removable Li-Ion 670 mAh battery,"20 dialed, 20 received, 20 missed calls",GSM 900 / 1800,"1.86 inches, 10.9 cm2(~22.5% screen-to-body ratio)",,70 g (2.47 oz),"2008, October",Vodafone 231,,GSM,Up to 280 h,,,No,,No,No,,
No,"TFT, 65K colors",108 x 47 x 18 mm (4.25 x 1.85 x 0.71 in),,https://fdn2.gsmarena.com/vv/bigpic/vodafone-1210.jpg,MP3/MP4 playerPocket OfficeOrganizerPredictive text inputVoice memo,,Yes,No,,,Mini-SIM,,,,Vodafone,,Discontinued,,"240 x 320 pixels, 4:3 ratio (~182 ppi density)",,No,,,,"Vibration; Polyphonic(64), MP3 ringtones","WAP 2.0/xHTML, HTML",,,Proprietary,,"128MB RAM, 64MB ROM",microSD (dedicated slot),Black,UMTS 2100,Up to 4 h,Microsoft Windows Mobile 5.0 for Smartphone,Yes,,,32-bit Intel XScale PXA270 312 MHz,,,No,Removable Li-Ion 1100 mAh battery,,GSM 900 / 1800 / 1900,"2.2 inches, 15.0 cm2(~29.5% screen-to-body ratio)",,105 g (3.70 oz),"2007, May",Vodafone 1210,,GSM / UMTS,Up to 240 h,,,,,No,,,"Yes, 384 kbps"
MP3 playerOrganizerPredictive text inputVoice memo,"TFT, 256K colors",108.5 x 45 x 13.6 mm (4.27 x 1.77 x 0.54 in),"SMS, EMS, MMS",https://fdn2.gsmarena.com/vv/bigpic/vodafone-725.jpg,,,Yes,Yes,,,Mini-SIM,,,Yes,Vodafone,,Discontinued,,"240 x 320 pixels, 4:3 ratio (~182 ppi density)",Yes,No,2 MP,,,"Vibration; Polyphonic(64), MP3 ringtones",WAP 2.0/xHTML,,,Proprietary,,20MB,microSD (dedicated slot),Black,UMTS 2100,,,Yes,CIF,Yes,,,,No,Removable Li-Ion battery,"20 dialed, 20 received, 20 missed calls",GSM 900 / 1800 / 1900,"2.2 inches, 15.0 cm2(~30.7% screen-to-body ratio)",,,"2008, May",Vodafone 725,,GSM / UMTS,,,,,,No,"Yes, MIDP 2.0",0.92 W/kg (head),"Yes, 384 kbps"
MP3 player3gp/MP4 playerOrganizerVoice memoPredictive text input,"TFT, 256K colors",98 x 48 x 16.5 mm (3.86 x 1.89 x 0.65 in),"SMS, EMS, MMS, Email",https://fdn2.gsmarena.com/vv/bigpic/vodafone-810.jpg,,,Yes,No,,,Mini-SIM,,,Yes,Vodafone,,Discontinued,,"240 x 320 pixels, 4:3 ratio (~182 ppi density)",Yes,No,2 MP,,,"Vibration; Polyphonic(64), MP3 ringtones","WAP 2.0/xHTML, HTML",,,Proprietary,,25MB,microSD (dedicated slot),Black,UMTS 2100,Up to 3 h,,Yes,VGA videocall camera,Yes,,,,No,Removable Li-Ion 670 mAh battery,"20 dialed, 20 received, 20 missed calls",GSM 900 / 1800 / 1900,"2.2 inches, 15.0 cm2(~31.9% screen-to-body ratio)",,105 g (3.70 oz),"2007, December",Vodafone 810,,GSM / UMTS,Up to 280 h,,,,,No,"Yes, MIDP 2.0",,"Yes, 384 kbps"
No,"TFT, 65K colors",104 x 45 x 14.5 mm (4.09 x 1.77 x 0.57 in),"SMS, MMS",https://fdn2.gsmarena.com/vv/bigpic/vodafone-716.jpg,MP3 playerOrganizerVoice memoPredictive text input,,Yes,No,,,Mini-SIM,,No,No,Vodafone,,Discontinued,,176 x 220 pixels (~134 ppi density),Yes,No,1.3 MP,,,"Vibration; Polyphonic, MP3 ringtones",WAP 2.0/xHTML,,,Proprietary,,,microSD (dedicated slot),Gray,,Up to 3 h 30 min,,Yes,,Yes,,,,No,Removable Li-Ion battery,"20 dialed, 20 received, 20 missed calls",GSM 900 / 1800 / 1900,"2.1 inches, 13.9 cm2(~29.7% screen-to-body ratio)",,90 g (3.17 oz),"2008, February",Vodafone 716,,GSM,Up to 300 h,,,Class 10,,No,"Yes, MIDP 2.0",,
No,"TFT, 65K colors",107 x 47 x 11.8 mm (4.21 x 1.85 x 0.46 in),"SMS, EMS, MMS",https://fdn2.gsmarena.com/vv/bigpic/vodafone-527.jpg,MP3 playerOrganizerPredictive text input,,Yes,No,,,Mini-SIM,,No,No,Vodafone,,Discontinued,,128 x 160 pixels (~121 ppi density),Yes,No,VGA,,,Vibration; Polyphonic(32) ringtones,WAP 2.0/xHTML,,,Proprietary,,10MB,microSD (dedicated slot),Black,,Up to 3 h,,No,,Yes,,,,FM radio,Removable Li-Ion 670 mAh battery,"10 dialed, 10 received, 10 missed calls",GSM 900 / 1800,"1.7 inches, 9.1 cm2(~18.1% screen-to-body ratio)",,,"2008, March",Vodafone 527,,GSM,Up to 220 h,,,Class 10,,No,"Yes, MIDP 2.0",,
No,"TFT, 65K colors",106.9 x 46.3 x 10.9 mm (4.21 x 1.82 x 0.43 in),"SMS, MMS",https://fdn2.gsmarena.com/vv/bigpic/vodafone-511.jpg,MP3 playerOrganizerVoice memoPredictive text input,,Yes,No,,,Mini-SIM,,No,No,Vodafone,,Discontinued,,128 x 160 pixels (~116 ppi density),Yes,No,1.3 MP,,,Vibration; Downloadable polyphonic ringtones,WAP 2.0/xHTML,,,Proprietary,,10MB,microSD (dedicated slot),Black,,Up to 3 h,,Yes,,Yes,,,,No,Removable Li-Ion battery,"20 dialed, 20 received, 20 missed calls",GSM 900 / 1800 / 1900,"1.77 inches, 9.9 cm2(~19.9% screen-to-body ratio)",,90 g (3.17 oz),"2007, December",Vodafone 511,,GSM,Up to 220 h,,,Class 10,,No,"Yes, MIDP 2.0",,
No,"TFT, 65K colors",97.5 x 47.5 x 14.3 mm (3.84 x 1.87 x 0.56 in),SMS,https://fdn2.gsmarena.com/vv/bigpic/vodafone-228.jpg,Predictive text inputCalculator,,No,No,,,Mini-SIM,,No,,Vodafone,,Discontinued,,128 x 160 pixels,300 entries,No,,,,Vibration; Polyphonic(16) ringtones,No,,,No,,,No,Gray,,Up to 6 h 50 min,,No,,Yes,,,,No,Removable Li-Ion 720 mAh battery,"10 dialed, 10 received, 10 missed calls",GSM 900 / 1800,,,83 g (2.93 oz),"2008, February",Vodafone 228,,GSM,Up to 180 h,,,No,,No,No,0.49 W/kg (head),
"Second external display, 96 x 64 pixels, 1 inch","TFT, 256K colors",91.2 x 46 x 23.5 mm (3.59 x 1.81 x 0.93 in),"SMS, MMS, Email",https://fdn2.gsmarena.com/vv/bigpic/vodafone-710.jpg,MP3 playerVideo playerOrganizerVoice memoPredictive text input,,Yes,No,,,Mini-SIM,,,Yes,Vodafone,,Discontinued,,176 x 220 pixels (~141 ppi density),Yes,No,1.3 MP,,,"Vibration; Polyphonic, MP3 ringtones",WAP 2.0/xHTML,,,Proprietary,,16MB,"miniSD, up to 2 GB","Black, White, Pink",UMTS 2100,,,Yes,Videocall camera,Yes,,,,No,Removable Li-Ion battery,"20 dialed, 20 received, 20 missed calls",GSM 900 / 1800 / 1900,"2.0 inches, 12.6 cm2(~30.0% screen-to-body ratio)",,99 g (3.49 oz),"2006, October",Vodafone 710,,GSM / UMTS,,LED flash,,,,No,Yes,,"Yes, 384 kbps"
No,"TFT, 65K colors",93 x 48 x 14.3 mm (3.66 x 1.89 x 0.56 in),SMS,https://fdn2.gsmarena.com/vv/bigpic/vodafone-227.jpg,Predictive text inputOrganizer,,No,No,,,Mini-SIM,,No,,Vodafone,,Discontinued,,"128 x 128 pixels, 1:1 ratio",300 entries,No,,,,Vibration; Polyphonic(16) ringtones,No,,,No,,,No,Gray,,Up to 6 h 50 min,,Yes,,Yes,,,,No,Removable Li-Ion 720 mAh battery,"10 dialed, 10 received, 10 missed calls",GSM 900 / 1800,,,78 g (2.75 oz),"2007, July",Vodafone 227,,GSM,Up to 180 h,,,No,,No,No,0.97 W/kg (head),
No,"CSTN, 65K colors",103 x 46 x 11 mm (4.06 x 1.81 x 0.43 in),SMS,https://fdn2.gsmarena.com/vv/bigpic/vodafone-226.jpg,Predictive text inputOrganizer,,No,No,,,Mini-SIM,,No,,Vodafone,,Discontinued,,128 x 160 pixels,250 entries,No,,,,Vibration; Polyphonic(16) ringtones,No,,,No,,,No,Black,,Up to 3 h,,Yes,,No,,,,No,Removable Li-Ion 670 mAh battery,"20 dialed, 20 received, 20 missed calls",GSM 900 / 1800,,,65 g (2.29 oz),"2007, July",Vodafone 226,,GSM,Up to 240 h,,,No,,No,No,,
No,"CSTN, 65K colors",104 x 45 x 12.5 mm (4.09 x 1.77 x 0.49 in),SMS,https://fdn2.gsmarena.com/vv/bigpic/vodafone-225.jpg,CalculatorPredictive text input,,No,No,,,Mini-SIM,,No,,Vodafone,,Discontinued,,"128 x 128 pixels, 1:1 ratio",300 entries,No,,,,Polyphonic(16) ringtones,No,,,No,,4MB,No,Black,,Up to 3 h,,No,,Yes,,,,No,Removable Li-Ion 690 mAh battery,"10 dialed, 10 received, 10 missed calls",GSM 900 / 1800,,,65 g (2.29 oz),"2007, May",Vodafone 225,,GSM,Up to 135 h,,,No,,No,No,1.32 W/kg (head),
