,Type,Dimensions,Messaging,Model Image,_1,Keyboard,Bluetooth,3.5mm jack,Chipset,NFC,SIM,4G bands,EDGE,Video,Brand,Status,Sensors,Resolution,Phonebook,WLAN,Single,Build,Price,Features_1,USB,GPU,Internal,Card slot,Colors,3G bands,Dual_1,Talk time,OS,Loudspeaker,Single_1,Triple,Games,CPU,SAR,Dual,Radio,Type_1,Call records,2G bands,Size,Charging,Weight,Announced,Model Name,Video_1,Technology,Stand-by,Features,_2,GPRS,Protection,Positioning,Java,_3,Speed
,IPS LCD,165.3 x 77 x 9.2 mm (6.51 x 3.03 x 0.36 in),,https://fdn2.gsmarena.com/vv/bigpic/yezz-art-3s.jpg,,,"5.0, A2DP, LE",No,Unisoc SC9863A (28 nm),No,Nano-SIM + Nano-SIM,"2, 3, 4, 5, 7, 12, 17, 28",,"1440p@30fps, 1080p@30fps",Yezz,"Available. Released 2023, January",Fingerprint (rear-mounted),"720 x 1600 pixels, 20:9 ratio (~269 ppi density)",,Wi-Fi 802.11 b/g/n,8 MP,,About 110 EUR,HDR,USB Type-C 2.0,IMG8322,"64GB 4GB RAM, 128GB 4GB RAM",microSDXC,"Sunrise White, Graphite, Aqua Green, Artic Blue",HSDPA 850 / 900 / 1900 / 2100,,,Android 12,Yes,,"16 MP, AF2 MP2 MP",,Octa-core (4x1.6 GHz Cortex-A55 & 4x1.2 GHz Cortex-A55),,,"Stereo FM radio, recording",Li-Po 5000 mAh,,GSM 850 / 900 / 1800 / 1900,"6.52 inches, 102.6 cm2(~80.6% screen-to-body ratio)",10W wired,190 g (6.70 oz),"2022, September",Yezz Art 3S,Yes,GSM / HSPA / LTE,,"LED flash, HDR, panorama",,,Asahi Glass,GPS,,,"HSPA, LTE"
eMMC 5.1,IPS LCD,159.7 x 77.3 x 9.9 mm (6.29 x 3.04 x 0.39 in),,https://fdn2.gsmarena.com/vv/bigpic/yezz-max-3-ultra.jpg,,,"4.2, A2DP, LE",Yes,Unisoc SC9832E (28 nm),No,Nano-SIM + Nano-SIM,"2, 3, 4, 7, 12, 17, 28",,1080p@30fps,Yezz,"Available. Released 2023, January",Fingerprint (rear-mounted),"720 x 1520 pixels, 19:9 ratio (~269 ppi density)",,Wi-Fi 802.11 b/g/n,8 MP,,About 100 EUR,,USB Type-C 2.0,Mali-T820 MP1,32GB 2GB RAM,microSDXC,"Artic Blue, Aqua Green, Turquoise Green",HSDPA 850 / 900 / 1900 / 2100,,,Android 12,Yes,,,,Quad-core 1.4 GHz,,"13 MP, AF0.3 MP","Stereo FM radio, recording","Li-Ion 3700 mAh, removable",,GSM 850 / 900 / 1800 / 1900,"6.26 inches, 97.8 cm2(~79.2% screen-to-body ratio)",10W wired,182 g (6.42 oz),"2022, September",Yezz Max 3 Ultra,Yes,GSM / HSPA / LTE,,Dual-LED flash,,,INX Glass,GPS,,,"HSPA, LTE"
eMMC 5.1,IPS LCD,159.8 x 77.2 x 9.5 mm (6.29 x 3.04 x 0.37 in),,https://fdn2.gsmarena.com/vv/bigpic/yezz-max-3-plus.jpg,,,"4.2, A2DP, LE",Yes,Unisoc SC9832E (28 nm),No,Nano-SIM + Nano-SIM,"2, 3, 4, 7, 12, 17, 28",,1080p@30fps,Yezz,"Available. Released 2023, January",Fingerprint (rear-mounted),"480 x 1010 pixels, 19:9 ratio (~183 ppi density)",,Wi-Fi 802.11 b/g/n,8 MP,,About 90 EUR,,microUSB 2.0,Mali-T820 MP1,32GB 2GB RAM,microSDXC,"Midnight Black, Glacier Blue, Cosmic Blue, Carbon Grey",HSDPA 850 / 900 / 1900 / 2100,,,Android 12,Yes,,"13 MP, AF0.3 MP0.3 MP",,Quad-core 1.4 GHz,,,"Stereo FM radio, recording","Li-Ion 3700 mAh, removable",,GSM 850 / 900 / 1800 / 1900,"6.1 inches, 93.1 cm2(~75.4% screen-to-body ratio)",,-,"2022, October",Yezz Max 3 Plus,Yes,GSM / HSPA / LTE,,LED flash,,,INX Glass,GPS,,,"HSPA, LTE"
eMMC 5.1,IPS LCD,149.3 x 77.2 x 9.7 mm (5.88 x 3.04 x 0.38 in),,https://fdn2.gsmarena.com/vv/bigpic/yezz-max-3.jpg,,,"4.2, A2DP, LE",Yes,Unisoc SC9832E (28 nm),No,Nano-SIM + Nano-SIM,"2, 3, 4, 7, 12, 17, 28",,1080p@30fps,Yezz,"Available. Released 2023, January",Fingerprint (rear-mounted),"720 x 1440 pixels, 18:9 ratio (~295 ppi density)",,Wi-Fi 802.11 b/g/n,8 MP,,About 70 EUR,,microUSB 2.0,Mali-T820 MP1,32GB 2GB RAM,microSDXC,"Denim Blue, Aurora Green, Glacier Blue, Space Gray, Coral Red",HSDPA 850 / 900 / 1900 / 2100,,,Android 12,Yes,,"13 MP, AF0.3 MP0.3 MP",,Quad-core 1.3 GHz,,,"Stereo FM radio, recording","Li-Ion 2600 mAh, removable",,GSM 850 / 900 / 1800 / 1900,"5.45 inches, 76.7 cm2(~66.5% screen-to-body ratio)",,-,"2022, September",Yezz Max 3,Yes,GSM / HSPA / LTE,,LED flash,,,,GPS,,,"HSPA, LTE"
eMMC 5.1,TN TFT,144.5 x 73.4 x 10.7 mm (5.69 x 2.89 x 0.42 in),,https://fdn2.gsmarena.com/vv/bigpic/yezz-liv-3s-lte.jpg,,,"4.2, A2DP, LE",Yes,Unisoc SC9832E (28 nm),No,Nano-SIM + Nano-SIM,"2, 3, 4, 7, 17",,1080p@30fps,Yezz,"Available. Released 2023, January",,"480 x 854 pixels, 16:9 ratio (~196 ppi density)",,Wi-Fi 802.11 b/g/n,2 MP,,About 60 EUR,,microUSB 2.0,Mali-T820 MP1,16GB 2GB RAM,microSDXC,"Graphite, Forrest Green, Cosmos Blue, Sunset Blue",HSDPA 850 / 900 / 1900 / 2100,,,Android 12 (Go edition),Yes,,,,Quad-core 1.3 GHz Cortex-A53,,8 MPsecondary unspecified camera,"Stereo FM radio, recording","Li-Ion 2000 mAh, removable",,GSM 850 / 900 / 1800 / 1900,"5.0 inches, 68.9 cm2(~65.0% screen-to-body ratio)",,-,"2022, October",Yezz Liv 3S LTE,,GSM / HSPA / LTE,,"LED flash, HDR, panorama",,,Asahi Glass,GPS,,,"HSPA, LTE"
,IPS LCD,162 x 75.2 x 9 mm (6.38 x 2.96 x 0.35 in),,https://fdn2.gsmarena.com/vv/bigpic/yezz-art-3-pro.jpg,,,"5.0, A2DP, LE",No,Mediatek MT6769Z Helio G85 (12 nm),No,Nano-SIM + Nano-SIM,"2, 3, 4, 5, 7, 12, 17, 28",,1080p@30fps,Yezz,"Available. Released 2023, January",Fingerprint (rear-mounted),"1080 x 2400 pixels, 20:9 ratio (~406 ppi density)",,"Wi-Fi 802.11 b/g/n/ac, dual-band",16 MP,,About 160 EUR,HDR,USB Type-C 2.0,Mali-G52 MC2,"128GB 6GB RAM, 256GB 6GB RAM",microSDHC,"Snow White, Space Black",HSDPA 850 / 900 / 1900 / 2100,,,Android 12,Yes,,"48 MP, AF8 MP0.3 MP",,Octa-core (2x2.0 GHz Cortex-A75 & 6x1.8 GHz Cortex-A55),,,"Stereo FM radio, recording",Li-Po 5000 mAh,,GSM 850 / 900 / 1800 / 1900,"6.49 inches, 101.7 cm2(~83.5% screen-to-body ratio)",10W wired,201 g (7.09 oz),"2022, September",Yezz Art 3 Pro,Yes,GSM / HSPA / LTE,,"LED flash, HDR, panorama",,,Asahi Glass,GPS,,,"HSPA, LTE"
No,"TFT, 256K colors",121 x 50 x 12.8 mm (4.76 x 1.97 x 0.50 in),SMS,https://fdn2.gsmarena.com/vv/bigpic/yezz-c32.jpg,,,"5.1, A2DP",Yes,Unisoc T107 (22 nm),No,Nano-SIM + Nano-SIM,"2, 3, 4, 7, 28",,QVGA,Yezz,"Available. Released 2022, August",,128 x 160 pixels (~116 ppi density),Yes,No,0.08 MP,,,,microUSB 2.0,,128MB 48MB RAM,microSDHC (dedicated slot),"Black, Green, Red, Blue",HSDPA 850 / 900 / 2100,,,,Yes,,,No,1.0 GHz Cortex-A7,,,Stereo FM radio,"Li-Ion 1000 mAh, removable",Yes,GSM 850 / 900 / 1800 / 1900,"1.77 inches, 9.9 cm2(~16.3% screen-to-body ratio)",,-,"2022, August",Yezz C32,,GSM / HSPA / LTE,,,,,,No,No,,"HSPA, LTE"
,IPS LCD,167.9 x 76.8 x 10.5 mm (6.61 x 3.02 x 0.41 in),,https://fdn2.gsmarena.com/vv/bigpic/yezz-art-3-lite.jpg,,,"4.2, A2DP, LE",Yes,Unisoc SC9832E (28 nm),No,Nano-SIM + Nano-SIM,"2, 3, 4, 7, 12, 17, 28",,1080p@30fps,Yezz,"Available. Released 2022, September",Fingerprint (rear-mounted),"720 x 1600 pixels, 20:9 ratio (~269 ppi density)",,Wi-Fi 802.11 b/g/n,8 MP,,About 120 EUR,HDR,USB Type-C 2.0,Mali-T820 MP1,64GB 2GB RAM,microSDXC,"Onyx Black, Majestic Blue, Emerald Green",HSDPA 850 / 900 / 1900 / 2100,,,Android 11 (Go edition),Yes,,,,Quad-core 1.4 GHz,,"13 MP, AF0.3 MP","Stereo FM radio, recording",Li-Po 5000 mAh,,GSM 850 / 900 / 1800 / 1900,"6.52 inches, 102.6 cm2(~79.6% screen-to-body ratio)","10W wired, PD",154 g (5.43 oz),"2022, June",Yezz Art 3 Lite,Yes,GSM / HSPA / LTE,,"LED flash, HDR, panorama",,,Panda Glass,GPS,,,"HSPA, LTE"
,TN LCD,189.5 x 107.5 x 10.6 mm (7.46 x 4.23 x 0.42 in),,https://fdn2.gsmarena.com/vv/bigpic/yezz-epic3.jpg,,,"4.2, A2DP",Yes,Allwinner A133,No,No,N/A,No,720p@30fps,Yezz,"Available. Released 2022, August",Accelerometer,"600 x 1024 pixels, 16:9 ratio (~170 ppi density)",,Wi-Fi 802.11 b/g/n,"5 MP, f/2.0",,About 70 EUR,,USB Type-C,PowerVR GE8300,32GB 2GB RAM,microSDXC,Blue,N/A,,,Android 12 (Go Edition),Yes,"2 MP, f/2.0",,,Quad-core 1.5 GHz Cortex-A53,,,"FM radio, recording",Li-Po 2500 mAh,,N/A,"7.0 inches, 137.9 cm2(~67.7% screen-to-body ratio)",USB Power Delivery,250 g (8.82 oz),"2022, May",Yezz EPIC 3,,No cellular connectivity,,LED flash,,No,Asahi Glass,No,,,
eMMC 5.1,IPS LCD,155.2 x 72.9 x 9.7 mm (6.11 x 2.87 x 0.38 in),,https://fdn2.gsmarena.com/vv/bigpic/yezz-max-2-ultra.jpg,,,"4.0, A2DP, LE",Yes,Mediatek MT6737M (28 nm),No,Nano-SIM + Micro-SIM,"2, 3, 4, 7, 12, 17, 28",,1080p@30fps,Yezz,"Available. Released 2022, July",Fingerprint (rear-mounted),600 x 1280 pixels (~232 ppi density),,"Wi-Fi 802.11 a/b/g/n/ac, dual-band",8 MP,,,HDR,microUSB 2.0,Mali-T720MP2,32GB 2GB RAM,microSDHC,"Ocean Green, Midnight Blue",HSDPA 850 / 1900 / 900,,,Android 11,Yes,,,,Quad-core 1.45 GHz Cortex-A53,,"13 MP, AF0.3 MP","Stereo FM radio, recording","Li-Ion 3000 mAh, removable",,GSM 850 / 900 / 1800 / 1900,"6.1 inches, 92.3 cm2(~81.5% screen-to-body ratio)",USB Power Delivery,175 g (6.17 oz),"2022, May",Yezz Max 2 Ultra,Yes,GSM / HSPA / LTE,,Dual-LED dual-tone flash,,,Asahi Glass,GPS,,,"HSPA 42.2/11.5 Mbps, LTE Cat4 150/50 Mbps"
eMMC 5.1,IPS LCD,146.5 x 71.5 x 10.2 mm (5.77 x 2.81 x 0.40 in),,https://fdn2.gsmarena.com/vv/bigpic/yezz-max2.jpg,,,"4.0, A2DP, LE",Yes,Mediatek MT6737M (28 nm),No,Nano-SIM + Micro-SIM,"2, 3, 4, 7, 12, 17, 28",,1080p@30fps,Yezz,"Available. Released 2022, January",No,"480 x 960 pixels, 18:9 ratio (~197 ppi density)",,"Wi-Fi 802.11 a/b/g/n/ac, dual-band","8 MP, AF",,About 60 EUR,,microUSB 2.0,Mali-T720MP2,32GB 1GB RAM,microSDHC,"Ocean Green, Space Black, Pacific Blue",HSDPA 850 / 900 / 2100,,,Android 11 (Go edition),Yes,5 MP,,,Quad-core 1.45 GHz Cortex-A53,,,"Stereo FM radio, recording","Li-Ion 2500 mAh, removable",,GSM 850 / 900 / 1800 / 1900,"5.45 inches, 76.7 cm2(~73.2% screen-to-body ratio)",USB Power Delivery,170 g (6.00 oz),"2021, October",Yezz Max 2,,GSM / HSPA / LTE,,LED flash,,,Asahi Glass,GPS,,,"HSPA 42.2/11.5 Mbps, LTE Cat4 150/50 Mbps"
eMMC 5.1,TFT LCD,144.6 x 73.4 x 10.7 mm (5.69 x 2.89 x 0.42 in),,https://fdn2.gsmarena.com/vv/bigpic/yezz-liv3.jpg,,,"4.2, A2DP, LE",Yes,Unisoc SC9832E (28 nm),No,Nano-SIM + Nano-SIM,"2, 3, 4, 7, 17",,1080p@30fps,Yezz,"Available. Released 2021, December",Accelerometer,"480 x 854 pixels, 16:9 ratio (~196 ppi density)",,Wi-Fi 802.11 b/g/n,2 MP,,,,microUSB 2.0,Mali-T820 MP1,16GB 1GB RAM,microSDXC (dedicated slot),"Smoke Black, Glacier Blue, Forest Green",HSDPA 850 / 900 / 1900 / 2100,,,Android 11 (Go edition),Yes,,,,Quad-core 1.3 GHz Cortex-A53,,5 MPVGA,Stereo FM radio,"Li-Ion 2000 mAh, removable",,GSM 850 / 900 / 1800 / 1900,"5.0 inches, 68.9 cm2(~64.9% screen-to-body ratio)",,-,"2021, August",Yezz Liv 3 LTE,,GSM / HSPA / LTE,,"LED flash, HDR, panorama",,,Asahi Glass,GPS,,,"HSPA 21.1/5.76 Mbps, LTE Cat4 150/50 Mbps"
,OLED,125.7 x 63.5 x 9 mm (4.95 x 2.5 x 0.35 in),,https://fdn2.gsmarena.com/vv/bigpic/yezz-go3.jpg,,,"4.2, A2DP, LE",Yes,Unisoc SC7731e,No,Nano-SIM + Nano-SIM,,,720p@30fps,Yezz,"Available. Released 2021, August",N/A,"360 x 640 pixels, 16:9 ratio (~184 ppi density)",,Wi-Fi 802.11 b/g/n,5 MP,,About 50 EUR,,microUSB 2.0,Mali-400 MP2,8GB 1GB RAM,microSDXC (dedicated slot),"Black, Blue, Green",HSDPA 850 / 900 / 1900 / 2100,,,Android 11 (Go edition),Yes,2 MP,,,Quad-core 1.3 GHz Cortex-A7,,,FM radio,"Li-Ion 1350 mAh, removable",,GSM 850 / 900 / 1800 / 1900,"4.0 inches, 44.1 cm2(~55.3% screen-to-body ratio)",,84.5 g (3.00 oz),"2021, April",Yezz GO 3,,GSM / HSPA,,"LED flash, Panorama, HDR",,,AGC glass,GPS,,,HSPA 21.1/5.76 Mbps
,IPS LCD,164.2 x 76.3 x 8.8 mm (6.46 x 3.00 x 0.35 in),,https://fdn2.gsmarena.com/vv/bigpic/yezz-art-2-pro.jpg,,,"4.2, A2DP, LE",Yes,Unisoc SC9863A (28 nm),No,Nano-SIM + Nano-SIM,"2, 3, 4, 7, 12, 17, 28",,1080p@30fps,Yezz,"Available. Released 2021, July","Fingerprint (side-mounted), accelerometer, gyro, proximity","720 x 1600 pixels, 20:9 ratio (~269 ppi density)",,Wi-Fi 802.11 b/g/n,"13 MP, f/2.0","Glass front, aluminum back, aluminum frame",About 120 EUR,,USB Type-C 2.0,IMG8322,"64GB 3GB RAM, 128GB 4GB RAM",microSDXC (dedicated slot),"Graphite Black, Arctic Blue",HSDPA 900 / 1900 / 850,,,Android 11,Yes,,"16 MP, f/2.0, 1/2.8"", AF2 MP2 MP",,Octa-core (4x1.6 GHz Cortex-A55 & 4x1.2 GHz Cortex-A55),0.40 W/kg (head)     0.74 W/kg (body),,"Stereo FM radio, recording",Li-Ion 5000 mAh,,GSM 850 / 900 / 1800 / 1900,"6.53 inches, 102.9 cm2(~82.2% screen-to-body ratio)","10W wired, PD",188 g (6.63 oz),"2021, April",Yezz Art 2 Pro,,GSM / HSPA / LTE,,"LED flash, HDR, panorama",,,Asahi Glass,GPS,,,"HSPA 21.1/5.76 Mbps, LTE Cat4 150/50 Mbps"
eMMC 5.1,IPS LCD,149.7 x 72.2 x 9.7 mm (5.89 x 2.84 x 0.38 in),,https://fdn2.gsmarena.com/vv/bigpic/yezz-max2-plus.jpg,,,"4.0, A2DP, LE",Yes,Unisoc SC9832E (28 nm),No,Nano-SIM + Nano-SIM,"2, 3, 4, 7, 12, 17, 28",,1080p@30fps,Yezz,"Available. Released 2021, July","Fingerprint (rear-mounted), accelerometer","720 x 1440 pixels, 18:9 ratio (~293 ppi density)",,Wi-Fi 802.11 b/g/n,8 MP,,About 70 EUR,,microUSB 2.0,Mali-T820 MP1,32GB 2GB RAM,microSDXC,"Black Panther, Pacific Blue",HSDPA 850 / 900 / 1900 / 2100,,,Android 11,Yes,,,,Quad-core 1.3 GHz,0.77 W/kg (head)     0.59 W/kg (body),"13 MP, AF0.3 MP","Stereo FM radio, recording","Li-Ion 2600 mAh, removable",,GSM 850 / 900 / 1800 / 1900,"5.5 inches, 78.1 cm2(~72.2% screen-to-body ratio)",USB Power Delivery,150 g (5.29 oz),"2021, April",Yezz Max 2 Plus,,GSM / HSPA / LTE,,"LED flash, HDR, panorama",,,Asahi Glass,GPS,,,"HSPA 21.1/5.76 Mbps, LTE Cat4 150/50 Mbps"
eMMC 5.1,IPS LCD,141.2 x 66.7 x 10 mm (5.56 x 2.63 x 0.39 in),,https://fdn2.gsmarena.com/vv/bigpic/yezz-liv-1s.jpg,,,"4.2, A2DP, LE",Yes,Spreadtrum SC7731E (28 nm),No,Nano-SIM + Nano-SIM,,,1080p@30fps,Yezz,"Available. Released 2021, February",Accelerometer,"480 x 960 pixels, 18:9 ratio (~217 ppi density)",,Wi-Fi 802.11 b/g/n,"5 MP, f/2.2, AF",,About 50 EUR,LED flash,microUSB 2.0,Mali-T820,16GB 1GB RAM,microSDXC (dedicated slot),"Storm Black, Steel Grey, Tropical Green, Caribbean Blue",HSDPA 850 / 900 / 1900 / 2100,,,Android 10 (Go edition),Yes,"2 MP, f/2.8",,,Quad-core 1.3 GHz,,,"FM radio, recording","Li-Ion 2000 mAh, removable",,GSM 850 / 900 / 1800 / 1900,"4.95 inches, 63.2 cm2(~67.1% screen-to-body ratio)",,137 g (4.83 oz),"2020, November",Yezz Liv 1s,,GSM / HSPA,,"LED flash, HDR, panorama",,,Asahi Glass,"GPS, GLONASS",,,HSPA 21.1/5.76 Mbps
eMMC 5.1,IPS LCD,163.9 x 77.9 x 8.9 mm (6.45 x 3.07 x 0.35 in),,https://fdn2.gsmarena.com/vv/bigpic/yezz-art-1-pro.jpg,,,"4.2, A2DP, LE",Yes,Mediatek MT6762D Helio A25 (12 nm),No,Nano-SIM + Nano-SIM,"2, 3, 4, 7, 12, 17, 28",,"1080p@30fps, gyro-EIS",Yezz,"Available. Released 2020, November","Fingerprint (rear-mounted), accelerometer, gyro, proximity","720 x 1560 pixels, 19.5:9 ratio (~263 ppi density)",,Wi-Fi 802.11 a/b/g/n,"8 MP, f/2.4, 1/4.0""",,About 100 EUR,,microUSB 2.0,PowerVR GE8320,64GB 4GB RAM,microSDXC (uses shared SIM slot),Stellar Blue,HSDPA 900 / 1900 / 850,,,Android 10,Yes,,"16 MP, f/2.8, 1/2.8"", AF2 MP2 MP",,Octa-core (4x1.8 GHz Cortex-A53 & 4x1.5 GHz Cortex-A53),0.40 W/kg (head)     0.74 W/kg (body),,"Stereo FM radio, recording",Li-Ion 4000 mAh,,GSM 850 / 900 / 1800 / 1900,"6.53 inches, 104.7 cm2(~82.0% screen-to-body ratio)","10W wired, PD",120 g (4.23 oz),"2020, August",Yezz Art 1 Pro,,GSM / HSPA / LTE,,LED flash,,,Asahi Glass,GPS,,,"HSPA 21.1/5.76 Mbps, LTE Cat4 150/50 Mbps"
eMMC 5.1,TFT LCD,149 x 72.5 x 9.7 mm (5.87 x 2.85 x 0.38 in),,https://fdn2.gsmarena.com/vv/bigpic/yezz-liv-2-lte.jpg,,,"4.0, A2DP, LE",Yes,Mediatek MT6739 (28 nm),No,"Dual SIM (Micro-SIM, dual stand-by)","2, 3, 4, 7, 12, 17, 28",,1080p@30fps,Yezz,"Available. Released 2020, August","Accelerometer, proximity","540 x 960 pixels, 16:9 ratio (~220 ppi density)",,"Wi-Fi 802.11 a/b/g/n/ac, dual-band, Wi-Fi Direct",,,,LED flash,microUSB 2.0,,16GB 1GB RAM,microSDXC (dedicated slot),"Black, Green, Red, Gray",HSDPA 850 / 900 / 1900 / 2100,"12 MP, f/1.8, 25mm (wide), 1/2.55"", 1.4µm8 MP, 12mm, (ultrawide)",,Android 10 (Go edition),Yes,,,,Quad-core 1.5 GHz Cortex-A53,,"8 MP, AF2 MP","FM radio, recording","Li-Ion 2450 mAh, removable",,GSM 850 / 900 / 1800 / 1900,"5.0 inches, 68.9 cm2(~63.8% screen-to-body ratio)",,112 g (3.95 oz),"2020, March",Yezz Liv 2 LTE,1080p@30fps,GSM / HSPA / LTE,,"LED flash, HDR",,,Corning Gorilla Glass 3 or Asahi Dragontrail Glass,"GPS, GLONASS",,,"HSPA 21.1/5.76 Mbps, LTE Cat4 150/50 Mbps"
eMMC 5.1,TFT LCD,155.2 x 72.9 x 9.7 mm (6.11 x 2.87 x 0.38 in),,https://fdn2.gsmarena.com/vv/bigpic/yezz-art1.jpg,,,"4.0, A2DP, LE",Yes,Mediatek MT6739 (28 nm),No,Nano-SIM + Nano-SIM,"2, 3, 4, 7, 12, 17, 28",,1080p@30fps,Yezz,"Available. Released 2020, August","Fingerprint (rear-mounted), accelerometer, gyro, proximity","720 x 1560 pixels, 19.5:9 ratio (~282 ppi density)",,Wi-Fi 802.11 b/g/n,8 MP,,,,microUSB 2.0,,32GB 3GB RAM,microSDXC (dedicated slot),"Green, Blue",HSDPA 900 / 1900 / 850,,,Android 10,Yes,,,,Quad-core 1.5 GHz Cortex-A53,,"13 MP, AF0.3 MP",Stereo FM radio,"Li-Ion 3000 mAh, removable",,GSM 850 / 900 / 1800 / 1900,"6.1 inches, 91.3 cm2(~80.7% screen-to-body ratio)",,120 g (4.23 oz),"2020, March",Yezz Art 1,,GSM / HSPA / LTE,,"Dual-LED flash, panorama, HDR",,,AGC glass,GPS,,,"HSPA 21.1/5.76 Mbps, LTE Cat4 150/50 Mbps"
,TFT LCD,128.5 x 65.2 x 11 mm (5.06 x 2.57 x 0.43 in),,https://fdn2.gsmarena.com/vv/bigpic/yezz-go1.jpg,,,"4.0, A2DP, LE",Yes,Mediatek MT6580 (28 nm),No,Nano-SIM + Nano-SIM,,,720p,Yezz,"Available. Released 2020, July 28",Accelerometer,"480 x 800 pixels, 5:3 ratio (~233 ppi density)",,Wi-Fi 802.11 a/b/g/n,5 MP,,,,microUSB 2.0,Mali-400,8GB 1GB RAM,microSDXC (dedicated slot),Black,HSDPA 850 / 900 / 1900 / 2100,,,Android 10 (Go edition),Yes,2 MP,,,Quad-core 1.3 GHz,,,FM radio,"Li-Ion 1400 mAh, removable",,GSM 850 / 900 / 1800 / 1900,"4.0 inches, 45.5 cm2(~54.4% screen-to-body ratio)",,123 g (4.34 oz),"2020, February",Yezz GO 1,,GSM / HSPA,,"LED flash, Panorama, HDR",,,,GPS,,,HSPA 21.1/5.76 Mbps
,IPS,148.7 x 70.9 x 8.9 mm (5.85 x 2.79 x 0.35 in),,https://fdn2.gsmarena.com/vv/bigpic/yezz-max-1-plus.jpg,,,"4.0, A2DP, LE",Yes,Unisoc SC9832E (28 nm),No,Nano-SIM + Nano-SIM,"2, 3, 4, 7, 12, 17",,1080p@30fps,Yezz,"Available. Released 2019, September",,"720 x 1440 pixels, 18:9 ratio (~295 ppi density)",,Wi-Fi 802.11 b/g/n,8 MP,,About 80 EUR,LED flash,microUSB 2.0,Mali-T820 MP1,16GB 2GB RAM,microSDXC (dedicated slot),"Black, Gun Metal, Blue",HSDPA 850 / 900 / 1900 / 2100,,Up to 9 h,Android 9.1 (Pie),Yes,,,,Quad-core 1.3 GHz Cortex-A53,,"8 MP, AF0.3 MP",Stereo FM radio,"Li-Ion 2800 mAh, removable",,GSM 850 / 900 / 1800 / 1900,"5.45 inches, 76.7 cm2(~72.7% screen-to-body ratio)",,154.8 g (5.47 oz),"2019, August",Yezz Max 1 Plus,,GSM / HSPA / LTE,Up to 280 h,"LED flash, panorama, HDR",,,AGC glass,GPS,,,"HSPA 21.1/5.76 Mbps, LTE Cat4 150/50 Mbps"
,TFT LCD,138.5 x 65.8 x 9.5 mm (5.45 x 2.59 x 0.37 in),,https://fdn2.gsmarena.com/vv/bigpic/yezz-liv1.jpg,,,"4.0, A2DP, LE",Yes,Unisoc SC7731E (28 nm),No,Nano-SIM + Nano-SIM,,,1080p@30fps,Yezz,"Available. Released 2019, September",Accelerometer,"480 x 960 pixels, 18:9 ratio (~215 ppi density)",,Wi-Fi 802.11 b/g/n,5 MP,,About 50 EUR,LED flash,microUSB 2.0,Mali-T820 MP1,16GB 1GB RAM,microSDXC (dedicated slot),"Black, Gun Metal, Blue, Red",HSDPA 850 / 900 / 1900 / 2100,,Up to 7 h 30 min,Android 9.1 Pie (Go edition),Yes,2 MP,,,Quad-core 1.3 GHz Cortex-A7,,,Stereo FM radio,"Li-Ion 2000 mAh, removable",,GSM 850 / 900 / 1800 / 1900,"5.0 inches, 64.5 cm2(~70.8% screen-to-body ratio)",,133.3 g (4.69 oz),"2019, August",Yezz LIV1,720p@30fps,GSM / HSPA,Up to 220 h,"LED flash, panorama, HDR",,,AGC glass,GPS,,,HSPA 21.1/5.76 Mbps
,TFT,139 x 65.8 x 8.8 mm (5.47 x 2.59 x 0.35 in),,https://fdn2.gsmarena.com/vv/bigpic/yezz-max1.jpg,,,"4.0, A2DP, LE",Yes,Mediatek MT6580M (28 nm),No,Nano-SIM + Nano-SIM,,,720p@30fps,Yezz,"Available. Released 2018, December",Accelerometer,"480 x 960 pixels, 18:9 ratio (~215 ppi density)",,Wi-Fi 802.11 b/g/n,8 MP,,About 60 EUR,LED flash,microUSB 2.0,Mali-400,16GB 2GB RAM,microSDHC (dedicated slot),Black,HSDPA 850 / 900 / 1900 / 2100,,Up to 5 h 30 min,Android 8.1 (Oreo),Yes,8 MP,,,Quad-core 1.3 GHz Cortex-A7,,,FM radio,"Li-Ion 2000 mAh, removable",,GSM 850 / 900 / 1800 / 1900,"5.0 inches, 64.5 cm2(~70.5% screen-to-body ratio)",,120 g (4.23 oz),"2018, October",Yezz Max 1,720p@30fps,GSM / HSPA,Up to 180 h,"LED flash, panorama, HDR",,,,GPS,,,HSPA 42.2/5.76 Mbps
,TN,126 x 65 x 10.7 mm (4.96 x 2.56 x 0.42 in),,https://fdn2.gsmarena.com/vv/bigpic/yezz-4e7.jpg,,,"4.0, A2DP, LE",Yes,Mediatek MT6580M (28 nm),No,Nano-SIM + Micro-SIM,,,1080p@30fps,Yezz,"Available. Released 2018, September","Accelerometer, proximity","480 x 800 pixels, 5:3 ratio (~187 ppi density)",,Wi-Fi 802.11 a/b/g/n,5 MP,,,,microUSB 2.0,Mali-400,8GB 1GB RAM,microSDHC (dedicated slot),"Black, Dark Gray, Gold",HSDPA 850 / 900 / 1900 / 2100,,Up to 4 h,Android 8.1 Oreo (Go edition),Yes,2 MP,,,Quad-core 1.3 GHz Cortex-A7,,,"FM radio, recording","Li-Ion 1400 mAh, removable",,GSM 850 / 900 / 1800 / 1900,"5.0 inches, 71.2 cm2(~86.9% screen-to-body ratio)",,112 g (3.95 oz),"2018, September",Yezz Andy 4E7,,GSM / HSPA,Up to 300 h,LED flash,,,,GPS,,,HSPA 21.1/5.76 Mbps
HSDPA 850 / 1900 - 5E5043,TN,139.8 x 71.5 x 8.6 mm (5.50 x 2.81 x 0.34 in),,https://fdn2.gsmarena.com/vv/bigpic/yezz-5e5.jpg,,,"4.0, A2DP, LE",Yes,Mediatek MT6580M (28 nm),No,Nano-SIM + Micro-SIM,,,1080p@30fps,Yezz,"Available. Released 2018, August",Accelerometer,"480 x 854 pixels, 16:9 ratio (~196 ppi density)",,Wi-Fi 802.11 a/b/g/n,5 MP,,,,microUSB 2.0,Mali-400MP2,8GB 1GB RAM,microSDHC (dedicated slot),"Black, Dark Gray, Gold",HSDPA 850 / 900 / 1900 / 2100 - 5E5052,,Up to 6 h (3G),Android 8.0 Oreo (Go edition),Yes,2 MP,,,Quad-core 1.3 GHz Cortex-A7,,,Stereo FM radio,"Li-Ion 2000 mAh, non-removable",,GSM 850 / 900 / 1800 / 1900,"5.0 inches, 68.9 cm2(~68.9% screen-to-body ratio)",,125 g (4.41 oz),"2018, August",Yezz Andy 5E5,,GSM / HSPA,Up to 180 h (3G),LED flash,,,Yes,GPS,,,HSPA 21.1/5.76 Mbps
IP68 dust/water resistant (up to 1.5m for 30 min)MIL-STD-810G compliantFlashlight,IPS LCD,168.8 x 86.5 x 15.9 mm (6.65 x 3.41 x 0.63 in),,https://fdn2.gsmarena.com/vv/bigpic/yezz-epic-t.jpg,eMMC 5.1,,"4.0, A2DP, LE",Yes,Mediatek MT6750 (28 nm),No,Nano-SIM + Nano-SIM,"2, 4, 7, 17, 28",,1080p@60fps,Yezz,"Available. Released 2018, April","Fingerprint (rear-mounted), accelerometer, gyro, proximity, compass","1080 x 1920 pixels, 16:9 ratio (~401 ppi density)",,"Wi-Fi 802.11 b/g/n, Wi-Fi Direct","16 MP, AF",,About 250 EUR,,USB Type-C 2.0,Mali-T860MP2,32GB 3GB RAM,microSDXC (dedicated slot),Black,HSDPA 850 / 1900 / 2100,,Up to 30 h (3G),Android 7.0 (Nougat),Yes,8 MP,,,Octa-core (4x1.5 GHz Cortex-A53 & 4x1.0 GHz Cortex-A53),,,FM radio,"Li-Po 9000 mAh, non-removable",,GSM 850 / 900 / 1800 / 1900,"5.5 inches, 83.4 cm2(~57.1% screen-to-body ratio)",10W wired,469 g (1.03 lb),"2018, March",Yezz Epic T,,GSM / HSPA / LTE,Up to 650 h (3G),"LED flash, panorama, HDR",,,Corning Gorilla Glass 3,GPS,,,"HSPA 42.2/11.5 Mbps, LTE (2CA) Cat6 300/50 Mbps"
,TN,125.8 x 63 x 10.8 mm (4.95 x 2.48 x 0.43 in),,https://fdn2.gsmarena.com/vv/bigpic/yezz-4e4.jpg,,,2.1,Yes,Spreadtrum SC7731C,No,"Dual SIM, (Micro-SIM)",,,720p@30fps,Yezz,Discontinued,Accelerometer,"480 x 854 pixels, 16:9 ratio (~245 ppi density)",,Wi-Fi 802.11 a/b/g/n,5 MP,,,,microUSB 2.0,Mali-400MP2,4GB 512MB RAM,microSDXC (dedicated slot),"Black, White, Gray, Blue, Pink",HSDPA 850 / 1900 - AM4E4I043,,Up to 4 h (3G),Android 6.0 (Marshmallow),Yes,2 MP,,,Quad-core 1.2 GHz Cortex-A7,,,Stereo FM radio,Li-Ion 1400 mAh battery,,GSM 850 / 900 / 1800 / 1900 - SIM 1 & SIM 2,"4.0 inches, 44.1 cm2(~55.6% screen-to-body ratio)",,112 g (3.95 oz),"2016, November. Released 2016, December",Yezz Andy 4E4,,GSM / HSPA,Up to 116 h (3G),"LED flash, panorama",,,,GPS,,,HSPA 21.1/5.76 Mbps
eMMC 5.0,IPS LCD,136.5 x 66 x 8.8 mm (5.37 x 2.60 x 0.35 in),,https://fdn2.gsmarena.com/vv/bigpic/yezz-4.5el-lte.jpg,,,"4.0, LE",Yes,Mediatek MT6737M (28 nm),No,Dual SIM (Mini-SIM/ Micro-SIM),"4, 7, 17",,1080p@30fps,Yezz,Discontinued,Accelerometer,"480 x 854 pixels, 16:9 ratio (~218 ppi density)",,Wi-Fi 802.11 b/g/n,5 MP,,,,microUSB 2.0,Mali-T720MP2,8GB 1GB RAM,microSDHC,Black,HSDPA 850 / 1900 - AM45EL133,,Up to 7 h (3G),Android 6.0 (Marshmallow),Yes,2 MP,,,Quad-core 1.1 GHz Cortex-A53,,,Stereo FM radio,Li-Ion 1700 mAh battery,,GSM 850 / 900 / 1800 / 1900 - SIM 1 & SIM 2,"4.5 inches, 55.8 cm2(~61.9% screen-to-body ratio)",,130 g (4.59 oz),"2016, November. Released 2016, December",Yezz 4.5EL LTE,,GSM / HSPA / LTE,Up to 250 h (3G),"LED flash, HDR, panorama",,,,GPS,,,"HSPA 42.2/5.76 Mbps, LTE Cat4 150/50 Mbps"
,IPS LCD,143.7 x 72.4 x 9.5 mm (5.66 x 2.85 x 0.37 in),,https://fdn2.gsmarena.com/vv/bigpic/yezz-5m.jpg,,,"4.0, LE",Yes,Mediatek MT6580 (28 nm),No,Dual SIM (Micro-SIM),,,720p@30fps,Yezz,Discontinued,"Accelerometer, proximity","720 x 1280 pixels, 16:9 ratio (~294 ppi density)",,"Wi-Fi 802.11 b/g/n, Wi-Fi Direct",8 MP,,,,microUSB 2.0,Mali-400MP2,8GB 1GB RAM,microSDXC (dedicated slot),Black,HSDPA 850 / 1900 - AM5M2L043,,Up to 9 h,Android 6.0 (Marshmallow),Yes,5 MP,,,Quad-core 1.3 GHz Cortex-A7,,,Stereo FM radio,Li-Ion 2300 mAh battery,,GSM 850 / 900 / 1800 / 1900 - SIM 1 & SIM 2,"5.0 inches, 68.9 cm2(~66.2% screen-to-body ratio)",,114 g (4.02 oz),"2016, November. Released 2016, December",Yezz 5M,,GSM / HSPA,Up to 300 h,"LED flash, panorama",,,,GPS,,,HSPA 21.1/5.76 Mbps
No,"TFT, 256K colors",113 x 48.5 x 14.6 mm (4.45 x 1.91 x 0.57 in),SMS,https://fdn2.gsmarena.com/vv/bigpic/yezz-c21.jpg,MP3/WAV player,,2.1,No,Spreadtrum SC6531DA,No,Dual SIM (Mini-SIM),,No,Yes,Yezz,Discontinued,,128 x 160 pixels (~114 ppi density),Yes,No,VGA,,,,microUSB 2.0,,4MB 4MB RAM,microSDHC (dedicated slot),"Black, White, Red, Blue",,,Up to 3 h,,Yes,,,No,321 Mhz,,,Stereo FM radio,"Li-Ion 600 mAh, removable",Yes,GSM 850 / 900 / 1800 / 1900 - SIM 1 & SIM 2 - CM21A003,"1.8 inches, 10.2 cm2(~18.6% screen-to-body ratio)",,70 g (2.47 oz),"2016, July. Released 2016, August",Yezz C21,,GSM,Up to 180 h,,,Up to 48 kbps,,No,No,,
,TFT,145.5 x 74.8 x 8.9 mm (5.73 x 2.94 x 0.35 in),,https://fdn2.gsmarena.com/vv/bigpic/yezz-andy-5ei3.jpg,,,"4.0, LE",Yes,Mediatek MT6580M (28 nm),No,Dual SIM (Mini-SIM/ Micro-SIM),,,720p@30fps,Yezz,Discontinued,Accelerometer,"480 x 854 pixels, 16:9 ratio (~196 ppi density)",,"Wi-Fi 802.11 a/b/g/n, Wi-Fi Direct",5 MP,,,,microUSB 2.0,Mali-400MP2,8GB 512MB RAM,microSDXC (dedicated slot),"Black, Blue, Red, Gun Metal, White, Silver, Pink",HSDPA 900 / 2100 - AM5E047,,Up to 8 h (3G),Android 6.0 (Marshmallow),Yes,2 MP,,,Quad-core 1.3 GHz Cortex-A7,,,Stereo FM radio,Li-Ion 2000 mAh battery,,GSM 850 / 900 / 1800 / 1900 - SIM 1 & SIM 2,"5.0 inches, 68.9 cm2(~63.3% screen-to-body ratio)",,153 g (5.40 oz),"2016, June. Released 2016, August",Yezz Andy 5EI3 (2016),,GSM / HSPA,Up to 333 h (3G),"LED flash, panorama",,,,GPS,,,HSPA 21.1/5.76 Mbps
HSDPA 850 / 1900 - AM5E3043,TN,145.5 x 74.8 x 8.9 mm (5.73 x 2.94 x 0.35 in),,https://fdn2.gsmarena.com/vv/bigpic/yezz-andy-5E3.jpg,HSDPA 850 / 2100 - AM5E3062,,"4.0, LE",Yes,Mediatek MT6580M (28 nm),No,"Dual SIM (Micro-SIM/ Mini-SIM, dual stand-by)",,,720p@30fps,Yezz,Discontinued,Accelerometer,"480 x 854 pixels, 16:9 ratio (~196 ppi density)",,"Wi-Fi 802.11 a/b/g/n, Wi-Fi Direct",5 MP,,,,microUSB 2.0,Mali-400MP2,8GB 512MB RAM,microSDXC (dedicated slot),"Black, Blue, Red, Gun Metal, White, Silver, Pink",HSDPA 850 / 1700 / 1900 - AM5E054,,Up to 8 h (3G),Android 6.0 (Marshmallow),Yes,2 MP,,,Quad-core 1.3 GHz Cortex-A7,,,FM radio,"Li-Ion 2000 mAh, removable",,GSM 850 / 900 / 1800 / 1900 - SIM 1 & SIM 2,"5.0 inches, 68.9 cm2(~63.3% screen-to-body ratio)",,153 g (5.40 oz),"2016, June. Released 2016, August",Yezz Andy 5E3,,GSM / HSPA,Up to 333 h (3G),,,,,GPS,,,HSPA 21.1/5.76 Mbps
eMMC 4.5,IPS LCD,135.8 x 67.2 x 7.2 mm (5.35 x 2.65 x 0.28 in),,https://fdn2.gsmarena.com/vv/bigpic/yezz-andy-47t.jpg,,,"4.0, A2DP",Yes,Qualcomm MSM8212 Snapdragon 200 (28 nm),No,"Dual SIM (Micro-SIM, dual stand-by)",,,720p@30fps,Yezz,Discontinued,"Accelerometer, proximity, compass","720 x 1280 pixels, 16:9 ratio (~312 ppi density)",,"Wi-Fi 802.11 b/g/n, Wi-Fi Direct, hotspot","8 MP, AF",,,,microUSB 2.0,Adreno 302,8GB 1GB RAM,microSDXC (dedicated slot),"Blue, Red, White",HSDPA 850 / 900 / 1900 / 2100 - SIM 1 & SIM 2,,Up to 16 h (2G) / Up to 7 h 30 min (3G),Android 4.4 (KitKat),Yes,2 MP,,,Quad-core 1.2 GHz Cortex-A7,,,FM radio,"Li-Ion 1780 mAh, removable",,GSM 850 / 900 / 1800 / 1900 - SIM 1 & SIM 2,"4.7 inches, 60.9 cm2(~66.7% screen-to-body ratio)",,120 g (4.23 oz),"2016, April. Released 2016, May",Yezz Andy 4.7T,,GSM / HSPA,Up to 480 h (2G) / Up to 350 h (3G),"LED flash, panorama, HDR",,,Asahi Dragontrail Glass,"GPS, GLONASS",,,HSPA 42.2/11.5 Mbps
,IPS LCD,143 x 70.4 x 8.3 mm (5.63 x 2.77 x 0.33 in),,https://fdn2.gsmarena.com/vv/bigpic/yezz-andy-5m-lte.jpg,,,"4.0, LE",Yes,Mediatek MT6735P (28 nm),No,Dual SIM (Micro-SIM),"2, 4, 7, 17 - AM5ML133",,720p@30fps,Yezz,Discontinued,"Accelerometer, proximity","720 x 1280 pixels, 16:9 ratio (~294 ppi density)",,"Wi-Fi 802.11 b/g/n, Wi-Fi Direct, hotspot",13 MP,,,,microUSB 2.0,Mali-T720MP2,8GB 1GB RAM,microSDXC (dedicated slot),Black,HSDPA 850 / 1900 - AM5ML133,,Up to 13 h 40 min (2G) / Up to 9 h 10 min (3G),Android 5.1 (Lollipop),Yes,5 MP,,,Quad-core 1.0 GHz Cortex-A53,,,Stereo FM radio,"Li-Ion 2200 mAh, removable",,GSM 850 / 900 / 1800 / 1900 - SIM 1 & SIM 2,"5.0 inches, 68.9 cm2(~68.5% screen-to-body ratio)",,142 g (5.01 oz),"2016, January. Released 2016, March",Yezz Andy 5M LTE,,GSM / HSPA / LTE,Up to 220 h (2G) / Up to 183 h (3G),"LED flash, panorama",,,,GPS,,,"HSPA 42.2/11.5 Mbps, LTE Cat4 150/50 Mbps"
No,"TFT, 256K colors",107.4 x 46 x 14.4 mm (4.23 x 1.81 x 0.57 in),"SMS, MMS",https://fdn2.gsmarena.com/vv/bigpic/yezz-cc40.jpg,Video PlayerMusic PlayerOrganizer,,2.1,Yes,,No,Mini-SIM,,,Yes,Yezz,Discontinued,No,128 x 160 pixels (~114 ppi density),Yes,No,VGA,,,,microUSB 2.0,,128MB 64MB RAM,microSDHC (dedicated slot),Black,HSDPA 850 / 1900 - CC40007,,Up to 6 h (2G) / Up to 4 h (3G),,Yes,,,No,,,,Stereo FM radio,"Li-Ion 800 mAh, removable",Yes,GSM 850 / 1900,"1.8 inches, 10.2 cm2(~20.6% screen-to-body ratio)",,82.5 g (2.89 oz),"2016, March. Released 2016, May",Yezz CC40,,GSM / HSPA,Up to 160 h (2G) / Up to 130 h (3G),,,,,No,MIDP 2.0,,HSPA 7.2/5.76 Mbps
,IPS LCD,157.4 x 78 x 9 mm (6.20 x 3.07 x 0.35 in),,https://fdn2.gsmarena.com/vv/bigpic/yezz-andy-55m-lte-vr-.jpg,,,"4.0, LE",Yes,Mediatek MT6735 (28 nm),No,Dual SIM (Micro-SIM),"2, 4, 7, 17 - AM55ML194",,720p@30fps,Yezz,Discontinued,"Accelerometer, gyro, proximity","720 x 1280 pixels, 16:9 ratio (~267 ppi density)",,"Wi-Fi 802.11 b/g/n, Wi-Fi Direct, hotspot",13 MP,,,,microUSB 2.0,Mali-T720,8GB 1GB RAM,microSDXC (dedicated slot),Black,HSDPA 850 / 1900 - AM55ML194,,Up to 17 h 40 min (2G) / Up to 15 h (3G),Android 5.1 (Lollipop),Yes,5 MP,,,Quad-core 1.0 GHz Cortex-A53,,,Stereo FM radio,"Li-Ion 2400 mAh, removable",,GSM 850 / 900 / 1800 / 1900 - SIM 1 & SIM 2,"5.5 inches, 83.4 cm2(~67.9% screen-to-body ratio)",,165 g (5.82 oz),"2016, January. Released 2016, March",Yezz Andy 5.5M LTE VR,,GSM / HSPA / LTE,Up to 240 h (2G) / Up to 200 h (3G),"LED flash, panorama",,,,GPS,,,"HSPA 42.2/11.5 Mbps, LTE Cat4 150/50 Mbps"
Includes VR viewer headset,IPS LCD,152 x 77.9 x 7 mm (5.98 x 3.07 x 0.28 in),,https://fdn2.gsmarena.com/vv/bigpic/yezz-monte-carlo-55vr.jpg,,,"4.0, LE",Yes,Mediatek MT6753 (28 nm),No,Nano-SIM + Micro-SIM,"2, 3, 7, 20 - MCM55TL142",,1080p@30fps,Yezz,Discontinued,"Accelerometer, gyro, proximity, compass","720 x 1280 pixels, 16:9 ratio (~267 ppi density)",,"Wi-Fi 802.11 b/g/n, Wi-Fi Direct, hotspot","20 MP, AF",,,LED flash,"microUSB 2.0, OTG",Mali-T720MP3,8GB 1GB RAM,microSDXC (uses shared SIM slot),Black,HSDPA 850 / 900 / 1900 / 2100 - MCM55TL142,,Up to 22 h 10 min (2G) / Up to 18 h 30 min (3G),Android 5.1 (Lollipop),Yes,8 MP,,,Octa-core 1.3 GHz Cortex-A53,,,Stereo FM radio,"Li-Po 3000 mAh, non-removable",,GSM 850 / 900 / 1800 / 1900 - SIM 1 & SIM 2,"5.5 inches, 83.4 cm2(~70.4% screen-to-body ratio)",,165 g (5.82 oz),"2015, December. Released 2016, March",Yezz Monte Carlo 55 LTE VR,,GSM / HSPA / LTE,Up to 300 h (2G) / Up to 250 h (3G),"LED flash, panorama, HDR",,,,"GPS, GLONASS",,,"HSPA 42.2/11.5 Mbps, LTE Cat4 150/50 Mbps"
,IPS LCD,152 x 77.9 x 7 mm (5.98 x 3.07 x 0.28 in),,https://fdn2.gsmarena.com/vv/bigpic/yezz-monte-carlo-55.jpg,,,"4.0, LE",Yes,Mediatek MT6753 (28 nm),No,Nano-SIM + Micro-SIM,"2, 3, 7, 20 - MCM55TL142",,1080p@30fps,Yezz,Discontinued,"Accelerometer, gyro, proximity, compass","720 x 1280 pixels, 16:9 ratio (~267 ppi density)",,"Wi-Fi 802.11 b/g/n, Wi-Fi Direct, hotspot","20 MP, AF",,,LED flash,"microUSB 2.0, OTG",Mali-T720MP3,8GB 1GB RAM,microSDXC (uses shared SIM slot),Black,HSDPA 850 / 900 / 1900 / 2100 - MCM55TL142,,Up to 22 h 10 min (2G) / Up to 18 h 30 min (3G),Android 5.1 (Lollipop),Yes,8 MP,,,Octa-core 1.3 GHz Cortex-A53,,,Stereo FM radio,"Li-Po 3000 mAh, non-removable",,GSM 850 / 900 / 1800 / 1900 - SIM 1 & SIM 2,"5.5 inches, 83.4 cm2(~70.4% screen-to-body ratio)",,165 g (5.82 oz),"2015, December. Released 2016, March",Yezz Monte Carlo 55 LTE,,GSM / HSPA / LTE,Up to 300 h (2G) / Up to 250 h (3G),"LED flash, panorama, HDR",,,,GPS,,,"HSPA 42.2/11.5 Mbps, LTE Cat4 150/50 Mbps"
No,"TFT, 256K colors",112 x 48.5 x 12.6 mm (4.41 x 1.91 x 0.50 in),SMS,https://fdn2.gsmarena.com/vv/bigpic/yezz-c23a.jpg,Video PlayerMusic PlayerOrganizer,,2.1,Yes,,No,Dual SIM (Mini-SIM),,No,Yes,Yezz,Discontinued,,128 x 160 pixels (~114 ppi density),Yes,No,VGA,,,,microUSB 2.0,,4MB 4MB RAM,microSDHC,"Black, Blue, Fushsia, Gold, Green, Red, Silver, White",,,Up to 4 h,,Yes,,,No,,,,Stereo FM radio,"Li-Ion 600 mAh, removable",Yes,GSM 850 / 900 / 1800 / 1900 - SIM 1 & SIM 2 - CM22B003,"1.8 inches, 10.2 cm2(~18.8% screen-to-body ratio)",,81 g (2.86 oz),"2015, November. Released 2016, February",Yezz Classic C23A,,GSM,Up to 200 h,,,Yes,,No,No,,
,TFT,121 x 64.6 x 10.7 mm (4.76 x 2.54 x 0.42 in),,https://fdn2.gsmarena.com/vv/bigpic/andy-4E3I.jpg,,,"4.0, LE",Yes,Mediatek MT6572A,No,"Dual SIM, (Mini-SIM)",,,720p@30fps,Yezz,Discontinued,Accelerometer,"480 x 800 pixels, 5:3 ratio (~233 ppi density)",,"Wi-Fi 802.11 b/g/n, Wi-Fi Direct, hotspot",5 MP,,,,microUSB 2.0,Mali-400,4GB 512MB RAM,microSDXC (dedicated slot),Black,HSDPA 850 / 1900 - AM4E3I043,,Up to 10 h 30 min (2G) / Up to 8 h 40 min (3G),Android 4.4 (KitKat),Yes,1.3 MP,,,Dual-core 1.3 GHz Cortex-A7,,,Stereo FM radio,"Li-Ion 1400 mAh, removable",,GSM 850 / 900 / 1800 / 1900 - SIM 1 & SIM 2,"4.0 inches, 45.5 cm2(~58.3% screen-to-body ratio)",,116.9 g (4.13 oz),"2015, December. Released 2016, March",Yezz Andy 4E3I,,GSM / HSPA,Up to 280 h (2G) / Up to 232 h (3G),"LED flash, panorama",,,,GPS,,,HSPA 21.1/5.76 Mbps
HSDPA 850 / 1900 - AM5E3I043,TFT,145.5 x 75.3 x 9 mm (5.73 x 2.96 x 0.35 in),,https://fdn2.gsmarena.com/vv/bigpic/yezz-andy-5e2i.jpg,,,"4.0, LE",Yes,Mediatek MT6572M (28 nm),No,Dual SIM,,,Yes,Yezz,Discontinued,"Accelerometer, proximity","480 x 854 pixels, 16:9 ratio (~196 ppi density)",,"Wi-Fi 802.11 b/g/n, hotspot",5 MP,,,,microUSB 2.0,Mali-400,4GB 512MB RAM,microSDXC (dedicated slot),"Black, Cool Gray",HSDPA 900 / 2100 - AM5E3I047,,Up to 12 h (3G),Android 5.1 (Lollipop),Yes,1.3 MP,,,Dual-core 1.0 GHz Cortex-A7,,,FM radio,"Li-Ion 2000 mAh, removable",,GSM 900 / 1800 / 1900 - SIM 1 & SIM 2,"5.0 inches, 68.9 cm2(~62.9% screen-to-body ratio)",,104 g (3.67 oz),"2015, October. Released 2015, November",Yezz Andy 5E2I,,GSM / HSPA,Up to 230 h (3G),Panorama,,,,GPS,,,HSPA 21.1/5.76 Mbps
HSDPA 850 / 1900 - AM4E2I043,"TFT, 256K colors",121 x 64 x 10.7 mm (4.76 x 2.52 x 0.42 in),,https://fdn2.gsmarena.com/vv/bigpic/yezz-andy-4ei2.jpg,,,"4.0, A2DP",Yes,Mediatek MT6572M (28 nm),No,Dual SIM,,,Yes,Yezz,Discontinued,Accelerometer,"480 x 800 pixels, 5:3 ratio (~233 ppi density)",,"Wi-Fi 802.11 b/g/n, hotspot",5 MP,,,,microUSB 2.0,Mali-400,4GB 512MB RAM,microSDXC (dedicated slot),"Black, Red, Silver, White, Blue, Gold",HSDPA 900 / 2100 - AM4E2I047,,Up to 8 h (3G),Android 4.4 (KitKat),Yes,1.3 MP,,,Dual-core 1.0 GHz Cortex-A7,,,FM radio,"Li-Ion 1400 mAh, removable",,GSM 900 / 1800 / 1900 - SIM 1 & SIM 2,"4.0 inches, 45.5 cm2(~58.8% screen-to-body ratio)",,110 g (3.88 oz),"2015, October. Released 2015, November",Yezz Andy 4EI2,,GSM / HSPA,Up to 232 h (3G),Panorama,,,,GPS,,,HSPA 21.1/5.76 Mbps
HSDPA 850 / 1900 - AM35E2I043,"TFT, 256K colors",111.5 x 62.8 x 10.7 mm (4.39 x 2.47 x 0.42 in),,https://fdn2.gsmarena.com/vv/bigpic/yezz-andy-35ei2.jpg,,,"4.0, A2DP",Yes,Mediatek MT6572M (28 nm),No,Dual SIM,,,Yes,Yezz,Discontinued,Accelerometer,"320 x 480 pixels, 3:2 ratio (~165 ppi density)",,"Wi-Fi 802.11 b/g/n, hotspot",2 MP,,,,microUSB 2.0,Mali-400,4GB 512MB RAM,microSDXC (dedicated slot),"Black, Red, Silver, White, Blue, Gold",HSDPA 900 / 2100 - AM35E2I047,,Up to 8 h (3G),Android 4.4 (KitKat),Yes,1.3 MP,,,Dual-core 1.0 GHz Cortex-A7,,,FM radio,"Li-Ion 1300 mAh, removable",,GSM 900 / 1800 / 1900 - SIM 1 & SIM 2,"3.5 inches, 36.5 cm2(~52.1% screen-to-body ratio)",,74 g (2.61 oz),"2015, October. Released 2015, November",Yezz Andy 3.5EI2,,GSM / HSPA,Up to 217 h (3G),Panorama,,,,GPS,,,HSPA 21.1/5.76 Mbps
HSDPA 850 / 1900 - AM6EL133,IPS LCD,166 x 85.6 x 7.5 mm (6.54 x 3.37 x 0.30 in),,https://fdn2.gsmarena.com/vv/bigpic/yezz-andy-6el-lte.jpg,LTE 800 / 1800 / 2600 - AM6EL137,,"4.0, LE",Yes,Mediatek MT6735A,No,Hybrid Dual SIM,LTE 700 / 1700 / 2600 -  AM6EL133,,1080p@30fps,Yezz,Discontinued,"Accelerometer, proximity","720 x 1280 pixels, 16:9 ratio (~245 ppi density)",,"Wi-Fi 802.11 b/g/n, hotspot","8 MP, AF",,,,microUSB 2.0,Mali-T720MP2,8GB 1GB RAM,microSDXC (uses shared SIM slot),"Black, White",HSDPA 900 / 2100 - AM6EL137,,Up to 18 h (3G),Android 5.1 (Lollipop),Yes,2 MP,,,Quad-core 1.3 GHz Cortex-A53,,,Stereo FM radio,"Li-Po 2900 mAh, removable",,GSM 850 / 900 / 1800 / 1900 - SIM 1 & SIM 2,"6.0 inches, 99.2 cm2(~69.8% screen-to-body ratio)",,131 g (4.62 oz),"2015, October. Released 2015, November",Yezz Andy 6EL LTE,,GSM / HSPA / LTE,Up to 480 h (3G),"LED flash, HDR",,,,GPS,,,"HSPA 42.2/11.5 Mbps, LTE Cat4 150/50 Mbps"
,TFT,143.7 x 72.8 x 9.4 mm (5.66 x 2.87 x 0.37 in),,https://fdn2.gsmarena.com/vv/bigpic/yezz-andy-5e-lte.jpg,,,"4.0, LE",Yes,Mediatek MT6735M (28 nm),No,Dual SIM (Mini-SIM/ Micro-SIM),LTE 700 / 1800 / 1900 - AM5EL151,,Yes,Yezz,Discontinued,"Accelerometer, proximity","480 x 854 pixels, 16:9 ratio (~196 ppi density)",,"Wi-Fi 802.11 a/b/g/n, hotspot","8 MP, AF",,,,microUSB 2.0,Mali-T720MP2,8GB 1GB RAM,microSDXC (dedicated slot),"Black, White",HSDPA 850 / 1900 - AM5EL151,,Up to 12 h (3G),Android 5.1 (Lollipop),Yes,2 MP,,,Quad-core 1.0 GHz Cortex-A53,,,Stereo FM radio,"Li-Ion 2100 mAh, removable",,GSM 850 / 1800 / 1900 - SIM 1 & SIM 2,"5.0 inches, 68.9 cm2(~65.9% screen-to-body ratio)",,158 g (5.57 oz),"2015, September. Released 2015, November",Yezz Andy 5E LTE,,GSM / HSPA / LTE,Up to 300 h (3G),"LED flash, HDR",,,,GPS,,,"HSPA 42.2/11.5 Mbps, LTE Cat4 150/50 Mbps"
,TFT,143.7 x 72.8 x 9.4 mm (5.66 x 2.87 x 0.37 in),,https://fdn2.gsmarena.com/vv/bigpic/yezz-andy-c5e-lte.jpg,,,"4.0, A2DP, LE",Yes,Mediatek MT6735M (28 nm),No,Micro-SIM,LTE 700 / 1800 / 1900 - AC5EL191,,Yes,Yezz,Discontinued,"Accelerometer, proximity","480 x 854 pixels, 16:9 ratio (~196 ppi density)",,"Wi-Fi 802.11 a/b/g/n, hotspot","8 MP, AF",,,,microUSB 2.0,Mali-T720MP2,8GB 1GB RAM,microSDXC (dedicated slot),Black,HSDPA 850 / 1900 - AC5EL191,,Up to 12 h (3G),Android 5.1 (Lollipop),Yes,2 MP,,,Quad-core 1.0 GHz Cortex-A53,,,Stereo FM radio,"Li-Ion 2100 mAh, removable",,GSM 850 / 1800 / 1900,"5.0 inches, 68.9 cm2(~65.9% screen-to-body ratio)",,158 g (5.57 oz),"2015, September. Released 2015, November",Yezz Andy C5E LTE,,GSM / HSPA / LTE,Up to 350 h (3G),"LED flash, HDR",,,,GPS,,,"HSPA 42.2/11.5 Mbps, LTE Cat4 150/50 Mbps"
HSDPA 850 / 1900 - AM5EI3043,TFT,145.5 x 75.3 x 9 mm (5.73 x 2.96 x 0.35 in),,https://fdn2.gsmarena.com/vv/bigpic/yezz-andy-5ei3.jpg,,,"4.0, LE",Yes,Mediatek MT6572M (28 nm),No,Dual SIM (Mini-SIM/ Micro-SIM),,,480p@30fps,Yezz,Discontinued,Accelerometer,"480 x 854 pixels, 16:9 ratio (~196 ppi density)",,"Wi-Fi 802.11 b/g/n, hotspot",5 MP,,,,microUSB 2.0,Mali-400,4GB 512MB RAM,microSDXC (dedicated slot),"Black, White, Red, Champagne Gold",HSDPA 900 / 2100 - AM5EI3047,,Up to 12 h (3G),Android 5.1 (Lollipop),Yes,1.3 MP,,,Dual-core 1.0 GHz Cortex-A7,,,Stereo FM radio,"Li-Ion 2000 mAh, removable",,GSM 850 / 900 / 1800 / 1900 - SIM 1 & SIM 2,"5.0 inches, 68.9 cm2(~62.9% screen-to-body ratio)",,104 g (3.67 oz),"2015, September. Released 2015, October",Yezz Andy 5EI3,,GSM / HSPA,Up to 230 h (3G),LED flash,,,,GPS,,,HSPA 21.1/5.76 Mbps
HSDPA 850 / 1900 - AM4E2L133,TFT,127 x 64.5 x 10.5 mm (5.0 x 2.54 x 0.41 in),,https://fdn2.gsmarena.com/vv/bigpic/yezz-andy-4el2-lte.jpg,LTE 800 / 1800 / 2600 - AM4E2L137,,"4.0, LE",Yes,Mediatek MT6735M (28 nm),No,Dual SIM (Mini-SIM/ Micro-SIM),LTE 700 / 1700 / 2600 - AM4E2L133,,1080p@30fps,Yezz,Discontinued,"Accelerometer, proximity","480 x 800 pixels, 5:3 ratio (~233 ppi density)",,"Wi-Fi 802.11 b/g/n, hotspot","5 MP, AF",,,,microUSB 2.0,Mali-T720MP2,8GB 1GB RAM,microSDXC (dedicated slot),"Black, White",HSDPA 900 / 2100 - AM4E2L137,,Up to 10 h (3G),Android 5.1 (Lollipop),Yes,1.3 MP,,,Quad-core 1.0 GHz Cortex-A53,,,Stereo FM radio,"Li-Ion 1600 mAh, removable",,GSM 850 / 900 / 1800 / 1900 - SIM 1 & SIM 2,"4.0 inches, 45.5 cm2(~55.6% screen-to-body ratio)",,120 g (4.23 oz),"2015, June. Released 2015, September",Yezz Andy 4EL2 LTE,,GSM / HSPA / LTE,Up to 266 h (3G),"LED flash, HDR",,,,GPS,,,"HSPA 42.2/11.5 Mbps, LTE Cat4 150/50 Mbps"
FlashlightSOS button,"TFT, 65K colors",100.5 x 50.5 x 17.8 mm (3.96 x 1.99 x 0.70 in),SMS,https://fdn2.gsmarena.com/vv/bigpic/yezz-z51.jpg,No,,"3.0, EDR",Yes,,No,Dual SIM (Mini-SIM),,No,Yes,Yezz,Discontinued,,"240 x 320 pixels, 4:3 ratio (~308 ppi density)",300 entries,No,1.3 MP,,,,microUSB,,8MB 8MB,microSDHC,"Black, White",,,Up to 5 h,,Yes,,,No,,,,Stereo FM radio; built in antenna,"Li-Ion 800 mAh, removable",Yes,GSM 850 / 900 / 1800 / 1900 - SIM 1 & SIM 2 - ZM51003,"1.3 inches, 5.2 cm2(~10.3% screen-to-body ratio)",Charging dock,86 g (3.03 oz),"2015, July. Released 2015, September",Yezz Classic Z51,,GSM,Up to 130 h,LED flash,Music/Video playerOrganizerCalendarCalculatorVoice memo,Yes,,No,No,,
HSDPA 850 / 1900 - AM5EL133,TFT,143.7 x 72.8 x 9.4 mm (5.66 x 2.87 x 0.37 in),,https://fdn2.gsmarena.com/vv/bigpic/yezz-andy-5el-lte.jpg,LTE 800 / 1800 / 2600 - AM5EL137,,"4.0, LE",Yes,Mediatek MT6735M (28 nm),No,Dual SIM (Mini-SIM/ Micro-SIM),LTE 700 / 1700 / 2600 -  AM5EL133,,1080p@30fps,Yezz,Discontinued,"Accelerometer, proximity","480 x 854 pixels, 16:9 ratio (~196 ppi density)",,"Wi-Fi 802.11 a/b/g/n, hotspot","5 MP, AF",,,,microUSB 2.0,Mali-T720MP2,8GB 1GB RAM,microSDXC (dedicated slot),"Black, White",HSDPA 900 / 2100 - AM5EL137,,Up to 12 h (3G),Android 5.1 (Lollipop),Yes,1.3 MP,,,Quad-core 1.0 GHz Cortex-A53,,,Stereo FM radio,"Li-Ion 2100 mAh, removable",,GSM 850 / 900 / 1800 / 1900 - SIM 1 & SIM 2,"5.0 inches, 68.9 cm2(~65.9% screen-to-body ratio)",,158 g (5.57 oz),"2015, June. Released 2015, July",Yezz Andy 5EL LTE,,GSM / HSPA / LTE,Up to 350 h (3G),"LED flash, HDR",,,,GPS,,,"HSPA 42.2/11.5 Mbps, LTE Cat4 150/50 Mbps"
HSDPA 850 / 1900 - AM45EL133,TFT,132.8 x 66 x 10.9 mm (5.23 x 2.60 x 0.43 in),,https://fdn2.gsmarena.com/vv/bigpic/yezz-andy-45el-lte.jpg,LTE 800 / 1800 / 2600 - AM45EL137,,"4.1, LE",Yes,Mediatek MT6735M (28 nm),No,Dual SIM (Mini-SIM/ Micro-SIM),LTE 700 / 1700 / 2600 -  AM45EL133,,1080p@30fps,Yezz,Discontinued,"Accelerometer, proximity","480 x 854 pixels, 16:9 ratio (~218 ppi density)",,"Wi-Fi 802.11 a/b/g/n, hotspot","5 MP, AF",,,,microUSB 2.0,Mali-T720MP2,8GB 1GB RAM,microSDXC (dedicated slot),"Black, White",HSDPA 900 / 2100 - AM45EL137,,Up to 13 h (3G),Android 5.1 (Lollipop),Yes,1.3 MP,,,Quad-core 1.0 GHz Cortex-A53,,,Stereo FM radio,"Li-Ion 2000 mAh, removable",,GSM 850 / 900 / 1800 / 1900 - SIM 1 & SIM 2,"4.5 inches, 55.8 cm2(~63.7% screen-to-body ratio)",,146 g (5.15 oz),"2015, June. Released 2015, July",Yezz Andy 4.5EL LTE,,GSM / HSPA / LTE,Up to 333 h (3G),LED flash,,,,GPS,,,"HSPA 42.2/11.5 Mbps, LTE Cat4 150/50 Mbps"
HSDPA 900 / 2100 - AM35E3I083,"TFT, 256K colors",117.8 x 63 x 11.7 mm (4.64 x 2.48 x 0.46 in),,https://fdn2.gsmarena.com/vv/bigpic/yezz-andy-35-ei3.jpg,,,"2.1, EDR",Yes,Spreadtrum 7715,No,Dual SIM (Mini-SIM/ Micro-SIM),,,480p@30fps,Yezz,Discontinued,Accelerometer,"320 x 480 pixels, 3:2 ratio (~165 ppi density)",,"Wi-Fi 802.11 a/b/g/n, hotspot","2 MP, AF",,,,microUSB 2.0,Mali-400,4GB 512MB RAM,microSDXC (dedicated slot),"Black, Red, White, Blue, Fuchsia",HSDPA 850 / 1900 - AM35E3I079,,Up to 3 h 30 min (3G),Android 4.4 (KitKat),Yes,1.3 MP,,,1.0 GHz Cortex-A7,,,Stereo FM radio,"Li-Ion 1100 mAh, removable",,GSM 900 / 1800 / 1900 - SIM 1 & SIM 2,"3.5 inches, 36.5 cm2(~49.2% screen-to-body ratio)",,98 g (3.46 oz),"2015, June. Released 2015, July",Yezz Andy 3.5EI3,,GSM / HSPA,Up to 171 h (3G),"LED flash, HDR",,,,A-GPS only,,,HSPA 21.1/5.76 Mbps
HSDPA 900 / 2100 - CM60047,"TFT, 256K colors",118 x 50.4 x 12.6 mm (4.65 x 1.98 x 0.50 in),"SMS, MMS, Email",https://fdn2.gsmarena.com/vv/bigpic/yezz-c60.jpg,No,,"2.1, EDR",No,,No,Dual SIM (Mini-SIM),,,Yes,Yezz,Discontinued,,"240 x 320 pixels, 4:3 ratio (~167 ppi density)",Yes,No,1.3 MP,,,,microUSB 2.0,,128MB 64MB,microSDHC,Black,HSDPA 850 / 1900 - CM60043,,Up to 6 h,,Yes,,,No,,,,Stereo FM radio,"Li-Ion 1000 mAh, removable",Yes,GSM 850 / 900 / 1800 / 1900 - SIM 1 & SIM 2,"2.4 inches, 17.8 cm2(~30.0% screen-to-body ratio)",,80 g without battery (2.82 oz),"2015, March. Released 2015, May",Yezz Classic C60,,GSM / HSPA,Up to 167 h,,Music/Video playerOrganizerCalendarCalculatorVoice memo,,,No,No,,HSPA 7.2/0.384 Mbps
HSDPA 850 / 1900 - AM4EI133,TFT,126 x 64 x 10.8 mm (4.96 x 2.52 x 0.43 in),,https://fdn2.gsmarena.com/vv/bigpic/yezz-andy-4e-lte.jpg,"1, 3, 7, 8, 20 - AM4EI137",,"4.0, A2DP",Yes,Mediatek MT6732M (28 nm),No,Dual SIM (Micro-SIM),"4, 7, 17 - AM4EI133",,720p@30fps,Yezz,Discontinued,"Accelerometer, proximity","480 x 800 pixels, 5:3 ratio (~233 ppi density)",,"Wi-Fi 802.11 b/g/n, hotspot",5 MP,,,,microUSB 2.0,Mali-T760MP2,4GB 512MB RAM,microSDXC (dedicated slot),Black,HSDPA 900 / 2100 - AM4EI137,,Up to 20 h (2G) / Up to 9 h (3G),Android 4.4 (KitKat),Yes,1.3 MP,,,Quad-core 1.3 GHz Cortex-A53,,,Stereo FM radio,"Li-Ion 1450 mAh, removable",,GSM 850 / 900 / 1800 / 1900 - SIM 1 & SIM 2,"4.0 inches, 45.5 cm2(~56.5% screen-to-body ratio)",,127 g (4.48 oz),"2015, January. Released 2015, March",Yezz Andy 4E LTE,,GSM / HSPA / LTE,Up to 290 h (2G) / Up to 242 h (3G),LED flash,,,,"GPS, GLONASS",,,"HSPA, LTE"
HSDPA 850 / 1900 - AM4E2I043,"TFT, 256K colors",121 x 64.6 x 10.7 mm (4.76 x 2.54 x 0.42 in),,https://fdn2.gsmarena.com/vv/bigpic/yezz-4E2I.jpg,HSDPA 850 / 1700(AWS) / 1900 - AM4E2I054,,"4.0, A2DP",Yes,Mediatek MT6572M (28 nm),No,Dual SIM (Mini-SIM/ Micro-SIM),,,480p@30fps,Yezz,Discontinued,Accelerometer,"480 x 800 pixels, 5:3 ratio (~233 ppi density)",,"Wi-Fi 802.11 a/b/g/n, dual-band, hotspot",5 MP,,,,microUSB 2.0,Mali-400,4GB 512MB RAM,microSDXC (dedicated slot),"Black, White, Red, Blue, Yellow",HSDPA 900 / 2100 - AM4E2I047,,Up to 18 h (2G) / Up to 9 h (3G),Android 4.4 (KitKat),Yes,1.3 MP,,,Dual-core 1.0 GHz Cortex-A7,,,Stereo FM radio,"Li-Ion 1400 mAh, removable",,GSM 850 / 900 / 1800 / 1900 - SIM 1 & SIM 2,"4.0 inches, 45.5 cm2(~58.3% screen-to-body ratio)",,110 g (3.88 oz),"2015, January. Released 2015, March",Yezz Andy 4E2I,,GSM / HSPA,Up to 280 h (2G) / Up to 232 h (3G),"LED flash, panorama",,,,GPS,,,HSPA 21.1/5.76 Mbps
HSDPA 900 / 2100 - AM35E2I047,"LCD, 256K colors",115.5 x 62.8 x 10.7 mm (4.55 x 2.47 x 0.42 in),,https://fdn2.gsmarena.com/vv/bigpic/yezz-35E2I.jpg,HSDPA 850 / 1700(AWS) / 1900 - AM35E2I054,,"4.0, A2DP",Yes,Mediatek MT6572M (28 nm),No,Dual SIM (Mini-SIM/ Micro-SIM),,,480p@30fps,Yezz,Discontinued,Accelerometer,"320 x 480 pixels, 3:2 ratio (~165 ppi density)",,"Wi-Fi 802.11 b/g/n, hotspot",5 MP,,,,microUSB 2.0,Mali-400,4GB 512MB RAM,microSDXC (dedicated slot),"Black, White, Blue, Green, Orange",UMTS 850 / 1900 - AM35E2I043,,Up to 18 h (2G) / Up to 8 h (3G),Android 4.4 (KitKat),Yes,1.3 MP,,,Dual-core 1.0 GHz Cortex-A7,,,Stereo FM radio,"Li-Ion 1300 mAh, removable",,GSM 850 / 900 / 1800 / 1900 - SIM 1 & SIM 2,"3.5 inches, 36.5 cm2(~50.3% screen-to-body ratio)",,102 g (3.60 oz),"2015, February. Released 2015, March",Yezz Andy 3.5E2I,,GSM / UMTS / HSPA,Up to 260 h (2G) / Up to 217 h (3G),"LED flash, panorama",,,,GPS,,,HSPA 21.1/5.76 Mbps
No,"TFT, 256K colors",100.9 x 51.8 x 21.5 mm (3.97 x 2.04 x 0.85 in),SMS,https://fdn2.gsmarena.com/vv/bigpic/yezz-z50.jpg,Video PlayerMusic PlayerOrganizerVoice memoWhatsapp,,"2.1, EDR",No,,No,Dual SIM (Mini-SIM),,No,Yes,Yezz,Discontinued,,"240 x 320 pixels, 4:3 ratio (~167 ppi density)",300 entries,No,2 MP,,,,microUSB,,8MB 8MB,No,"Black, White",,,Up to 7 h 30 min,,Yes,,,No,,,,Stereo FM radio; built-in antenna,"Li-Ion 950 mAh, removable",Yes,GSM 850 / 900 / 1800 / 1900 - SIM 1 & SIM 2 - ZM50003,"2.4 inches, 17.8 cm2(~34.1% screen-to-body ratio)",Charging dock,120 g (4.23 oz),"2014, November. Released 2015, January",Yezz Z50,,GSM,Up to 190 h,LED flash,,Yes,,No,No,,
FlashlightSOS button,"TFT, 256K colors",112 x 51.5 x 13.7 mm (4.41 x 2.03 x 0.54 in),SMS,https://fdn2.gsmarena.com/vv/bigpic/yezz-zc20.jpg,No,,No,Yes,,No,Mini-SIM,,No,,Yezz,Discontinued,,128 x 160 pixels (~114 ppi density),Yes,No,,,,,microUSB,,4MB 4MB,microSDHC (dedicated slot),"White, Blue",,,Up to 4 h 30 min,,Yes,,,No,,,,Stereo FM radio; built-in antenna,"Li-Ion 600 mAh, removable",Yes,GSM 850 / 900 / 1800 / 1900,"1.8 inches, 10.2 cm2(~17.7% screen-to-body ratio)",Charging dock,53 g without battery (1.87 oz),"2014, November. Released 2015, January",Yezz ZC20,,GSM,Up to 120 h,,Video PlayerMusic PlayerOrganizerVoice memo,No,,No,No,,
HSDPA 850 / 1900,IPS LCD,-,,https://fdn2.gsmarena.com/vv/bigpic/yess-billy-5s-lte.jpg,LTE 700 / 1700 / 2600,,"4.0, A2DP",Yes,Qualcomm MSM8916 Snapdragon 410 (28 nm)Qualcomm MSM8926 Snapdragon 400 (28 nm),No,Dual SIM,"3, 7, 20",,Yes,Yezz,Discontinued,"Accelerometer, proximity, compass","720 x 1280 pixels, 16:9 ratio (~294 ppi density)",,Wi-Fi 802.11 b/g/n,"13 MP, AF",,,,microUSB 2.0,Adreno 306Adreno 305,8GB 1GB RAM,microSDXC (dedicated slot),Black,HSDPA 1900 / 2100,,,Microsoft Windows 10Microsoft Windows Phone 8.1,Yes,5 MP,,,Quad-core 1.2 GHz Cortex-A53Quad-core 1.2 GHz Cortex-A7,,,FM radio,"Li-Ion, removable",,GSM 850 / 900 / 1800 / 1900 - SIM 1 & SIM 2,"5.0 inches, 68.9 cm2",,-,"2015, January. Released 2015, February",Yezz Billy 5S LTE,,GSM / HSPA / LTE,,"LED flash, panorama, HDR",eMMC 4.5,,,"GPS, GLONASS",,,"HSPA, LTE"
HSDPA 900 / 2100 - AC5ML047,IPS LCD,144.2 x 73.2 x 9.3 mm (5.68 x 2.88 x 0.37 in),,https://fdn2.gsmarena.com/vv/bigpic/yezz-andy-c5ml.jpg,,,"4.0, A2DP",Yes,Mediatek MT6582M (28 nm),No,Mini-SIM,,,720p@30fps,Yezz,Discontinued,"Accelerometer, proximity","540 x 960 pixels, 16:9 ratio (~220 ppi density)",,"Wi-Fi 802.11 a/b/g/n, dual-band, hotspot","13 MP, AF",,,,microUSB 2.0,Mali-400MP2,8GB 1GB RAM,microSDXC (dedicated slot),"Black, White, Red",HSDPA 850 / 1900 - AC5ML043,,Up to 16 h (2G) / Up to 10 h (3G),Android 4.4.2 (KitKat),Yes,5 MP,,,Quad-core 1.3 GHz Cortex-A7,,,Stereo FM radio,"Li-Po 2020 mAh, removable",,GSM 850 / 900 / 1800 / 1900,"5.0 inches, 68.9 cm2(~65.3% screen-to-body ratio)",,180 g (6.35 oz),"2014, October. Released 2014, November",Yezz Andy C5ML,,GSM / HSPA,Up to 480 h (2G) / Up to 350 h (3G),"LED flash, HDR",,,,GPS,,,HSPA 21.1/5.76 Mbps
HSDPA 900 / 2100 - AC5QL137,IPS LCD,144.2 x 73.2 x 9.3 mm (5.68 x 2.88 x 0.37 in),,https://fdn2.gsmarena.com/vv/bigpic/yezz-andy-c5ql.jpg,LTE 800 / 1800 / 2600 - AC5QL137,,"4.0, A2DP",Yes,Mediatek MT6582M (28 nm),No,Mini-SIM,LTE 700 / 1700 / 2600 - AC5QL133,,720p@30fps,Yezz,Discontinued,"Accelerometer, proximity","540 x 960 pixels, 16:9 ratio (~220 ppi density)",,"Wi-Fi 802.11 a/b/g/n, dual-band, hotspot","13 MP, AF",,,,microUSB 2.0,Mali-400MP2,8GB 1GB RAM,microSDXC (dedicated slot),"Black, White, Red",HSDPA 850 / 1900 - AC5QL133,,Up to 16 h (2G) / Up to 10 h (3G),Android 4.4.2 (KitKat),Yes,5 MP,,,Quad-core 1.3 GHz Cortex-A7,,,Stereo FM radio,"Li-Ion 2020 mAh, removable",,GSM 850 / 1900 / 900,"5.0 inches, 68.9 cm2(~65.3% screen-to-body ratio)",,180 g (6.35 oz),"2014, October. Released 2014, December",Yezz Andy C5QL,,GSM / HSPA / LTE,Up to 480 h (2G) / Up to 350 h (3G),"LED flash, HDR",,,,GPS,,,"HSPA 21.1/5.76 Mbps, LTE Cat4 150/50 Mbps"
Flashlight,"TFT, 256K colors",87 x 46 x 18 mm (3.43 x 1.81 x 0.71 in),"SMS, IM",https://fdn2.gsmarena.com/vv/bigpic/yezz-C50.jpg,No,,2.0,No,,No,Dual SIM (Mini-SIM),,No,Yes,Yezz,Discontinued,,128 x 160 pixels (~114 ppi density),Yes,No,VGA,,,,microUSB,,32Mb 32Mb RAM,microSDHC,"Red, Blue, Fuchsia, White, Black",,,Up to 4 h,,Yes,,,Yes,,,,Stereo FM radio,"Li-Ion 650 mAh, removable",Yes,GSM 850 / 900 / 1800 / 1900 - SIM 1 & SIM 2 - CC50003,"1.8 inches, 10.2 cm2(~25.5% screen-to-body ratio)",,71 g without battery (2.50 oz),"2014, October. Released 2014, November",Yezz Classic C50,,GSM,Up to 200 h,,Video PlayerMusic PlayerOrganizerVoice memoWhatsapp,Up to 48 kbps,,No,No,,
No,"TFT, 256K colors",106.5 x 45 x 14 mm (4.19 x 1.77 x 0.55 in),"SMS, IM",https://fdn2.gsmarena.com/vv/bigpic/yezz-C221.jpg,Video PlayerMusic PlayerOrganizerWhatsapp,,2.0,No,,No,Dual SIM (Mini-SIM),,No,No,Yezz,Discontinued,,128 x 160 pixels (~114 ppi density),Yes,No,VGA,,,,microUSB,,32Mb 32Mb RAM,microSDHC,"Blue, Red, White, Black, Fuchsia",,,Up to 4 h,,Yes,,,No,,,,Stereo FM radio,"Li-Ion 600 mAh, removable",Yes,GSM 850 / 900 / 1800 / 1900 - SIM 1 & SIM 2 - CM22B003,"1.8 inches, 10.2 cm2(~21.3% screen-to-body ratio)",,73 g without battery (2.57 oz),"2014, October. Released 2014, November",Yezz Classic C22,,GSM,Up to 200 h,,,Up to 48 kbps,,No,No,,
No,"TFT, 256K colors",106 x 45 x 14.5 mm (4.17 x 1.77 x 0.57 in),"SMS, IM",https://fdn2.gsmarena.com/vv/bigpic/yezz-C21A-.jpg,Video PlayerMusic PlayerOrganizerWhatsapp,,2.0,No,,No,Dual SIM (Mini-SIM),,No,No,Yezz,Discontinued,,128 x 160 pixels (~114 ppi density),Yes,No,VGA,,,,microUSB,,32Mb 32Mb RAM,microSDHC,"Black, White, Blue, Green, Purple, Red, Fuchsia",,,Up to 4 h,,Yes,,,No,,,,Stereo FM radio,"Li-Ion 600 mAh, removable",Yes,GSM 850 / 900 / 1800 / 1900 - SIM 1 & SIM 2 - CM21A003,"1.8 inches, 10.2 cm2(~21.4% screen-to-body ratio)",,73 g without battery (2.57 oz),"2013, March. Released 2013, April",Yezz Classic C21A,,GSM,Up to 200 h,,,Up to 48 kbps,,No,No,,
eMMC 4.5,IPS LCD,135.8 x 67.2 x 8.1 mm (5.35 x 2.65 x 0.32 in),,https://fdn2.gsmarena.com/vv/bigpic/yezz-monaco-471.jpg,,,"4.0, A2DP",Yes,Qualcomm MSM8212 Snapdragon 200 (28 nm),No,Dual SIM (Micro-SIM),,,720p@30fps,Yezz,Discontinued,"Accelerometer, proximity, compass","720 x 1280 pixels, 16:9 ratio (~312 ppi density)",,"Wi-Fi 802.11 a/b/g/n, dual-band, hotspot","13 MP, AF",,,,microUSB 2.0,Adreno 302,8GB 1GB RAM,microSDXC (dedicated slot),"Red, White, Dark Gray",HSDPA 850 / 900 / 1900 / 2100 - SIM 1,,Up to 16 h (2G) / Up to 7 h 30 min (3G),Microsoft Windows Phone 8.1,Yes,5 MP,,,Quad-core 1.2 GHz Cortex-A7,,,Stereo FM radio,"Li-Ion 1750 mAh, removable",,GSM 850 / 900 / 1800 / 1900 - SIM 1 & SIM 2,"4.7 inches, 60.9 cm2(~66.7% screen-to-body ratio)",,120 g (4.23 oz),"2014, June. Released 2014, October",Yezz Monaco 47,,GSM / HSPA,Up to 480 h (2G) / Up to 350 h (3G),"LED flash, panorama, HDR",,,Asahi Dragontrail Glass,"GPS, GLONASS",,,HSPA 42.2/5.76 Mbps
HSDPA 900 / 2100 - SIM 1 & SIM 2 - B4MI047,TFT,122.5 x 64.4 x 9.9 mm (4.82 x 2.54 x 0.39 in),,https://fdn2.gsmarena.com/vv/bigpic/yezz-billy-4.jpg,eMMC 4.5,,"4.0, A2DP",Yes,Qualcomm MSM8212 Snapdragon 200 (28 nm),No,Dual SIM (Micro-SIM),,,720p@30fps,Yezz,Discontinued,"Accelerometer, proximity","480 x 800 pixels, 5:3 ratio (~233 ppi density)",,"Wi-Fi 802.11 a/b/g/n, dual-band, hotspot","8 MP, AF",,,,microUSB 2.0,Adreno 302,4GB 512MB RAM,microSDXC (dedicated slot),"White, Black, Red, Gun Metal, Blue, Yellow, Champing Gold",HSDPA 850 / 1900 - SIM 1 & SIM 2 - BM4MI043,,Up to 7 h (2G) / Up to 4 h 30 min (3G),Microsoft Windows Phone 8.1,Yes,1.3 MP,,,Quad-core 1.2 GHz Cortex-A7,,,Stereo FM radio,"Li-Ion 1300 mAh, removable",,GSM 850 / 900 / 1800 / 1900 - SIM 1 & SIM 2,"4.0 inches, 45.5 cm2(~57.7% screen-to-body ratio)",,109 g (3.84 oz),"2014, June. Released 2014, October",Yezz Billy 4,,GSM / HSPA,Up to 350 h (2G) / Up to 300 h (3G),LED flash,,,,"GPS, GLONASS",,,HSPA 42.2/5.76 Mbps
HSDPA 850 / 1900 - AM5TL043,IPS LCD,144 x 69.7 x 6.9 mm (5.67 x 2.74 x 0.27 in),,https://fdn2.gsmarena.com/vv/bigpic/yezz-andy-5t.jpg,,,"4.0, A2DP",Yes,Mediatek MT6582 (28 nm),No,Dual SIM (Mini-SIM/ Micro-SIM),,,1080p@30fps,Yezz,Discontinued,"Accelerometer, proximity, compass","720 x 1280 pixels, 16:9 ratio (~294 ppi density)",,"Wi-Fi 802.11 a/b/g/n, dual-band, hotspot","8 MP, AF (AM5TJ047)13.1 MP, AF (AM5TL043)",,,,microUSB 2.0,Mali-400MP2,"4GB 1GB RAM (AM5TJ047), 8GB 1GB RAM (AM5TL043)",microSDXC (dedicated slot),"White, Black, Blue, Red",HSDPA 900 / 2100 - AM5TJ047,,Up to 16 h (2G) / Up to 8 h 30 min (3G),Android 4.4.2 (KitKat),Yes,5 MP,,,Quad-core 1.3 GHz Cortex-A7,,,Stereo FM radio,"Li-Po 1800 mAh, non-removable",,GSM 850 / 900 / 1800 / 1900 - SIM 1 & SIM 2,"5.0 inches, 68.9 cm2(~68.7% screen-to-body ratio)",,123 g (4.34 oz),"2014, July. Released 2014, August",Yezz Andy 5T,,GSM / HSPA,Up to 480 h (2G) / Up to 360 h (3G),"LED flash, HDR",,,,GPS,,,HSPA 21.1/5.76 Mbps
HSDPA 900 / 2100,IPS LCD,144.2 x 73.2 x 9.3 mm (5.68 x 2.88 x 0.37 in),,https://fdn2.gsmarena.com/vv/bigpic/yezz-andy-c5vp.jpg,LTE 700 / 1700 / 2600,,"4.0, A2DP",Yes,Mediatek MT6582M (28 nm),No,Micro-SIM,"3, 7, 20",,720p@30fps,Yezz,Discontinued,"Accelerometer, proximity","540 x 960 pixels, 16:9 ratio (~220 ppi density)",,"Wi-Fi 802.11 a/b/g/n, dual-band, hotspot","13 MP, AF",,,,microUSB 2.0,Mali-400MP2,8GB 1GB RAM,microSDXC (dedicated slot),"Black, White, Red, Blue",HSDPA 850 / 1900,,Up to 16 h (2G) / Up to 10 h (3G),Android 4.4.2 (KitKat),Yes,5 MP,,,Quad-core 1.3 GHz Cortex-A7,,,Stereo FM radio,"Li-Po 2020 mAh, removable",,GSM 850 / 900 / 1800 / 1900,"5.0 inches, 68.9 cm2(~65.3% screen-to-body ratio)",,180 g (6.35 oz),"2014, June. Released 2014, August",Yezz Andy C5VP,,GSM / HSPA / LTE,Up to 480 h (2G) / Up to 350 h (3G),"LED flash, HDR",,,,GPS,,,"HSPA 21.1/5.76 Mbps, LTE Cat3 100/50 Mbps"
HSDPA 900 / 2100,IPS LCD,144.2 x 73.2 x 9.3 mm (5.68 x 2.88 x 0.37 in),,https://fdn2.gsmarena.com/vv/bigpic/yezz-andy-c5v.jpg,LTE 700 / 1700 / 2600,,"4.0, A2DP",Yes,Mediatek MT6582M (28 nm),No,Micro-SIM,"3, 7, 20",,720p@30fps,Yezz,Discontinued,"Accelerometer, proximity","540 x 960 pixels, 16:9 ratio (~220 ppi density)",,"Wi-Fi 802.11 a/b/g/n, dual-band, hotspot","8 MP, AF",,,,microUSB 2.0,Mali-400MP2,4GB 1GB RAM,microSDXC (dedicated slot),"Black, White",HSDPA 850 / 1900,,Up to 16 h (2G) / Up to 10 h (3G),Android 4.4.2 (KitKat),Yes,2 MP,,,Quad-core 1.3 GHz Cortex-A7,,,Stereo FM radio,"Li-Po 2020 mAh, removable",,GSM 850 / 900 / 1800 / 1900,"5.0 inches, 68.9 cm2(~65.3% screen-to-body ratio)",,180 g (6.35 oz),"2014, June. Released 2014, August",Yezz Andy C5V,,GSM / HSPA / LTE,Up to 480 h (2G) / Up to 350 h (3G),"LED flash, HDR",,,,GPS,,,"HSPA 21.1/5.76 Mbps, LTE Cat3 100/50 Mbps"
HSDPA 850 / 1900 - SIM 1 or SIM 2,TFT,159 x 80.5 x 10 mm (6.26 x 3.17 x 0.39 in),,https://fdn2.gsmarena.com/vv/bigpic/yezz-andy-55ei.jpg,,,"3.0, A2DP",Yes,Mediatek MT6572 (28 nm),No,Dual SIM (Mini-SIM),,,480p@30fps,Yezz,Discontinued,"Accelerometer, proximity","480 x 854 pixels, 16:9 ratio (~178 ppi density)",,"Wi-Fi 802.11 a/b/g/n, dual-band, hotspot","8 MP, AF",,,,microUSB 2.0,Mali-400,4GB 512MB RAM,microSDXC (dedicated slot),Black,HSDPA 900 / 2100 - SIM 1 or SIM 2,,Up to 16 h (2G) / Up to 12 h (3G),Android 4.2.2 (Jelly Bean),Yes,1.3 MP,,,Dual-core 1.3 GHz Cortex-A7,,,Stereo FM radio,"Li-Ion 2500 mAh, removable",,GSM 850 / 900 / 1800 / 1900 - SIM 1 & SIM 2,"5.5 inches, 83.4 cm2(~65.1% screen-to-body ratio)",,202 g (7.13 oz),"2014, May. Released 2014, July",Yezz Andy 5.5EI,,GSM / HSPA,Up to 580 h (2G) / Up to 400 h (3G),"LED flash, HDR",,,,GPS,,,HSPA 21.1/5.76 Mbps
HSDPA 850 / 1900 - SIM 1 or SIM 2,IPS LCD,133.4 x 67.2 x 9.2 mm (5.25 x 2.65 x 0.36 in),,https://fdn2.gsmarena.com/vv/bigpic/yezz-andy-45m.jpg,,,"4.0, A2DP",Yes,Mediatek MT6582M (28 nm),No,Dual SIM (Mini-SIM/ Micro-SIM),,,1080p@30fps,Yezz,Discontinued,"Accelerometer, proximity","480 x 854 pixels, 16:9 ratio (~218 ppi density)",,"Wi-Fi 802.11 a/b/g/n, dual-band, hotspot","13 MP, AF",,,,microUSB 2.0,Mali-400MP2,4GB 1GB RAM,microSDXC (dedicated slot),"Black, Blue, Red",HSDPA 900 / 2100 - SIM 1 or SIM 2,,Up to 16 h (2G) / Up to 11 h (3G),Android 4.4.2 (KitKat),Yes,1.3 MP,,,Quad-core 1.3 GHz Cortex-A7,,,Stereo FM radio,"Li-Po 1500 mAh, removable",,GSM 850 / 900 / 1800 / 1900 - SIM 1 & SIM 2,"4.5 inches, 55.8 cm2(~62.2% screen-to-body ratio)",,142 g (5.01 oz),"2014, July. Released 2014, August",Yezz Andy 4.5M,,GSM / HSPA,Up to 635 h (2G) / Up to 385 h (3G),LED flash,,,,GPS,,,HSPA 21.1/5.76 Mbps
eMMC 4.5,IPS LCD,135.8 x 67.2 x 7.2 mm (5.35 x 2.65 x 0.28 in),,https://fdn2.gsmarena.com/vv/bigpic/yezz-billy-47.jpg,,,"4.0, A2DP",Yes,Qualcomm MSM8212 Snapdragon 200 (28 nm),No,Dual SIM (Micro-SIM),,,720p@30fps,Yezz,Discontinued,"Accelerometer, proximity, compass","720 x 1280 pixels, 16:9 ratio (~312 ppi density)",,"Wi-Fi 802.11 a/b/g/n, dual-band, hotspot","8 MP, AF",,,,microUSB 2.0,Adreno 302,8GB 1GB RAM,microSDXC (dedicated slot),"White, Red, Blue",HSDPA 850 / 900 / 1900 / 2100 - SIM 1,,Up to 16 h (2G) / Up to 7 h 30 min (3G),Microsoft Windows Phone 8.1,Yes,2 MP,,,Quad-core 1.2 GHz Cortex-A7,,,Stereo FM radio,"Li-Ion 1780 mAh, removable",,GSM 850 / 900 / 1800 / 1900 - SIM 1 & SIM 2,"4.7 inches, 60.9 cm2(~66.7% screen-to-body ratio)",,120 g (4.23 oz),"2014, May. Released 2014, July",Yezz Billy 4.7,,GSM / HSPA,Up to 480 h (2G) / Up to 350 h (3G),"LED flash, panorama, HDR",,,Asahi Dragontrail Glass,"GPS, GLONASS",,,HSPA 42.2/5.76 Mbps
HSDPA 850 / 1900 - SIM 1 or SIM 2,TFT,123 x 64 x 10.7 mm (4.84 x 2.52 x 0.42 in),,https://fdn2.gsmarena.com/vv/bigpic/yezz-andy-4eih.jpg,- SIM 1 or SIM 2,,"3.0, A2DP",Yes,Mediatek MT6572M (28 nm),No,Dual SIM (Mini-SIM),,,480p@30fps,Yezz,Discontinued,"Accelerometer, proximity","480 x 800 pixels, 5:3 ratio (~233 ppi density)",,"Wi-Fi 802.11 a/b/g/n, dual-band, hotspot",5 MP,,,,microUSB 2.0,Mali-400,4GB 512MB RAM,microSDXC (dedicated slot),"Black, White, Red, Blue, Yellow",HSDPA 900 / 2100 - SIM 1 or SIM 2,,Up to 16 h (2G) / Up to 10 h (3G),Android 4.4.2 (KitKat),Yes,1.3 MP,,,Dual-core 1.0 GHz Cortex-A7,,,Stereo FM radio,"Li-Po 1400 mAh, removable",,GSM 850 / 900 / 1800 / 1900 - SIM 1 & SIM 2,"4.0 inches, 45.5 cm2(~57.9% screen-to-body ratio)",,127 g (4.48 oz),"2014, May. Released 2014, July",Yezz Andy 4EI,,GSM / HSPA,Up to 480 h (2G) / Up to 350 h (3G),LED flash,,,,GPS,,,HSPA 21.1/5.76 Mbps
HSDPA 850 / 1900 - SIM 1 or SIM 2,"LCD, 256K colors",115.5 x 62 x 12.5 mm (4.55 x 2.44 x 0.49 in),,https://fdn2.gsmarena.com/vv/bigpic/yezz-andy-35eh.jpg,- SIM 1 or SIM 2,,"3.0, A2DP",Yes,Mediatek MT6572M (28 nm),No,Dual SIM (Mini-SIM),,,480p@30fps,Yezz,Discontinued,Accelerometer,"320 x 480 pixels, 3:2 ratio (~165 ppi density)",,"Wi-Fi 802.11 b/g/n, hotspot",3.2 MP,,,,microUSB 2.0,Mali-400,512MB 256MB RAM,microSDXC (dedicated slot),"Black, White, Blue, Green, Fuschia",HSDPA 900 / 2100 - SIM 1 or SIM 2,,Up to 15 h (2G) / Up to 10 h (3G),Android 4.2 (Jelly Bean),Yes,1.3 MP,,,Dual-core 1.0 GHz Cortex-A7,,,Stereo FM radio,"Li-Ion 1300 mAh, removable",,GSM 850 / 900 / 1800 / 1900 - SIM 1 & SIM 2,"3.5 inches, 36.5 cm2(~50.9% screen-to-body ratio)",,115 g (4.06 oz),"2014, May. Released 2014, July",Yezz Andy 3.5EH,,GSM / HSPA,Up to 600 h (2G) / Up to 400 h (3G),LED flash,,,,GPS,,,HSPA 21.1/5.76 Mbps
HSDPA 850 / 1900 - SIM 1 or SIM 2,"LCD, 256K colors",142.8 x 73.4 x 9.5 mm (5.62 x 2.89 x 0.37 in),,https://fdn2.gsmarena.com/vv/bigpic/andy-5EI.jpg,- SIM 1 or SIM 2,,"3.0, A2DP",Yes,Mediatek MT6572M (28 nm),No,Dual SIM (Mini-SIM/ Micro-SIM),,,480p@30fps,Yezz,Discontinued,"Accelerometer, proximity","480 x 854 pixels, 16:9 ratio (~196 ppi density)",,"Wi-Fi 802.11 a/b/g/n, dual-band, hotspot",5 MP,,,,microUSB 2.0,Mali-400,4GB 512MB RAM,microSDXC (dedicated slot),"Black, White, Red, Blue, Green",HSDPA 900 / 2100 - SIM 1 or SIM 2,,Up to 16 h (2G) / Up to 7 h 30 min (3G),Android 4.4.2 (KitKat),Yes,1.3 MP,,,Dual-core 1.0 GHz Cortex-A7,,,Stereo FM radio,"Li-Ion 1550 mAh, removable",,GSM 850 / 900 / 1800 / 1900 - SIM 1 & SIM 2,"5.0 inches, 68.9 cm2(~65.7% screen-to-body ratio)",,160 g (5.64 oz),"2014, May. Released 2014, July",Yezz Andy 5EI,,GSM / HSPA,Up to 480 h (2G) / Up to 350 h (3G),LED flash,,,,GPS,,,HSPA 21.1/5.76 Mbps
HSDPA 850 / 1900 - SIM 1 or SIM 2,"LCD, 256K colors",115.5 x 62 x 12.5 mm (4.55 x 2.44 x 0.49 in),,https://fdn2.gsmarena.com/vv/bigpic/yezz-andy-35ei.jpg,HSDPA 850 / 2100 - SIM 1 or SIM 2,,"3.0, A2DP",Yes,Mediatek MT6572 (28 nm),No,Dual SIM (Mini-SIM),,,480p@30fps,Yezz,Discontinued,"Accelerometer, proximity","320 x 480 pixels, 3:2 ratio (~165 ppi density)",,"Wi-Fi 802.11 b/g/n, hotspot","5 MP, AF",,,,microUSB 2.0,Mali-400,4GB 512MB RAM,microSDXC (dedicated slot),"Black, White, Blue, Green, Orange",HSDPA 900 / 2100 - SIM 1 or SIM 2,,Up to 15 h (2G) / Up to 10 h (3G),Android 4.4.2 (KitKat),Yes,1.3 MP,,,Dual-core 1.0 GHz Cortex-A7,,,Stereo FM radio,"Li-Ion 1300 mAh, removable",,GSM 850 / 900 / 1800 / 1900 - SIM 1 & SIM 2,"3.5 inches, 36.5 cm2(~50.9% screen-to-body ratio)",,115 g (4.06 oz),"2014, May. Released 2014, July",Yezz Andy 3.5EI,,GSM / HSPA,Up to 600 h (2G) / Up to 400 h (3G),"LED flash, panorama",,,,GPS,,,HSPA 21.1/5.76 Mbps
HSDPA 900 / 2100 - SIM 1 or SIM 2,IPS LCD,165 x 84 x 7.8 mm (6.50 x 3.31 x 0.31 in),,https://fdn2.gsmarena.com/vv/bigpic/yezz-andy-6q.jpg,,,"3.0, A2DP",Yes,Mediatek MT6582 (28 nm),No,Dual SIM (Mini-SIM/ Micro-SIM),,,1080p@30fps,Yezz,Discontinued,"Accelerometer, proximity","720 x 1280 pixels, 16:9 ratio (~245 ppi density)",,"Wi-Fi 802.11 a/b/g/n, dual-band, hotspot","13 MP, AF",,,,microUSB 2.0,Mali-400MP2,4GB 1GB RAM,microSDXC (dedicated slot),"Black, Gun Metal, Gold, Platinum",HSDPA 850 / 1900 - SIM 1 or SIM 2,,Up to 16 h (2G) / Up to 10 h 30 min (3G),"Android 4.2 (Jelly Bean), upgradable to 4.4.2 (KitKat)",Yes,5 MP,,,Quad-core 1.3 GHz Cortex-A7,,,Stereo FM radio,"Li-Po 3000 mAh, non-removable",,GSM 850 / 900 / 1800 / 1900 - SIM 1 & SIM 2,"6.0 inches, 99.2 cm2(~71.6% screen-to-body ratio)",,160 g (5.64 oz),"2014, May. Released 2014, June",Yezz Andy 6Q,,GSM / HSPA,Up to 700 h (2G) / Up to 500 h (3G),"LED flash, HDR",,,,GPS,,,HSPA 21.1/5.76 Mbps
GSM 850 / 900 / 1800 / 1900 - SIM 2,"TFT, 65K colors",106 x 45 x 14.5 mm (4.17 x 1.77 x 0.57 in),SMS,https://fdn2.gsmarena.com/vv/bigpic/niu-c21.jpg,No,,2.1,No,,No,Dual SIM (Mini-SIM),,No,No,Yezz,Discontinued,,128 x 160 pixels (~114 ppi density),Yes,No,VGA,,,,microUSB,,32Mb 32Mb RAM,microSDHC,"Red, Green, Blue, Purple, White, Gray, Black",,,Up to 4 h,,Yes,,,No,,,,Stereo FM radio,"Li-Ion 600 mAh, removable",Yes,GSM 850 / 900 / 1800 / 1900 - SIM 1,"1.8 inches, 10.2 cm2(~21.4% screen-to-body ratio)",,73 g without battery (2.57 oz),"2014, March. Released 2014, April",Yezz Classic C21,,GSM,Up to 150 h,,Video playerMusic playerOrganizer,Up to 48 kbps,,No,No,,
HSDPA 900 / 2100 - SIM 1 or SIM 2,IPS LCD,144 x 69.7 x 6.9 mm (5.67 x 2.74 x 0.27 in),,https://fdn2.gsmarena.com/vv/bigpic/yezz-andy-a5qp.jpg,,,"3.0, A2DP",Yes,Mediatek MT6592 (28 nm),No,Dual SIM (Mini-SIM/ Micro-SIM),,,1080p@30fps,Yezz,Discontinued,"Accelerometer, proximity, compass","720 x 1280 pixels, 16:9 ratio (~294 ppi density)",,"Wi-Fi 802.11 a/b/g/n, dual-band, hotspot","13 MP, AF",,,,microUSB 2.0,Mali-450MP4,8GB 1GB RAM,microSDXC (dedicated slot),"White, Blue, Red",HSDPA 850 / 1900 - SIM 1 or SIM 2,,Up to 16 h (2G) / Up to 8 h 30 min (3G),"Android 4.2 (Jelly Bean), upgradable to 4.4 (KitKat)",Yes,5 MP,,,Octa-core 1.7 GHz Cortex-A7,,,Stereo FM radio,"Li-Po 1800 mAh, non-removable",,GSM 850 / 900 / 1800 / 1900 - SIM 1 & SIM 2,"5.0 inches, 68.9 cm2(~68.7% screen-to-body ratio)",,123 g (4.34 oz),"2014, February. Released 2014, April",Yezz Andy A5QP,,GSM / HSPA,Up to 480 h (2G) / Up to 350 h (3G),"LED flash, HDR",,,,GPS,,,HSPA 21.1/5.76 Mbps
HSDPA 900 / 2100 - SIM 1 or SIM 2,IPS LCD,137 x 68.5 x 11.2 mm (5.39 x 2.70 x 0.44 in),,https://fdn2.gsmarena.com/vv/bigpic/yezz-andy-az451.jpg,,,"3.0, A2DP",Yes,Mediatek MT6572 (28 nm),No,Dual SIM (Mini-SIM),,,720p@30fps,Yezz,Discontinued,"Accelerometer, proximity","480 x 854 pixels, 16:9 ratio (~218 ppi density)",,"Wi-Fi 802.11 b/g/n, hotspot",5 MP,,,,microUSB 2.0,Mali-400,4GB 512MB RAM,microSDHC,Black,HSDPA 850 / 1900 - SIM 1 or SIM 2,,Up to 16 h (2G) / Up to 8 h 30 min (3G),Android 4.2 (Jelly Bean),Yes,1.3 MP,,,Dual-core 1.2 GHz Cortex-A7,,,Stereo FM radio,"Li-Ion 1800 mAh, removable",,GSM 850 / 900 / 1800 / 1900 - SIM 1 & SIM 2,"4.5 inches, 55.8 cm2(~59.5% screen-to-body ratio)",,149 g (5.26 oz),"2014, February. Released 2014, April",Yezz Andy AZ4.5,,GSM / HSPA,Up to 480 h (2G) / Up to 350 h (3G),"LED flash, HDR",,,,GPS,,,HSPA 21.1/5.76 Mbps
Analog TVDigital TV (ISBD-T)Gesture typing,TFT,192 x 112 x 10.2 mm (7.56 x 4.41 x 0.40 in),,https://fdn2.gsmarena.com/vv/bigpic/yezz-epic-t7fd.jpg,,,2.0,Yes,,No,No,,No,1080p@30fps,Yezz,Discontinued,Accelerometer,"480 x 800 pixels, 5:3 ratio (~133 ppi density)",,"Wi-Fi 802.11 a/b/g/n, dual band",3.15 MP,,,,microUSB 2.0,Mali-400MP2,4GB 1GB RAM,microSDHC (dedicated slot),"Black, Blue, Green, Orange, Dark Gray",,,,Android 4.2 (Jelly Bean),Yes,1.3 MP,,,Dual-core 1.5 GHz Cortex-A9,,,Stereo FM radio,"Li-Ion 2500 mAh, non-removable",,N/A,"7.0 inches, 139.5 cm2(~64.9% screen-to-body ratio)",,274 g (9.67 oz),"2013, December. Released 2014, January",Yezz Epic T7FD,,No cellular connectivity,Up to 300 h,,,No,,A-GPS only,,,
,"LCD, 256K colors",114 x 62 x 12.5 mm (4.49 x 2.44 x 0.49 in),,https://fdn2.gsmarena.com/vv/bigpic/yezz-andy-a35ep.jpg,,,"3.0, A2DP",Yes,Mediatek MT6572 (28 nm),No,Dual SIM (Mini-SIM),,,480p@30fps,Yezz,Discontinued,"Accelerometer, proximity","320 x 480 pixels, 3:2 ratio (~165 ppi density)",,"Wi-Fi 802.11 b/g/n, hotspot","5 MP, AF",,,,microUSB,Mali-400,,microSDHC (dedicated slot),"Black, White, Blue, Green, Red",HSDPA 850 / 1900 - SIM 1 or SIM 2,,Up to 15 h (2G) / Up to 8 h (3G),Android 4.2 (Jelly Bean),Yes,1.3 MP,,,Dual-core 1.0 GHz Cortex-A7,,,Stereo FM radio,"Li-Ion 1300 mAh, removable",,GSM 850 / 900 / 1800 / 1900 - SIM 1 & SIM 2,"3.5 inches, 36.5 cm2(~51.6% screen-to-body ratio)",,115 g (4.06 oz),"2013, September. Released 2013, November",Yezz Andy A3.5EP,,GSM / HSPA,Up to 600 h (2G) / Up to 400 h (3G),"LED flash, panorama",,,,GPS,,,HSPA 21.1/5.76 Mbps
Gesture typing,TFT,186.8 x 106.7 x 11.6 mm (7.35 x 4.20 x 0.46 in),,https://fdn2.gsmarena.com/vv/bigpic/yezz-epic-t7ed.jpg,,,"3.0, A2DP",Yes,Allwinner A20,No,No,,No,1080p@30fps,Yezz,Discontinued,Accelerometer,"600 x 1024 pixels, 16:9 ratio (~170 ppi density)",,"Wi-Fi 802.11 a/b/g/n, dual band",3.15 MP,,,,microUSB 2.0,Mali-400MP2,8GB 1GB RAM,microSDHC (dedicated slot),"Black, Blue, Green, Orange, Dark Gray",,,,Android 4.2 (Jelly Bean),Yes,1.3 MP,,,Dual-core 1.2 GHz Cortex-A7,,,No,"Li-Ion 2500 mAh, non-removable",,N/A,"7.0 inches, 137.9 cm2(~69.2% screen-to-body ratio)",,272 g (9.59 oz),"2013, November. Released 2013, December",Yezz Epic T7ED,,No cellular connectivity,Up to 350 h,,,No,,No,,,
,IPS LCD,168 x 85.5 x 9 mm (6.61 x 3.37 x 0.35 in),,https://fdn2.gsmarena.com/vv/bigpic/yezz-andy-a6m-1gb.jpg,,,"3.0, A2DP",Yes,Mediatek MT6582M (28 nm),No,Dual SIM (Mini-SIM / Micro-SIM),,,720p@30fps,Yezz,Discontinued,"Accelerometer, proximity","540 x 900 pixels, 5:3 ratio (~175 ppi density)",,"Wi-Fi 802.11 a/b/g/n, dual-band, hotspot","13 MP, AF",,,,microUSB 2.0,Mali-400MP2,4GB 1GB RAM,microSDXC (dedicated slot),"Black, White, Red",HSDPA 850 / 900 / 2100 - SIM 1 or SIM 2,,Up to 16 h (2G) / Up to 8 h 30 min (3G),Android 4.4.2 (KitKat),Yes,5 MP,,,Quad-core 1.3 GHz Cortex-A7,,,Stereo FM radio,"Li-Po 2400 mAh, removable",,GSM 850 / 900 / 1800 / 1900 - SIM 1 & SIM 2,"6.0 inches, 102.5 cm2(~71.3% screen-to-body ratio)",,189 g (6.67 oz),"2013, November. Released 2013, December",Yezz Andy A6M 1GB,,GSM / HSPA,Up to 480 h (2G) / Up to 350 h (3G),"LED flash, panorama, HDR",,,,GPS,,,HSPA 21.1/5.76 Mbps
HSDPA 850 / 900 / 2100 - SIM 1 or SIM 2,IPS LCD,168 x 85.5 x 9 mm (6.61 x 3.37 x 0.35 in),,https://fdn2.gsmarena.com/vv/bigpic/yezz-andy-a6m.jpg,,,"3.0, A2DP",Yes,Mediatek MT6582M (28 nm),No,Dual SIM (Mini-SIM / Micro-SIM),,,720p@30fps,Yezz,Discontinued,"Accelerometer, proximity","540 x 900 pixels, 5:3 ratio (~175 ppi density)",,"Wi-Fi 802.11 a/b/g/n, dual-band, hotspot","13 MP, AF",,,,microUSB 2.0,Mali-400MP2,4GB 512MB RAM,microSDXC (dedicated slot),"Black, White, Red",HSDPA 900 / 2100 - SIM 1 or SIM 2,,Up to 16 h (2G) / Up to 8 h 30 min (3G),Android 4.4.2 (KitKat),Yes,5 MP,,,Quad-core 1.3 GHz Cortex-A7,,,Stereo FM radio,"Li-Po 2400 mAh, removable",,GSM 850 / 900 / 1800 / 1900 - SIM 1 & SIM 2,"6.0 inches, 102.5 cm2(~71.3% screen-to-body ratio)",,189 g (6.67 oz),"2013, November. Released 2013, December",Yezz Andy A6M,,GSM / HSPA,Up to 480 h (2G) / Up to 350 h (3G),"LED flash, panorama, HDR",,,,GPS,,,HSPA 21.1/5.76 Mbps
HSDPA 850 / 900 / 2100 - SIM 1 or SIM 2,IPS LCD,124 x 62.7 x 9 mm (4.88 x 2.47 x 0.35 in),,https://fdn2.gsmarena.com/vv/bigpic/yezz-andy-a4m.jpg,,,"3.0, A2DP",Yes,Mediatek MT6572M (28 nm),No,Dual SIM (Mini-SIM / Micro-SIM),,,480p@30fps,Yezz,Discontinued,"Accelerometer, proximity","480 x 800 pixels, 5:3 ratio (~233 ppi density)",,"Wi-Fi 802.11 a/b/g/n, dual-band, hotspot","8 MP, AF",,,,microUSB 2.0,Mali-400,4GB 512MB RAM,microSDHC (dedicated slot),"Black, White, Red",HSDPA 900 / 2100 - SIM 1 or SIM 2,,Up to 16 h (2G) / Up to 8 h (3G),Android 4.2 (Jelly Bean),Yes,1.3 MP,,,Dual-core 1.2 GHz Cortex-A7,,,Stereo FM radio,"Li-Ion 1400 mAh, removable",,GSM 850 / 900 / 1800 / 1900 - SIM 1 & SIM 2,"4.0 inches, 45.5 cm2(~58.6% screen-to-body ratio)",,118 g (4.16 oz),"2013, November. Released 2013, December",Yezz Andy A4M,,GSM / HSPA,Up to 480 h (2G) / Up to 350 h (3G),"LED flash, panorama, HDR",,,,A-GPS only,,,HSPA 7.2/5.76 Mbps
,IPS LCD,125 x 63.7 x 12.5 mm (4.92 x 2.51 x 0.49 in),,https://fdn2.gsmarena.com/vv/bigpic/yezz-andy-ac4e.jpg,,,"3.0, A2DP",Yes,Mediatek MT6572 (28 nm),No,Dual SIM (Mini-SIM),,,480p@30fps,Yezz,Discontinued,"Accelerometer, proximity","480 x 800 pixels, 5:3 ratio (~233 ppi density)",,"Wi-Fi 802.11 a/b/g/n, dual-band, hotspot","8 MP, AF",,,,microUSB 2.0,Mali-400,4GB 512MB RAM,microSDHC (dedicated slot),"Black, White",HSDPA 850 / 1900 - SIM 1 or SIM 2,,Up to 16 h (2G) / Up to 8 h (3G),Android 4.4.2 (KitKat),Yes,1.3 MP,,,Dual-core 1.2 GHz Cortex-A7,,,Stereo FM radio,"Li-Ion 1550 mAh, removable",,GSM 850 / 900 / 1800 / 1900 - SIM 1 & SIM 2,"4.0 inches, 45.5 cm2(~57.2% screen-to-body ratio)",,133 g (4.69 oz),"2013, November. Released 2013, December",Yezz Andy A4E,,GSM / HSPA,Up to 480 h (2G) / Up to 350 h (3G),"LED flash, panorama, HDR",,,,GPS,,,HSPA 21.1/5.76 Mbps
Gesture typing,IPS LCD,144.1 x 73.5 x 8.6 mm (5.67 x 2.89 x 0.34 in),,https://fdn2.gsmarena.com/vv/bigpic/yezz-andy-a5.jpg,,,"3.0, A2DP",Yes,Mediatek MT6589M (28 nm),No,Dual SIM (Mini-SIM and Micro-SIM),,,720p@30fps,Yezz,Discontinued,"Accelerometer, proximity","540 x 960 pixels, 16:9 ratio (~220 ppi density)",,"Wi-Fi 802.11 a/b/g/n, Wi-Fi Direct, hotspot","13.1 MP, AF",,,,microUSB,PowerVR SGX544,4GB 1GB RAM,microSDXC (dedicated slot),Black,HSDPA 850 / 900 / 2100 SIM 1 or SIM 2,,Up to 16 h (2G) / Up to 14 h (3G),Android 4.2 (Jelly Bean),Yes,2 MP,,,Quad-core 1.2 GHz Cortex-A7,,,Stereo FM radio,"Li-Ion 2000 mAh, removable",,GSM 850 / 900 / 1800 / 1900 - SIM 1 & SIM 2,"5.0 inches, 68.9 cm2(~65.1% screen-to-body ratio)",,106 g without battery (3.74 oz),"2013, November. Released 2013, December",Yezz Andy A5 1GB,,GSM / HSPA,Up to 750 h (2G) / Up to 600 h (3G),"LED flash, HDR",,,,GPS,,,HSPA 21.1/11.5 Mbps
,IPS LCD,132 x 65.6 x 8.6 mm (5.20 x 2.58 x 0.34 in),,https://fdn2.gsmarena.com/vv/bigpic/yezz-andy-a4-5.jpg,,,"3.0, A2DP",Yes,Mediatek MT6589M (28 nm),No,Dual SIM (Mini-SIM and Micro-SIM),,,720p@30fps,Yezz,Discontinued,"Accelerometer,  proximity","540 x 960 pixels, 16:9 ratio (~245 ppi density)",,"Wi-Fi 802.11 b/g/n, Wi-Fi Direct, hotspot","13 MP, AF",,,,microUSB 2.0,PowerVR SGX544,4GB 1GB RAM,microSDXC (dedicated slot),"Black, White",HSDPA 850 / 900 / 2100 - SIM 1 or SIM 2,,Up to 16 h (2G) / Up to 8 h (3G),Android 4.2 (Jelly Bean),Yes,1.3 MP,,,Quad-core 1.2 GHz Cortex-A7,,,Stereo FM radio,"Li-Po 1500 mAh, removable",,GSM 850 / 900 / 1800 / 1900 - SIM 1 & SIM 2,"4.5 inches, 55.8 cm2(~64.5% screen-to-body ratio)",,102 g without battery (3.60 oz),"2013, November. Released 2013, December",Yezz Andy A4.5 1GB,,GSM / HSPA,Up to 600 h (2G) / Up to 550 h (3G),"LED flash, panorama, HDR",,,,GPS,,,HSPA 21.1/11.5 Mbps
,IPS LCD,132 x 65.6 x 8.6 mm (5.20 x 2.58 x 0.34 in),,https://fdn2.gsmarena.com/vv/bigpic/yezz-andy-a45.jpg,,,"3.0, A2DP",Yes,Mediatek MT6589 (28 nm),No,Dual SIM (Mini-SIM and Micro-SIM),,,720p@30fps,Yezz,Discontinued,"Accelerometer, gyro, proximity, compass","540 x 960 pixels, 16:9 ratio (~245 ppi density)",,"Wi-Fi 802.11 b/g/n, Wi-Fi Direct, hotspot","13 MP, AF",,,,microUSB 2.0,PowerVR SGX544,4GB 512MB RAM,microSDXC (dedicated slot),"Black, White",HSDPA 850 / 1900 / 900 - SIM 1,,Up to 16 h (2G) / Up to 14 h (3G),Android 4.2 (Jelly Bean),Yes,1.3 MP,,,Quad-core 1.2 GHz Cortex-A7,,,Stereo FM radio,"Li-Ion 1500 mAh, removable",,GSM 850 / 900 / 1800 / 1900 - SIM 1 & SIM 2,"4.5 inches, 55.8 cm2(~64.5% screen-to-body ratio)",,102 g without battery (3.60 oz),"2013, March. Released 2013, May",Yezz Andy A4.5,,GSM / HSPA,Up to 600 h (2G) / Up to 550 h (3G),"LED flash, panorama, HDR",,,,GPS,,,HSPA 21.1/11.5 Mbps
,IPS LCD,124.5 x 63.5 x 9.8 mm (4.90 x 2.5 x 0.39 in),,https://fdn2.gsmarena.com/vv/bigpic/yezz-andy-a4.jpg,,,3.0,Yes,Mediatek MT6577T (40 nm),No,Dual SIM (Mini-SIM),,,720p@30fps,Yezz,Discontinued,"Accelerometer, gyro, proximity, compass","480 x 800 pixels, 5:3 ratio (~233 ppi density)",,"Wi-Fi 802.11 a/b/g/n, dual-band, hotspot","8 MP, AF",,,,microUSB 2.0,PowerVR SGX531u,4GB 512MB RAM,microSDHC (dedicated slot),"Black, White",HSDPA 850 / 1900 - SIM 1 only,,Up to 16 h (2G) / Up to 8 h (3G),Android 4.1 (Jelly Bean),Yes,VGA,,,Dual-core 1.2 GHz Cortex-A9,,,Stereo FM radio,"Li-Ion 1400 mAh, removable",,GSM 850 / 900 / 1800 / 1900 - SIM 1 & SIM 2,"4.0 inches, 45.5 cm2(~57.6% screen-to-body ratio)",,104 g without battery (3.67 oz),"2013, March. Released 2013, April",Yezz Andy A4,,GSM / HSPA,Up to 480 h (2G) / Up to 350 h (3G),"LED flash, panorama, HDR",,,,A-GPS only,,,HSPA 7.2/5.76 Mbps
,LCD,114.7 x 61.5 x 11.9 mm (4.52 x 2.42 x 0.47 in),,https://fdn2.gsmarena.com/vv/bigpic/yezz-andy-a351.jpg,,,"3.0, EDR",Yes,Mediatek MT6575 (40 nm),No,Dual SIM (Mini-SIM),,,Yes,Yezz,Discontinued,"Accelerometer, proximity","320 x 480 pixels, 3:2 ratio (~165 ppi density)",,"Wi-Fi 802.11 b/g, hotspot",3.2 MP,,,,microUSB,PowerVR SGX531,,microSDHC (dedicated slot),"Black, White",HSDPA 850 / 1900 - SIM 1 only,,Up to 15 h (2G) / Up to 6 h 30 min (3G),Android 4.0 (Ice Cream Sandwich),Yes,VGA,,,1.0 GHz Cortex-A9,,,Stereo FM radio,"Li-Ion 1300 mAh, removable",,GSM 850 / 900 / 1800 / 1900 - SIM 1 & SIM 2,"3.5 inches, 36.5 cm2(~51.7% screen-to-body ratio)",,82 g without battery (2.89 oz),"2012, June. Released 2012, November",Yezz Andy A3.5,,GSM / HSPA,Up to 713 h (2G) / Up to 428 h (3G),"LED flash, panorama",,,,GPS,,,HSPA 7.2/5.76 Mbps
Flashlight,"TFT, 256K colors",105 x 45 x 14.4 mm (4.13 x 1.77 x 0.57 in),"SMS, IM",https://fdn2.gsmarena.com/vv/bigpic/yezz-classic-c10.jpg,No,,Yes,No,,No,Dual SIM (Mini-SIM),,No,Yes,Yezz,Discontinued,,128 x 160 pixels (~114 ppi density),Yes,No,VGA,,,,Proprietary,,64Mb 64Mb RAM,microSDHC (dedicated slot),"Blue, Gray, Purple, Red, White, Black",,,Up to 4 h,,Yes,,,Yes,,,,Stereo FM radio,"Li-Ion 550 mAh, removable",Yes,GSM 850 / 900 / 1800 / 1900,"1.8 inches, 10.2 cm2(~21.6% screen-to-body ratio)",,55 g without battery (1.94 oz),"2012, February. Released 2012, April",Yezz Classic CC10,,GSM,Up to 150 h,,"Facebook, TwitterVideo PlayerMusic PlayerOrganizerPredictive Text Input",Up to 48 kbps,,No,No,,
GSM 850 / 900 / 1800 / 1900 - SIM 2,IPS LCD,144.1 x 73.5 x 8.6 mm (5.67 x 2.89 x 0.34 in),,https://fdn2.gsmarena.com/vv/bigpic/yezz-andy-pro-a50-new.jpg,Gesture typing,,"3.0, A2DP",Yes,Mediatek MT6589M (28 nm),No,Dual SIM (Mini-SIM and Micro-SIM),,,720p@30fps,Yezz,Discontinued,"Accelerometer, gyro, proximity, compass","540 x 960 pixels, 16:9 ratio (~220 ppi density)",,"Wi-Fi 802.11 a/b/g/n, Wi-Fi Direct, hotspot","13.1 MP, AF",,About 190 EUR,,microUSB,PowerVR SGX544,4GB 512MB RAM,microSDXC (dedicated slot),Black,HSDPA 850 / 1900  / 900 - SIM 1,,Up to 16 h (2G) / Up to 14 h (3G),Android 4.2 (Jelly Bean),Yes,2 MP,,,Quad-core 1.2 GHz Cortex-A7,,,Stereo FM radio,"Li-Ion 2000 mAh, removable",,GSM 850 / 900 / 1800 / 1900 - SIM 1,"5.0 inches, 68.9 cm2(~65.1% screen-to-body ratio)",,106 g without battery (3.74 oz),"2013, March. Released 2013, June",Yezz Andy A5,,GSM / HSPA,Up to 750 h (2G) / Up to 600 h (3G),"LED flash, HDR",,,,GPS,,,HSPA 21.1/11.5 Mbps
Gesture typing,TFT,177.8 x 121.4 x 10.2 mm (7.00 x 4.78 x 0.40 in),,https://fdn2.gsmarena.com/vv/bigpic/yezz-tab-t20-new.jpg,,,No,Yes,Allwinner A13,No,No,,No,480p@30fps,Yezz,Discontinued,Accelerometer,"480 x 800 pixels, 5:3 ratio (~133 ppi density)",,"Wi-Fi 802.11 a/b/g/n, dual band",2 MP,,,,microUSB 2.0,Mali-400,16GB 512MB RAM,microSDXC (dedicated slot),"Black, Blue, Green, Orange, Dark Gray",,,,Android 4.1 (Jelly Bean),Yes,VGA,,,1.2 GHz Cortex-A8,,,No,"Li-Ion 2600 mAh, non-removable",,N/A,"7.0 inches, 139.5 cm2(~64.6% screen-to-body ratio)",,293 g (10.34 oz),"2013, March. Released 2013, April",Yezz Epic T7,,No cellular connectivity,Up to 200 h,,,No,,No,,,
Flashlight,"TFT, 65K colors",110 x 48 x 13.3 mm (4.33 x 1.89 x 0.52 in),"SMS, MMS",https://fdn2.gsmarena.com/vv/bigpic/yezz-clasico-2-new.jpg,No,,"2.1, A2DP",Yes,,No,Triple SIM (Mini-SIM),,No,Yes,Yezz,Discontinued,,176 x 220 pixels (~128 ppi density),Yes,No,1.3 MP,,,,microUSB,,64Mb 32Mb RAM,microSDHC (dedicated slot),"Blue, Gray, White",,,Up to 7 h,,Yes,,,Yes,,,,Stereo FM radio,"Li-Ion 1000 mAh, removable",Yes,GSM 850 / 900 / 1800 / 1900 - SIM 1 & SIM 2 & SIM 3,"2.2 inches, 15.2 cm2(~28.8% screen-to-body ratio)",,54 g without battery (1.90 oz),"2012, November. Released 2013, January",Yezz Classic C30,,GSM,Up to 680 h,,"Facebook, TwitterVideo PlayerMusic PlayerOrganizerPredictive text input",Up to 48 kbps,,No,No,,
No,"TFT, 256K colors",99.6 x 53.8 x 13.5 mm (3.92 x 2.12 x 0.53 in),"SMS, MMS, IM",https://fdn2.gsmarena.com/vv/bigpic/yezz-bonito-latest.jpg,SNS appsAnalog TVVideo PlayerMusic PlayerOrganizer,QWERTY,2.0,No,,No,Dual SIM (Mini-SIM),,No,Yes,Yezz,Discontinued,,220 x 170 pixels (~139 ppi density),Yes,No,1.3 MP,,,,miniUSB,,128Mb 64Mb RAM,microSDHC (dedicated slot),"Blue, Gray, Pink, Red, Violet",,,Up to 3 h,,Yes,,,Yes,,0.54 W/kg (head)     0.69 W/kg (body),,"Stereo FM radio, recording","Li-Ion 800 mAh, removable",Yes,GSM 850 / 900 / 1800 / 1900 - SIM 1 & SIM 2,"2.0 inches, 12.5 cm2(~23.3% screen-to-body ratio)",,65 g (2.29 oz),"2011, November. Released 2011, November",Yezz Bonito YZ500,,GSM,Up to 144 h,,,Up to 48 kbps,,No,Yes,,
GSM 850 / 900 / 1800 / 1900 - SIM 2,"TFT, 65K colors",113.2 x 55.5 x 14.5 mm (4.46 x 2.19 x 0.57 in),"SMS, MMS",https://fdn2.gsmarena.com/vv/bigpic/yezz-z1-new.jpg,FlashlightSOS button,,2.1,No,,No,Dual SIM (Mini-SIM),,No,Yes,Yezz,Discontinued,,128 x 160 pixels (~102 ppi density),Yes,No,1.3 MP,,,,Proprietary,,64Mb 32Mb RAM,microSDHC (dedicated slot),"Black, White",,,Up to 7 h,,Yes,,,Yes,,,,"Stereo FM radio, buit-in antenna","Li-Ion 1000 mAh, removable",Yes,GSM 850 / 900 / 1800 / 1900 - SIM 1,"2.0 inches, 12.6 cm2(~20.0% screen-to-body ratio)",,90 g without battery (3.17 oz),"2012, August. Released 2012, November",Yezz Exclusive Z10,,GSM,Up to 290 h,,No,Up to 48 kbps,,No,No,"Facebook, Yahoo, MSN, TwitterMusic/Video playerOrganizerCalendarCalculatorVoice memo",
Analog TVMP4/WMV/H.264 playerMP3/WAV/eAAC+ playerPhoto/video editorDocument viewer,TFT,117 x 63 x 12 mm (4.61 x 2.48 x 0.47 in),,https://fdn2.gsmarena.com/vv/bigpic/yezz-andy-3g-35-new.jpg,,,2.1,Yes,Mediatek MT6575 (40 nm),No,Dual SIM (Mini-SIM),,,Yes,Yezz,Discontinued,"Accelerometer, proximity","320 x 480 pixels, 3:2 ratio (~165 ppi density)",,"Wi-Fi 802.11 b/g, hotspot",3.2 MP,,,,microUSB,PowerVR SGX531,512MB 256MB RAM,microSDHC (dedicated slot),Black,HSDPA 850 / 1900 - SIM 1 only,,Up to 15 h (2G) / Up to 6 h 30 min (3G),Android 4.0 (Ice Cream Sandwich),Yes,VGA,,,1.0 GHz Cortex-A9,,,Stereo FM radio,"Li-Ion 1200 mAh, removable",,GSM 850 / 900 / 1800 / 1900 - SIM 1 & SIM 2,"3.5 inches, 36.5 cm2(~49.5% screen-to-body ratio)",,71 g without battery (2.50 oz),"2012, June. Released 2012, November",Yezz Andy 3G 3.5 YZ1110,,GSM / HSPA,Up to 713 h (2G) / Up to 428 h (3G),LED flash,,,,GPS,,,HSPA 14.4/5.76 Mbps
GSM 850 / 900 / 1800 / 1900 - SIM 2,TFT,123.5 x 65 x 10.5 mm (4.86 x 2.56 x 0.41 in),,https://fdn2.gsmarena.com/vv/bigpic/yezz-andy-3g40-yz1120-new.jpg,MP4/WMV/H.264 playerMP3/WAV/eAAC+ playerOrganizerPhoto/video editorDocument viewerVoice memo/dialPredictive text input,,2.1,Yes,Mediatek MT6575 (40 nm),,Dual SIM (Mini-SIM),,,Yes,Yezz,Discontinued,"Accelerometer, proximity","480 x 800 pixels, 5:3 ratio (~233 ppi density)",,"Wi-Fi 802.11 b/g, hotspot","5 MP, AF",,,,microUSB,PowerVR SGX531,512MB 512MB RAM,microSDHC (dedicated slot),Blue,HSDPA 850 / 1900 - SIM 1 only,,Up to 16 h (2G) / Up to 7 h (3G),Android 2.3 (Gingerbread),Yes,VGA,,,1.0 GHz Cortex-A9,,,Stereo FM radio,Removable Li-Ion 1650 mAh battery,,GSM 850 / 900 / 1800 / 1900 - SIM 1,"4.0 inches, 45.5 cm2(~56.7% screen-to-body ratio)",,71 g without battery (2.50 oz),"2012, June. Released 2012, August",Yezz Andy 3G 4.0 YZ1120,,GSM / HSPA,Up to 713 h (2G) / Up to 428 h (3G),LED flash,,,,"GPS, A-GPS",,,HSPA 14.4/5.76 Mbps
Flashlight,"TFT, 256K colors",103.5 x 56.7 x 13 mm (4.07 x 2.23 x 0.51 in),"SMS, MMS, Email",https://fdn2.gsmarena.com/vv/bigpic/yezz-ritmo-3-tv-new.jpg,No,QWERTY,2.0,Yes,,,Triple SIM (Mini-SIM),,No,Yes,Yezz,Discontinued,,"320 x 240 pixels, 4:3 ratio (~200 ppi density)",Yes,No,1.3 MP,,,,microUSB,,64Mb 32Mb RAM,microSDHC (dedicated slot),"Black, Blue, Silver, White",,,Up to 4 h,,Yes,,,Yes,,,,"Stereo FM radio, recording",Removable Li-Ion 700 mAh battery,Yes,GSM 850 / 900 / 1800 / 1900 - SIM1 & SIM 2  & SIM 3,"2.0 inches, 12.4 cm2(~21.1% screen-to-body ratio)",,55 g without battery (1.94 oz),"2012, Q2. Released 2011, July",Yezz Ritmo 3 TV YZ433,,GSM,Up to 144 h,,"Analog TVFacebook, MSN, Twitter, YahooVideo PlayerMusic PlayerOrganizerCalendarCalculatorStopwatch",Yes,,No,No,,
GSM 850 / 900 / 1800 / 1900 - SIM 2,"TFT, 65K colors",103.5 x 56.7 x 13 mm (4.07 x 2.23 x 0.51 in),SMS,https://fdn2.gsmarena.com/vv/bigpic/yezz-ritmo-2-new.jpg,Flashlight,QWERTY,2.0,Yes,,,Dual SIM (Mini-SIM),,No,Yes,Yezz,Discontinued,,128 x 160 pixels (~114 ppi density),Yes,No,VGA,,,,microUSB,,32MB,microSDHC (dedicated slot),"Blue, Gray, Purple, White",,,Up to 4 h,,Yes,,,Yes,,,,Stereo FM radio,Removable Li-Ion 700 mAh battery,Yes,GSM 850 / 900 / 1800 / 1900 - SIM 1,"1.8 inches, 10.2 cm2(~17.4% screen-to-body ratio)",,55 g without battery (1.94 oz),"2012, Q2. Released 2011, July",Yezz Ritmo 2 YZ420,,GSM,Up to 144 h,,No,No,,No,No,Video PlayerMusic PlayerOrganizerCalendarSound recorderCalculatorWorld clockStopwatch,
GSM 850 / 900 / 1800 / 1900 - SIM 2,TFT,107.5 x 57.7 x 14.9 mm (4.23 x 2.27 x 0.59 in),,https://fdn2.gsmarena.com/vv/bigpic/yezz-andy-3g-new.jpg,MP4/WMV/H.264 playerMP3/WAV/eAAC+ playerOrganizerPhoto/video editorDocument viewerVoice memo/dialPredictive text input,,2.0,Yes,Mediatek MT6573 (65 nm),,Dual SIM (Mini-SIM),,,Yes,Yezz,Discontinued,"Accelerometer, proximity, compass","240 x 320 pixels, 4:3 ratio (~143 ppi density)",,"Wi-Fi 802.11 b/g, hotspot",3.2 MP,,,,microUSB,PowerVR SGX531,512MB 256MB RAM,microSDHC (dedicated slot),"Black, White, Blue, Purple, Black",HSDPA 850 / 1900 - SIM 1 only,,Up to 3 h,Android 2.3 (Gingerbread),Yes,VGA,,,650 MHz Cortex-A9,,,Stereo FM radio,Removable Li-Ion 1000 mAh battery,,GSM 850 / 900 / 1800 / 1900 - SIM 1,"2.8 inches, 24.3 cm2(~39.1% screen-to-body ratio)",,71 g without battery (2.50 oz),"2012, March. Released 2012, May",Yezz Andy 3G 2.8 YZ11,,GSM / HSPA,Up to 48 h,,,,,"GPS, A-GPS",,,HSPA 14.4/5.76 Mbps
GSM 850 / 900 / 1800 / 1900 - SIM 2,"TFT, 65K colors",105 x 45 x 14.4 mm (4.13 x 1.77 x 0.57 in),"SMS, MMS, IM",https://fdn2.gsmarena.com/vv/bigpic/yezz-chico-2c-new.jpg,Flashlight,,2.1,No,,,Dual SIM (Mini-SIM),,No,No,Yezz,Discontinued,,128 x 160 pixels (~114 ppi density),Yes,No,VGA,,,,Proprietary,,32Mb 32Mb RAM,microSDHC (dedicated slot),"Blue, Gray, Green, Red, White, Black",,,Up to 4 h,,Yes,,,Yes,,1.33 W/kg (head)     0.84 W/kg (body),,Stereo FM radio,Removable Li-Ion 550 mAh battery,Yes,GSM 850 / 900 / 1800 / 1900 - SIM 1,"1.8 inches, 10.2 cm2(~21.6% screen-to-body ratio)",,55 g without battery (1.94 oz),"2012, February. Released 2012, April",Yezz Classic C20,,GSM,Up to 150 h,,No,Up to 48 kbps,,No,No,Whatsapp messengerVideo playerMusic playerOrganizerPredictive Text Input,
GSM 850 / 900 / 1800 / 1900 - SIM 2,"TFT, 256K colors",105 x 45 x 14.4 mm (4.13 x 1.77 x 0.57 in),"SMS, MMS, IM",https://fdn2.gsmarena.com/vv/bigpic/yezz-chico-2-new.jpg,Flashlight,,No,No,,,Dual SIM (Mini-SIM),,No,,Yezz,Discontinued,,128 x 160 pixels (~114 ppi density),Yes,No,,,,,Proprietary,,64MB 32MB,microSDHC (dedicated slot),"Blue, Gray, Purple, Red, White",,,Up to 4 h,,Yes,,,Yes,,0.62 W/kg (head)     0.53 W/kg (body),,Stereo FM radio,Removable Li-Ion 550 mAh battery,Yes,GSM 850 / 900 / 1800 / 1900 - SIM 1,"1.8 inches, 10.2 cm2(~21.6% screen-to-body ratio)",,55 g without battery (1.94 oz),"2012, February. Released 2012, April",Yezz Chico 2 YZ201,,GSM,Up to 150 h,,No,Up to 48 kbps,,No,No,"Facebook, MSN, Twitter, YahooVideo PlayerMusic PlayerOrganizerPredictive Text Input",
GSM 850 / 900 / 1800 / 1900 - SIM 2,TFT,107.5 x 57.7 x 14.9 mm (4.23 x 2.27 x 0.59 in),,https://fdn2.gsmarena.com/vv/bigpic/yezz-andy-new.jpg,No,,2.0,Yes,Mediatek MT6516,,Dual SIM (Mini-SIM),,Up to 60 kbps,Yes,Yezz,Discontinued,"Accelerometer, proximity, compass","320 x 480 pixels, 3:2 ratio (~180 ppi density)",,Wi-Fi 802.11 b/g,2 MP,,,,microUSB,,512MB 128MB RAM,microSDHC (dedicated slot),"Blue, Purple, White, Black",,,Up to 3 h,Android 2.2.1 (Froyo),Yes,,,,416 MHz ARM9,,,Stereo FM radio,Removable Li-Ion 1100 mAh battery,,GSM 850 / 900 / 1800 / 1900 - SIM 1,"3.2 inches, 30.5 cm2(~49.2% screen-to-body ratio)",,71 g without battery (2.50 oz),"2011, November. Released 2011, November",Yezz Andy YZ1100,,GSM,Up to 48 h,,MP4/WMV/H.264 playerMP3/WAV/eAAC+ playerOrganizerPhoto/video editorDocument viewerVoice memo/dialPredictive text input,Yes,,"GPS, A-GPS",,,
Flashlight,"TFT, 65K colors",102 x 59 x 13.7 mm (4.02 x 2.32 x 0.54 in),SMS,https://fdn2.gsmarena.com/vv/bigpic/yezz-f10.jpg,No,QWERTY,"2.1, A2DP",Yes,,,Triple SIM (Mini-SIM),,No,Yes,Yezz,Discontinued,,220 x 176 pixels (~128 ppi density),Yes,No,1.3 MP,,,,microUSB,,64Mb 32Mb RAM,microSDHC (dedicated slot),"Black, Blue, Red, White",,,Up to 5 h 30 min,,Yes,,,Yes,,,,Stereo FM radio,Removable Li-Ion 600 mAh battery,Yes,GSM 850 / 900 / 1800 / 1900 - SIM 1 & SIM 2 & SIM 3,"2.2 inches, 15.2 cm2(~25.3% screen-to-body ratio)",,72 g without battery (2.54 oz),"2012, November. Released 2013, April",Yezz Fashion F10,,GSM,Up to 400 h,,Whatsapp messengerAnalog TVVideo PlayerMusic PlayerOrganizer,Up to 48 kbps,,No,No,,
GSM 850 / 900 / 1800 / 1900 - SIM 2,"TFT, 256K colors",110.8 x 60 x 12.4 mm (4.36 x 2.36 x 0.49 in),"SMS, MMS, IM",https://fdn2.gsmarena.com/vv/bigpic/yezz-bono-3g-new.jpg,"Facebook, Yahoo, MSN, TwitterVideo PlayerMusic PlayerOrganizer",QWERTY,2.0,Yes,,,Dual SIM (Mini-SIM),,,Yes,Yezz,Discontinued,,220 x 176 pixels (~141 ppi density),Yes,No,1.3 MP,,,,microUSB,,128MB 64MB,microSDHC (dedicated slot),"Red, Blue, Purple, Black, White",UMTS 850 / 1900 - SIM 1 only,,Up to 4 h,,Yes,Yes,,Yes,,1.07 W/kg (head)     1.10 W/kg (body),,"Stereo FM radio, recording",Removable Li-Ion 1000 mAh battery,Yes,GSM 850 / 900 / 1800 / 1900 - SIM 1,"2.0 inches, 12.6 cm2(~18.9% screen-to-body ratio)",,68 g without battery (2.40 oz),"2011, November. Released 2011, November",Yezz Bono 3G YZ700,,GSM / UMTS,Up to 180 h,,,,,No,No,,"Yes, 384 kbps"
GSM 850 / 900 / 1800 / 1900 - SIM 2,"TFT, 256K colors",103.5 x 59.4 x 12.9 mm (4.07 x 2.34 x 0.51 in),"SMS, MMS, IM",https://fdn2.gsmarena.com/vv/bigpic/yezz-moda-new.jpg,No,QWERTY,2.0,No,,,Dual SIM (Mini-SIM),,No,Yes,Yezz,Discontinued,,"320 x 240 pixels, 4:3 ratio (~182 ppi density)",Yes,No,2 MP,,,,miniUSB,,128MB 64MB,microSDHC (dedicated slot),"Black, White",,,Up to 3 h,,Yes,,,Yes,,1.25 W/kg (head)     1.14 W/kg (body),,"Stereo FM radio, recording",Removable Li-Ion 1000 mAh battery,Yes,GSM 850 / 900 / 1800 / 1900 - SIM 1,"2.2 inches, 15.0 cm2(~24.4% screen-to-body ratio)",,63 g without battery (2.22 oz),"2011, November. Released 2011, November",Yezz Moda YZ600,,GSM,Up to 180 h,,"Facebook, MSN, TwitterVideo PlayerMusic PlayerOrganizer",Up to 48 kbps,,No,Yes,,
GSM 850 / 900 / 1800 / 1900 - SIM 2,"TFT, 65K colors",106.7 x 45.1 x 13.5 mm (4.20 x 1.78 x 0.53 in),"SMS, MMS, IM",https://fdn2.gsmarena.com/vv/bigpic/yezz-ritmo-new.jpg,No,,2.0,Yes,,,Dual SIM (Mini-SIM),,No,Yes,Yezz,Discontinued,,"120 x 160 pixels, 4:3 ratio (~111 ppi density)",Yes,No,1.3 MP,,,,microUSB,,64MB 32MB,microSDHC (dedicated slot),"Blue, Gray, Pink, Red, Violet",,,Up to 3 h,,Yes,,,Yes,,1.02 W/kg (head)     0.58 W/kg (body),,"Stereo FM radio, recording",Removable Li-Ion 800 mAh battery,Yes,GSM 850 / 900 / 1800 / 1900 - SIM 1,"1.8 inches, 10.0 cm2(~20.9% screen-to-body ratio)",,55 g without battery (1.94 oz),"2011, November. Released 2011, November",Yezz Ritmo YZ400,,GSM,Up to 144 h,,"Facebook, MSN, Twitter, YahooVideo PlayerMusic PlayerOrganizerPredictive text input",Up to 48 kbps,,No,No,,
GSM 850 / 900 / 1800 / 1900 - SIM 2,"TFT, 65K colors",113.8 x 51.1 x 13.8 mm (4.48 x 2.01 x 0.54 in),"SMS, MMS",https://fdn2.gsmarena.com/vv/bigpic/yezz-zenior-new.jpg,FlashlightSOS button,,No,Yes,,,Dual SIM (Mini-SIM),,No,Yes,Yezz,Discontinued,,128 x 160 pixels (~114 ppi density),Yes,No,Yes,,,,microUSB,,64MB,microSDHC (dedicated slot),"Black, Gold, Gray, Red",,,Up to 3 h,,Yes,,,No,,,,Stereo FM radio,Removable Li-Ion 1000 mAh battery,Yes,GSM 850 / 900 / 1800 / 1900 - SIM 1,"1.8 inches, 10.2 cm2(~17.5% screen-to-body ratio)",,70 g without battery (2.47 oz),"2011, November. Released 2011, November",Yezz Zenior YZ888,,GSM,Up to 144 h,,No,Up to 48 kbps,,No,No,Video PlayerMusic PlayerOrganizerPredictive text input,
GSM 850 / 900 / 1800 / 1900 - SIM 2,"TFT, 256K colors",102.5 x 42 x 13.8 mm (4.04 x 1.65 x 0.54 in),"SMS, MMS, IM",https://fdn2.gsmarena.com/vv/bigpic/yezz-clasico-new.jpg,Flashlight,,2.0,No,,,Dual SIM (Mini-SIM),,No,Yes,Yezz,Discontinued,,"120 x 160 pixels, 4:3 ratio (~111 ppi density)",Yes,No,1.3 MP,,,,miniUSB,,64MB,microSDHC (dedicated slot),"Red, Blue, Gray, Silver",,,Up to 3 h,,Yes,,,Yes,,0.62 W/kg (head)     0.53 W/kg (body),,"Stereo FM radio, recording",Removable Li-Ion 800 mAh battery,Yes,GSM 850 / 900 / 1800 / 1900 - SIM 1,"1.8 inches, 10.0 cm2(~23.3% screen-to-body ratio)",,50 g without battery (1.76 oz),"2011, November. Released 2011, November",Yezz Clasico YZ300,,GSM,Up to 144 h,,No,Up to 48 kbps,,No,No,"Facebook, MSN, Twitter, YahooVideo PlayerMusic PlayerOrganizerPredictive text input",
Flashlight,"TFT, 4096 colors",105 x 48 x 11.4 mm (4.13 x 1.89 x 0.45 in),SMS,https://fdn2.gsmarena.com/vv/bigpic/yezz-chico.jpg,No,,No,No,,,Mini-SIM,,No,,Yezz,Discontinued,,"120 x 160 pixels, 4:3 ratio (~143 ppi density)",Yes,No,,,,,miniUSB,,16MB,No,"Gray, Blue, Pink, Red",,,Up to 2 h,,Yes,,,Yes,,,,Stereo FM radio,Removable Li-Ion 350 mAh battery,Yes,GSM 850 / 1900,"1.4 inches, 6.1 cm2(~12.0% screen-to-body ratio)",,50 g without battery (1.76 oz),"2011, November. Released 2011, November",Yezz Chico YZ200,,GSM,Up to 144 h,,,No,,No,No,,
